ISO-10303-21;
HEADER;
FILE_DESCRIPTION(('STEP AP214'),'1');
FILE_NAME('DIP40_EA OLEDM128-6LWA_ELC','2026-04-09T11:07:16',(''),(''),'','','');
FILE_SCHEMA(('AUTOMOTIVE_DESIGN'));
ENDSEC;
DATA;
#1=SHAPE_DEFINITION_REPRESENTATION(#2,#3);
#2=PRODUCT_DEFINITION_SHAPE('',$,#4);
#3=SHAPE_REPRESENTATION('',(#188,#244,#933,#1644,#2355,#3066,#3777,#4488,#5199,#5910,#6621,#7332,#8043,#8754,#9465,#10176,#10887,#11598,#12309,#13020,#13731,#14442,#15153,#15864,#16575,#17286,#17997,#18708,#19),#11);
#4=PRODUCT_DEFINITION('design','example product_definition',#6,#5);
#5=PRODUCT_DEFINITION_CONTEXT('3D Mechanical Parts',#10,'design');
#6=PRODUCT_DEFINITION_FORMATION('1.0','first version',#8);
#7=APPLICATION_PROTOCOL_DEFINITION('international standard','automotive_design',2003,#10);
#8=PRODUCT('product','part','',(#9));
#9=PRODUCT_CONTEXT('3D Mechanical Parts',#10,'mechanical');
#10=APPLICATION_CONTEXT('Core Data for Automotive Mechanical Design Process');
#11=(GEOMETRIC_REPRESENTATION_CONTEXT(3) GLOBAL_UNCERTAINTY_ASSIGNED_CONTEXT((#12)) GLOBAL_UNIT_ASSIGNED_CONTEXT((#13,#14,#18)) REPRESENTATION_CONTEXT('ID1','3D'));
#12=UNCERTAINTY_MEASURE_WITH_UNIT(LENGTH_MEASURE(1.E-005),#13,'DISTANCE_ACCURACY_VALUE','Maximum model space distance between geometric entities at asserted connectivities');
#13=(LENGTH_UNIT() NAMED_UNIT(*) SI_UNIT(.MILLI.,.METRE.));
#14=(CONVERSION_BASED_UNIT('degree',#16) NAMED_UNIT(#15) PLANE_ANGLE_UNIT());
#15=DIMENSIONAL_EXPONENTS(0.,0.,0.,0.,0.,0.,0.);
#16=MEASURE_WITH_UNIT(PLANE_ANGLE_MEASURE(0.01745329252),#17);
#17=(NAMED_UNIT(*) PLANE_ANGLE_UNIT() SI_UNIT($,.RADIAN.));
#18=(NAMED_UNIT(*) SI_UNIT($,.STERADIAN.) SOLID_ANGLE_UNIT());
#19=AXIS2_PLACEMENT_3D('',#20,#21,#22);
#20=CARTESIAN_POINT('',(0.0,0.0,0.0));
#21=DIRECTION('',(0.0,0.0,1.0));
#22=DIRECTION('',(1.0,0.0,0.0));
#25=MECHANICAL_DESIGN_GEOMETRIC_PRESENTATION_REPRESENTATION($,(#240,#241,#242,#246,#295,#344,#393,#442,#491,#540,#589,#638,#687,#736,#785,#834,#883,#935,#984,#1033,#1122,#1171,#1260,#1309,#1358,#1427,#1496,#1545,#1594,#1646,#1695,#1744,#1833,#1882,#1971,#2020,#2069,#2138,#2207,#2256,#2305,#2357,#2406,#2455,#2544,#2593,#2682,#2731,#2780,#2849,#2918,#2967,#3016,#3068,#3117,#3166,#3255,#3304,#3393,#3442,#3491,#3560,#3629,#3678,#3727,#3779,#3828,#3877,#3966,#4015,#4104,#4153,#4202,#4271,#4340,#4389,#4438,#4490,#4539,#4588,#4677,#4726,#4815,#4864,#4913,#4982,#5051,#5100,#5149,#5201,#5250,#5299,#5388,#5437,#5526,#5575,#5624,#5693,#5762,#5811,#5860,#5912,#5961,#6010,#6099,#6148,#6237,#6286,#6335,#6404,#6473,#6522,#6571,#6623,#6672,#6721,#6810,#6859,#6948,#6997,#7046,#7115,#7184,#7233,#7282,#7334,#7383,#7432,#7521,#7570,#7659,#7708,#7757,#7826,#7895,#7944,#7993,#8045,#8094,#8143,#8232,#8281,#8370,#8419,#8468,#8537,#8606,#8655,#8704,#8756,#8805,#8854,#8943,#8992,#9081,#9130,#9179,#9248,#9317,#9366,#9415,#9467,#9516,#9565,#9654,#9703,#9792,#9841,#9890,#9959,#10028,#10077,#10126,#10178,#10227,#10276,#10365,#10414,#10503,#10552,#10601,#10670,#10739,#10788,#10837,#10889,#10938,#10987,#11076,#11125,#11214,#11263,#11312,#11381,#11450,#11499,#11548,#11600,#11649,#11698,#11787,#11836,#11925,#11974,#12023,#12092,#12161,#12210,#12259,#12311,#12360,#12409,#12498,#12547,#12636,#12685,#12734,#12803,#12872,#12921,#12970,#13022,#13071,#13120,#13209,#13258,#13347,#13396,#13445,#13514,#13583,#13632,#13681,#13733,#13782,#13831,#13920,#13969,#14058,#14107,#14156,#14225,#14294,#14343,#14392,#14444,#14493,#14542,#14631,#14680,#14769,#14818,#14867,#14936,#15005,#15054,#15103,#15155,#15204,#15253,#15342,#15391,#15480,#15529,#15578,#15647,#15716,#15765,#15814,#15866,#15915,#15964,#16053,#16102,#16191,#16240,#16289,#16358,#16427,#16476,#16525,#16577,#16626,#16675,#16764,#16813,#16902,#16951,#17000,#17069,#17138,#17187,#17236,#17288,#17337,#17386,#17475,#17524,#17613,#17662,#17711,#17780,#17849,#17898,#17947,#17999,#18048,#18097,#18186,#18235,#18324,#18373,#18422,#18491,#18560,#18609,#18658,#18710,#18759,#18808,#18897,#18946,#19035,#19084,#19133,#19202,#19271,#19320,#19369),#11);
#26=PRODUCT_CATEGORY_RELATIONSHIP('','',#27,#28);
#27=PRODUCT_CATEGORY('part','');
#28=PRODUCT_RELATED_PRODUCT_CATEGORY('','',(#8));
#34=PRESENTATION_STYLE_ASSIGNMENT((#35,#40));
#35=SURFACE_STYLE_USAGE(.BOTH.,#36);
#36=SURFACE_SIDE_STYLE('',(#37));
#37=SURFACE_STYLE_FILL_AREA(#38);
#38=FILL_AREA_STYLE('',(#39));
#39=FILL_AREA_STYLE_COLOUR('',#41);
#40=CURVE_STYLE('',#42,POSITIVE_LENGTH_MEASURE(0.1),#41);
#41=COLOUR_RGB('Aluminum',0.725,0.725,0.725);
#42=DRAUGHTING_PRE_DEFINED_CURVE_FONT('continuous');
#43=PRESENTATION_STYLE_ASSIGNMENT((#44,#49));
#44=SURFACE_STYLE_USAGE(.BOTH.,#45);
#45=SURFACE_SIDE_STYLE('',(#46));
#46=SURFACE_STYLE_FILL_AREA(#47);
#47=FILL_AREA_STYLE('',(#48));
#48=FILL_AREA_STYLE_COLOUR('',#50);
#49=CURVE_STYLE('',#51,POSITIVE_LENGTH_MEASURE(0.1),#50);
#50=COLOUR_RGB('Black',0.196,0.196,0.196);
#51=DRAUGHTING_PRE_DEFINED_CURVE_FONT('continuous');
#52=PRESENTATION_STYLE_ASSIGNMENT((#53,#58));
#53=SURFACE_STYLE_USAGE(.BOTH.,#54);
#54=SURFACE_SIDE_STYLE('',(#55));
#55=SURFACE_STYLE_FILL_AREA(#56);
#56=FILL_AREA_STYLE('',(#57));
#57=FILL_AREA_STYLE_COLOUR('',#59);
#58=CURVE_STYLE('',#60,POSITIVE_LENGTH_MEASURE(0.1),#59);
#59=COLOUR_RGB('Pin1',0.588,0.588,0.588);
#60=DRAUGHTING_PRE_DEFINED_CURVE_FONT('continuous');
#61=PRESENTATION_STYLE_ASSIGNMENT((#62,#67));
#62=SURFACE_STYLE_USAGE(.BOTH.,#63);
#63=SURFACE_SIDE_STYLE('',(#64));
#64=SURFACE_STYLE_FILL_AREA(#65);
#65=FILL_AREA_STYLE('',(#66));
#66=FILL_AREA_STYLE_COLOUR('',#68);
#67=CURVE_STYLE('',#69,POSITIVE_LENGTH_MEASURE(0.1),#68);
#68=COLOUR_RGB('HeatTab',0.588,0.588,0.588);
#69=DRAUGHTING_PRE_DEFINED_CURVE_FONT('continuous');
#70=PRESENTATION_STYLE_ASSIGNMENT((#71,#76));
#71=SURFACE_STYLE_USAGE(.BOTH.,#72);
#72=SURFACE_SIDE_STYLE('',(#73));
#73=SURFACE_STYLE_FILL_AREA(#74);
#74=FILL_AREA_STYLE('',(#75));
#75=FILL_AREA_STYLE_COLOUR('',#77);
#76=CURVE_STYLE('',#78,POSITIVE_LENGTH_MEASURE(0.1),#77);
#77=COLOUR_RGB('Gold',0.843,0.686,0.0);
#78=DRAUGHTING_PRE_DEFINED_CURVE_FONT('continuous');
#79=PRESENTATION_STYLE_ASSIGNMENT((#80,#85));
#80=SURFACE_STYLE_USAGE(.BOTH.,#81);
#81=SURFACE_SIDE_STYLE('',(#82));
#82=SURFACE_STYLE_FILL_AREA(#83);
#83=FILL_AREA_STYLE('',(#84));
#84=FILL_AREA_STYLE_COLOUR('',#86);
#85=CURVE_STYLE('',#87,POSITIVE_LENGTH_MEASURE(0.1),#86);
#86=COLOUR_RGB('Brown',0.459,0.345,0.176);
#87=DRAUGHTING_PRE_DEFINED_CURVE_FONT('continuous');
#88=PRESENTATION_STYLE_ASSIGNMENT((#89,#94));
#89=SURFACE_STYLE_USAGE(.BOTH.,#90);
#90=SURFACE_SIDE_STYLE('',(#91));
#91=SURFACE_STYLE_FILL_AREA(#92);
#92=FILL_AREA_STYLE('',(#93));
#93=FILL_AREA_STYLE_COLOUR('',#95);
#94=CURVE_STYLE('',#96,POSITIVE_LENGTH_MEASURE(0.1),#95);
#95=COLOUR_RGB('Tan',0.784,0.686,0.51);
#96=DRAUGHTING_PRE_DEFINED_CURVE_FONT('continuous');
#97=PRESENTATION_STYLE_ASSIGNMENT((#98,#103));
#98=SURFACE_STYLE_USAGE(.BOTH.,#99);
#99=SURFACE_SIDE_STYLE('',(#100));
#100=SURFACE_STYLE_FILL_AREA(#101);
#101=FILL_AREA_STYLE('',(#102));
#102=FILL_AREA_STYLE_COLOUR('',#104);
#103=CURVE_STYLE('',#105,POSITIVE_LENGTH_MEASURE(0.1),#104);
#104=COLOUR_RGB('Gray',0.431,0.431,0.431);
#105=DRAUGHTING_PRE_DEFINED_CURVE_FONT('continuous');
#106=PRESENTATION_STYLE_ASSIGNMENT((#107,#112));
#107=SURFACE_STYLE_USAGE(.BOTH.,#108);
#108=SURFACE_SIDE_STYLE('',(#109));
#109=SURFACE_STYLE_FILL_AREA(#110);
#110=FILL_AREA_STYLE('',(#111));
#111=FILL_AREA_STYLE_COLOUR('',#113);
#112=CURVE_STYLE('',#114,POSITIVE_LENGTH_MEASURE(0.1),#113);
#113=COLOUR_RGB('Red',0.6,0.0,0.0);
#114=DRAUGHTING_PRE_DEFINED_CURVE_FONT('continuous');
#115=PRESENTATION_STYLE_ASSIGNMENT((#116,#121));
#116=SURFACE_STYLE_USAGE(.BOTH.,#117);
#117=SURFACE_SIDE_STYLE('',(#118));
#118=SURFACE_STYLE_FILL_AREA(#119);
#119=FILL_AREA_STYLE('',(#120));
#120=FILL_AREA_STYLE_COLOUR('',#122);
#121=CURVE_STYLE('',#123,POSITIVE_LENGTH_MEASURE(0.1),#122);
#122=COLOUR_RGB('Blue',0.157,0.157,0.588);
#123=DRAUGHTING_PRE_DEFINED_CURVE_FONT('continuous');
#124=PRESENTATION_STYLE_ASSIGNMENT((#125,#130));
#125=SURFACE_STYLE_USAGE(.BOTH.,#126);
#126=SURFACE_SIDE_STYLE('',(#127));
#127=SURFACE_STYLE_FILL_AREA(#128);
#128=FILL_AREA_STYLE('',(#129));
#129=FILL_AREA_STYLE_COLOUR('',#131);
#130=CURVE_STYLE('',#132,POSITIVE_LENGTH_MEASURE(0.1),#131);
#131=COLOUR_RGB('Maroon',0.294,0.0,0.0);
#132=DRAUGHTING_PRE_DEFINED_CURVE_FONT('continuous');
#133=PRESENTATION_STYLE_ASSIGNMENT((#134,#139));
#134=SURFACE_STYLE_USAGE(.BOTH.,#135);
#135=SURFACE_SIDE_STYLE('',(#136));
#136=SURFACE_STYLE_FILL_AREA(#137);
#137=FILL_AREA_STYLE('',(#138));
#138=FILL_AREA_STYLE_COLOUR('',#140);
#139=CURVE_STYLE('',#141,POSITIVE_LENGTH_MEASURE(0.1),#140);
#140=COLOUR_RGB('Green',0.0,0.294,0.0);
#141=DRAUGHTING_PRE_DEFINED_CURVE_FONT('continuous');
#142=PRESENTATION_STYLE_ASSIGNMENT((#143,#148));
#143=SURFACE_STYLE_USAGE(.BOTH.,#144);
#144=SURFACE_SIDE_STYLE('',(#145));
#145=SURFACE_STYLE_FILL_AREA(#146);
#146=FILL_AREA_STYLE('',(#147));
#147=FILL_AREA_STYLE_COLOUR('',#149);
#148=CURVE_STYLE('',#150,POSITIVE_LENGTH_MEASURE(0.1),#149);
#149=COLOUR_RGB('Pin1Wrap',0.98,0.706,0.176);
#150=DRAUGHTING_PRE_DEFINED_CURVE_FONT('continuous');
#151=PRESENTATION_STYLE_ASSIGNMENT((#152,#157));
#152=SURFACE_STYLE_USAGE(.BOTH.,#153);
#153=SURFACE_SIDE_STYLE('',(#154));
#154=SURFACE_STYLE_FILL_AREA(#155);
#155=FILL_AREA_STYLE('',(#156));
#156=FILL_AREA_STYLE_COLOUR('',#158);
#157=CURVE_STYLE('',#159,POSITIVE_LENGTH_MEASURE(0.1),#158);
#158=COLOUR_RGB('Pin1Rad',0.588,0.588,0.588);
#159=DRAUGHTING_PRE_DEFINED_CURVE_FONT('continuous');
#160=PRESENTATION_STYLE_ASSIGNMENT((#161,#166));
#161=SURFACE_STYLE_USAGE(.BOTH.,#162);
#162=SURFACE_SIDE_STYLE('',(#163));
#163=SURFACE_STYLE_FILL_AREA(#164);
#164=FILL_AREA_STYLE('',(#165));
#165=FILL_AREA_STYLE_COLOUR('',#167);
#166=CURVE_STYLE('',#168,POSITIVE_LENGTH_MEASURE(0.1),#167);
#167=COLOUR_RGB('Pin1Axial',0.98,0.706,0.176);
#168=DRAUGHTING_PRE_DEFINED_CURVE_FONT('continuous');
#169=PRESENTATION_STYLE_ASSIGNMENT((#170,#175));
#170=SURFACE_STYLE_USAGE(.BOTH.,#171);
#171=SURFACE_SIDE_STYLE('',(#172));
#172=SURFACE_STYLE_FILL_AREA(#173);
#173=FILL_AREA_STYLE('',(#174));
#174=FILL_AREA_STYLE_COLOUR('',#176);
#175=CURVE_STYLE('',#177,POSITIVE_LENGTH_MEASURE(0.1),#176);
#176=COLOUR_RGB('Pin1Tant',0.459,0.345,0.176);
#177=DRAUGHTING_PRE_DEFINED_CURVE_FONT('continuous');
#178=PRESENTATION_STYLE_ASSIGNMENT((#179,#184));
#179=SURFACE_STYLE_USAGE(.BOTH.,#180);
#180=SURFACE_SIDE_STYLE('',(#181));
#181=SURFACE_STYLE_FILL_AREA(#182);
#182=FILL_AREA_STYLE('',(#183));
#183=FILL_AREA_STYLE_COLOUR('',#185);
#184=CURVE_STYLE('',#186,POSITIVE_LENGTH_MEASURE(0.1),#185);
#185=COLOUR_RGB('Shroud',0.235,0.235,0.235);
#186=DRAUGHTING_PRE_DEFINED_CURVE_FONT('continuous');
#188=MANIFOLD_SOLID_BREP($,#189);
#189=CLOSED_SHELL('',(#190,#191,#192));
#190=ADVANCED_FACE($,(#196,#195),#213,.T.);
#191=ADVANCED_FACE($,(#197),#193,.F.);
#192=ADVANCED_FACE($,(#198),#194,.T.);
#193=PLANE($,#218);
#194=PLANE($,#219);
#195=FACE_BOUND($,#200,.T.);
#196=FACE_OUTER_BOUND($,#199,.T.);
#197=FACE_OUTER_BOUND($,#201,.T.);
#198=FACE_OUTER_BOUND($,#202,.T.);
#199=EDGE_LOOP($,(#209));
#200=EDGE_LOOP($,(#210));
#201=EDGE_LOOP($,(#211));
#202=EDGE_LOOP($,(#212));
#203=CIRCLE($,#216,1.07188);
#204=CIRCLE($,#217,1.07188);
#205=VERTEX_POINT('',#234);
#206=VERTEX_POINT('',#236);
#207=EDGE_CURVE($,#205,#205,#203,.T.);
#208=EDGE_CURVE($,#206,#206,#204,.T.);
#209=ORIENTED_EDGE($,*,*,#207,.F.);
#210=ORIENTED_EDGE($,*,*,#208,.F.);
#211=ORIENTED_EDGE($,*,*,#208,.T.);
#212=ORIENTED_EDGE($,*,*,#207,.T.);
#213=CYLINDRICAL_SURFACE($,#215,1.07188);
#214=AXIS2_PLACEMENT_3D('placement',#232,#220,#221);
#215=AXIS2_PLACEMENT_3D($,#233,#222,#223);
#216=AXIS2_PLACEMENT_3D($,#235,#224,#225);
#217=AXIS2_PLACEMENT_3D($,#237,#226,#227);
#218=AXIS2_PLACEMENT_3D($,#238,#228,#229);
#219=AXIS2_PLACEMENT_3D($,#239,#230,#231);
#220=DIRECTION('axis',(0.,1.,0.));
#221=DIRECTION('refdir',(1.,0.,0.));
#222=DIRECTION('',(0.,0.,1.));
#223=DIRECTION('',(1.,0.,0.));
#224=DIRECTION('',(0.,0.,1.));
#225=DIRECTION('',(1.,0.,0.));
#226=DIRECTION('',(0.,0.,-1.));
#227=DIRECTION('',(1.,0.,0.));
#228=DIRECTION('',(0.,0.,1.));
#229=DIRECTION('',(0.,1.,0.));
#230=DIRECTION('',(0.,0.,1.));
#231=DIRECTION('',(0.,1.,0.));
#232=CARTESIAN_POINT('',(0.,0.,0.));
#233=CARTESIAN_POINT('',(5.104,0.0,2.921));
#234=CARTESIAN_POINT('',(4.032,0.0,2.924));
#235=CARTESIAN_POINT('',(5.104,0.0,2.924));
#236=CARTESIAN_POINT('',(4.032,0.0,2.921));
#237=CARTESIAN_POINT('',(5.104,0.0,2.921));
#238=CARTESIAN_POINT('',(5.104,0.0,2.921));
#239=CARTESIAN_POINT('',(5.104,0.0,2.924));
#240=STYLED_ITEM('color',(#52),#190);
#241=STYLED_ITEM('color',(#52),#191);
#242=STYLED_ITEM('color',(#52),#192);
#244=MANIFOLD_SOLID_BREP($,#245);
#245=CLOSED_SHELL('',(#247,#296,#345,#394,#443,#492,#541,#590,#639,#688,#737,#786,#835,#884));
#246=STYLED_ITEM('',(#43),#247);
#247=ADVANCED_FACE('',(#253),#248,.T.);
#248=PLANE('',#249);
#249=AXIS2_PLACEMENT_3D('',#250,#251,#252);
#250=CARTESIAN_POINT('',(0.686,-51.549,2.921));
#251=DIRECTION('',(0.0,0.0,1.0));
#252=DIRECTION('',(0.,1.,0.));
#253=FACE_OUTER_BOUND('',#254,.T.);
#254=EDGE_LOOP('',(#255,#265,#275,#285));
#258=CARTESIAN_POINT('',(42.748,-51.549,2.921));
#257=VERTEX_POINT('',#258);
#260=CARTESIAN_POINT('',(0.686,-51.549,2.921));
#259=VERTEX_POINT('',#260);
#256=EDGE_CURVE('',#257,#259,#261,.T.);
#261=LINE('',#258,#263);
#263=VECTOR('',#264,42.0624);
#264=DIRECTION('',(-1.0,0.0,0.0));
#255=ORIENTED_EDGE('',*,*,#256,.F.);
#268=CARTESIAN_POINT('',(42.748,3.289,2.921));
#267=VERTEX_POINT('',#268);
#266=EDGE_CURVE('',#267,#257,#271,.T.);
#271=LINE('',#268,#273);
#273=VECTOR('',#274,54.8386);
#274=DIRECTION('',(0.0,-1.0,0.0));
#265=ORIENTED_EDGE('',*,*,#266,.F.);
#278=CARTESIAN_POINT('',(0.686,3.289,2.921));
#277=VERTEX_POINT('',#278);
#276=EDGE_CURVE('',#277,#267,#281,.T.);
#281=LINE('',#278,#283);
#283=VECTOR('',#284,42.0624);
#284=DIRECTION('',(1.0,0.0,0.0));
#275=ORIENTED_EDGE('',*,*,#276,.F.);
#286=EDGE_CURVE('',#259,#277,#291,.T.);
#291=LINE('',#260,#293);
#293=VECTOR('',#294,54.8386);
#294=DIRECTION('',(0.0,1.0,0.0));
#285=ORIENTED_EDGE('',*,*,#286,.F.);
#295=STYLED_ITEM('',(#43),#296);
#296=ADVANCED_FACE('',(#302),#297,.T.);
#297=PLANE('',#298);
#298=AXIS2_PLACEMENT_3D('',#299,#300,#301);
#299=CARTESIAN_POINT('',(0.279,-51.625,1.857));
#300=DIRECTION('',(0.0,-0.997,0.071));
#301=DIRECTION('',(0.,0.,1.));
#302=FACE_OUTER_BOUND('',#303,.T.);
#303=EDGE_LOOP('',(#304,#314,#324,#334));
#307=CARTESIAN_POINT('',(43.155,-51.625,1.857));
#306=VERTEX_POINT('',#307);
#309=CARTESIAN_POINT('',(0.279,-51.625,1.857));
#308=VERTEX_POINT('',#309);
#305=EDGE_CURVE('',#306,#308,#310,.T.);
#310=LINE('',#307,#312);
#312=VECTOR('',#313,42.8752);
#313=DIRECTION('',(-1.0,0.0,0.0));
#304=ORIENTED_EDGE('',*,*,#305,.F.);
#315=EDGE_CURVE('',#257,#306,#320,.T.);
#320=LINE('',#258,#322);
#322=VECTOR('',#323,1.14176037223228);
#323=DIRECTION('',(0.356,-0.067,-0.932));
#314=ORIENTED_EDGE('',*,*,#315,.F.);
#324=ORIENTED_EDGE('',*,*,#256,.T.);
#335=EDGE_CURVE('',#308,#259,#340,.T.);
#340=LINE('',#309,#342);
#342=VECTOR('',#343,1.14176037223228);
#343=DIRECTION('',(0.356,0.067,0.932));
#334=ORIENTED_EDGE('',*,*,#335,.F.);
#344=STYLED_ITEM('',(#43),#345);
#345=ADVANCED_FACE('',(#351),#346,.T.);
#346=PLANE('',#347);
#347=AXIS2_PLACEMENT_3D('',#348,#349,#350);
#348=CARTESIAN_POINT('',(43.155,-51.625,1.857));
#349=DIRECTION('',(0.934,0.0,0.357));
#350=DIRECTION('',(0.,0.,1.));
#351=FACE_OUTER_BOUND('',#352,.T.);
#352=EDGE_LOOP('',(#353,#363,#373,#383));
#356=CARTESIAN_POINT('',(43.155,3.366,1.857));
#355=VERTEX_POINT('',#356);
#354=EDGE_CURVE('',#355,#306,#359,.T.);
#359=LINE('',#356,#361);
#361=VECTOR('',#362,54.991);
#362=DIRECTION('',(0.0,-1.0,0.0));
#353=ORIENTED_EDGE('',*,*,#354,.F.);
#364=EDGE_CURVE('',#267,#355,#369,.T.);
#369=LINE('',#268,#371);
#371=VECTOR('',#372,1.14176037223228);
#372=DIRECTION('',(0.356,0.067,-0.932));
#363=ORIENTED_EDGE('',*,*,#364,.F.);
#373=ORIENTED_EDGE('',*,*,#266,.T.);
#383=ORIENTED_EDGE('',*,*,#315,.T.);
#393=STYLED_ITEM('',(#43),#394);
#394=ADVANCED_FACE('',(#400),#395,.T.);
#395=PLANE('',#396);
#396=AXIS2_PLACEMENT_3D('',#397,#398,#399);
#397=CARTESIAN_POINT('',(43.155,3.366,1.857));
#398=DIRECTION('',(0.0,0.997,0.071));
#399=DIRECTION('',(0.,0.,1.));
#400=FACE_OUTER_BOUND('',#401,.T.);
#401=EDGE_LOOP('',(#402,#412,#422,#432));
#405=CARTESIAN_POINT('',(0.279,3.366,1.857));
#404=VERTEX_POINT('',#405);
#403=EDGE_CURVE('',#404,#355,#408,.T.);
#408=LINE('',#405,#410);
#410=VECTOR('',#411,42.8752);
#411=DIRECTION('',(1.0,0.0,0.0));
#402=ORIENTED_EDGE('',*,*,#403,.F.);
#413=EDGE_CURVE('',#277,#404,#418,.T.);
#418=LINE('',#278,#420);
#420=VECTOR('',#421,1.14176037223228);
#421=DIRECTION('',(-0.356,0.067,-0.932));
#412=ORIENTED_EDGE('',*,*,#413,.F.);
#422=ORIENTED_EDGE('',*,*,#276,.T.);
#432=ORIENTED_EDGE('',*,*,#364,.T.);
#442=STYLED_ITEM('',(#43),#443);
#443=ADVANCED_FACE('',(#449),#444,.T.);
#444=PLANE('',#445);
#445=AXIS2_PLACEMENT_3D('',#446,#447,#448);
#446=CARTESIAN_POINT('',(0.279,3.366,1.857));
#447=DIRECTION('',(-0.934,0.0,0.357));
#448=DIRECTION('',(0.,0.,1.));
#449=FACE_OUTER_BOUND('',#450,.T.);
#450=EDGE_LOOP('',(#451,#461,#471,#481));
#452=EDGE_CURVE('',#308,#404,#457,.T.);
#457=LINE('',#309,#459);
#459=VECTOR('',#460,54.991);
#460=DIRECTION('',(0.0,1.0,0.0));
#451=ORIENTED_EDGE('',*,*,#452,.F.);
#461=ORIENTED_EDGE('',*,*,#335,.T.);
#471=ORIENTED_EDGE('',*,*,#286,.T.);
#481=ORIENTED_EDGE('',*,*,#413,.T.);
#491=STYLED_ITEM('',(#43),#492);
#492=ADVANCED_FACE('',(#498),#493,.T.);
#493=PLANE('',#494);
#494=AXIS2_PLACEMENT_3D('',#495,#496,#497);
#495=CARTESIAN_POINT('',(0.279,-51.625,1.191));
#496=DIRECTION('',(0.0,-1.0,0.0));
#497=DIRECTION('',(0.,0.,1.));
#498=FACE_OUTER_BOUND('',#499,.T.);
#499=EDGE_LOOP('',(#500,#510,#520,#530));
#503=CARTESIAN_POINT('',(43.155,-51.625,1.191));
#502=VERTEX_POINT('',#503);
#505=CARTESIAN_POINT('',(0.279,-51.625,1.191));
#504=VERTEX_POINT('',#505);
#501=EDGE_CURVE('',#502,#504,#506,.T.);
#506=LINE('',#503,#508);
#508=VECTOR('',#509,42.8752);
#509=DIRECTION('',(-1.0,0.0,0.0));
#500=ORIENTED_EDGE('',*,*,#501,.F.);
#511=EDGE_CURVE('',#306,#502,#516,.T.);
#516=LINE('',#307,#518);
#518=VECTOR('',#519,0.66548);
#519=DIRECTION('',(0.0,0.0,-1.0));
#510=ORIENTED_EDGE('',*,*,#511,.F.);
#520=ORIENTED_EDGE('',*,*,#305,.T.);
#531=EDGE_CURVE('',#504,#308,#536,.T.);
#536=LINE('',#505,#538);
#538=VECTOR('',#539,0.66548);
#539=DIRECTION('',(0.0,0.0,1.0));
#530=ORIENTED_EDGE('',*,*,#531,.F.);
#540=STYLED_ITEM('',(#43),#541);
#541=ADVANCED_FACE('',(#547),#542,.T.);
#542=PLANE('',#543);
#543=AXIS2_PLACEMENT_3D('',#544,#545,#546);
#544=CARTESIAN_POINT('',(43.155,-51.625,1.191));
#545=DIRECTION('',(1.0,0.0,0.0));
#546=DIRECTION('',(0.,0.,1.));
#547=FACE_OUTER_BOUND('',#548,.T.);
#548=EDGE_LOOP('',(#549,#559,#569,#579));
#552=CARTESIAN_POINT('',(43.155,3.366,1.191));
#551=VERTEX_POINT('',#552);
#550=EDGE_CURVE('',#551,#502,#555,.T.);
#555=LINE('',#552,#557);
#557=VECTOR('',#558,54.991);
#558=DIRECTION('',(0.0,-1.0,0.0));
#549=ORIENTED_EDGE('',*,*,#550,.F.);
#560=EDGE_CURVE('',#355,#551,#565,.T.);
#565=LINE('',#356,#567);
#567=VECTOR('',#568,0.66548);
#568=DIRECTION('',(0.0,0.0,-1.0));
#559=ORIENTED_EDGE('',*,*,#560,.F.);
#569=ORIENTED_EDGE('',*,*,#354,.T.);
#579=ORIENTED_EDGE('',*,*,#511,.T.);
#589=STYLED_ITEM('',(#43),#590);
#590=ADVANCED_FACE('',(#596),#591,.T.);
#591=PLANE('',#592);
#592=AXIS2_PLACEMENT_3D('',#593,#594,#595);
#593=CARTESIAN_POINT('',(43.155,3.366,1.191));
#594=DIRECTION('',(0.0,1.0,0.0));
#595=DIRECTION('',(0.,0.,1.));
#596=FACE_OUTER_BOUND('',#597,.T.);
#597=EDGE_LOOP('',(#598,#608,#618,#628));
#601=CARTESIAN_POINT('',(0.279,3.366,1.191));
#600=VERTEX_POINT('',#601);
#599=EDGE_CURVE('',#600,#551,#604,.T.);
#604=LINE('',#601,#606);
#606=VECTOR('',#607,42.8752);
#607=DIRECTION('',(1.0,0.0,0.0));
#598=ORIENTED_EDGE('',*,*,#599,.F.);
#609=EDGE_CURVE('',#404,#600,#614,.T.);
#614=LINE('',#405,#616);
#616=VECTOR('',#617,0.66548);
#617=DIRECTION('',(0.0,0.0,-1.0));
#608=ORIENTED_EDGE('',*,*,#609,.F.);
#618=ORIENTED_EDGE('',*,*,#403,.T.);
#628=ORIENTED_EDGE('',*,*,#560,.T.);
#638=STYLED_ITEM('',(#43),#639);
#639=ADVANCED_FACE('',(#645),#640,.T.);
#640=PLANE('',#641);
#641=AXIS2_PLACEMENT_3D('',#642,#643,#644);
#642=CARTESIAN_POINT('',(0.279,3.366,1.191));
#643=DIRECTION('',(-1.0,0.0,0.0));
#644=DIRECTION('',(0.,0.,1.));
#645=FACE_OUTER_BOUND('',#646,.T.);
#646=EDGE_LOOP('',(#647,#657,#667,#677));
#648=EDGE_CURVE('',#504,#600,#653,.T.);
#653=LINE('',#505,#655);
#655=VECTOR('',#656,54.991);
#656=DIRECTION('',(0.0,1.0,0.0));
#647=ORIENTED_EDGE('',*,*,#648,.F.);
#657=ORIENTED_EDGE('',*,*,#531,.T.);
#667=ORIENTED_EDGE('',*,*,#452,.T.);
#677=ORIENTED_EDGE('',*,*,#609,.T.);
#687=STYLED_ITEM('',(#43),#688);
#688=ADVANCED_FACE('',(#694),#689,.T.);
#689=PLANE('',#690);
#690=AXIS2_PLACEMENT_3D('',#691,#692,#693);
#691=CARTESIAN_POINT('',(0.483,-51.524,0.127));
#692=DIRECTION('',(0.0,-0.995,-0.095));
#693=DIRECTION('',(0.,0.,1.));
#694=FACE_OUTER_BOUND('',#695,.T.);
#695=EDGE_LOOP('',(#696,#706,#716,#726));
#699=CARTESIAN_POINT('',(42.951,-51.524,0.127));
#698=VERTEX_POINT('',#699);
#701=CARTESIAN_POINT('',(0.483,-51.524,0.127));
#700=VERTEX_POINT('',#701);
#697=EDGE_CURVE('',#698,#700,#702,.T.);
#702=LINE('',#699,#704);
#704=VECTOR('',#705,42.4688);
#705=DIRECTION('',(-1.0,0.0,0.0));
#696=ORIENTED_EDGE('',*,*,#697,.F.);
#707=EDGE_CURVE('',#502,#698,#712,.T.);
#712=LINE('',#503,#714);
#714=VECTOR('',#715,1.08823809324982);
#715=DIRECTION('',(-0.187,0.093,-0.978));
#706=ORIENTED_EDGE('',*,*,#707,.F.);
#716=ORIENTED_EDGE('',*,*,#501,.T.);
#727=EDGE_CURVE('',#700,#504,#732,.T.);
#732=LINE('',#701,#734);
#734=VECTOR('',#735,1.08823809324982);
#735=DIRECTION('',(-0.187,-0.093,0.978));
#726=ORIENTED_EDGE('',*,*,#727,.F.);
#736=STYLED_ITEM('',(#43),#737);
#737=ADVANCED_FACE('',(#743),#738,.T.);
#738=PLANE('',#739);
#739=AXIS2_PLACEMENT_3D('',#740,#741,#742);
#740=CARTESIAN_POINT('',(42.951,-51.524,0.127));
#741=DIRECTION('',(0.982,0.0,-0.188));
#742=DIRECTION('',(0.,0.,1.));
#743=FACE_OUTER_BOUND('',#744,.T.);
#744=EDGE_LOOP('',(#745,#755,#765,#775));
#748=CARTESIAN_POINT('',(42.951,3.264,0.127));
#747=VERTEX_POINT('',#748);
#746=EDGE_CURVE('',#747,#698,#751,.T.);
#751=LINE('',#748,#753);
#753=VECTOR('',#754,54.7878);
#754=DIRECTION('',(0.0,-1.0,0.0));
#745=ORIENTED_EDGE('',*,*,#746,.F.);
#756=EDGE_CURVE('',#551,#747,#761,.T.);
#761=LINE('',#552,#763);
#763=VECTOR('',#764,1.08823809324982);
#764=DIRECTION('',(-0.187,-0.093,-0.978));
#755=ORIENTED_EDGE('',*,*,#756,.F.);
#765=ORIENTED_EDGE('',*,*,#550,.T.);
#775=ORIENTED_EDGE('',*,*,#707,.T.);
#785=STYLED_ITEM('',(#43),#786);
#786=ADVANCED_FACE('',(#792),#787,.T.);
#787=PLANE('',#788);
#788=AXIS2_PLACEMENT_3D('',#789,#790,#791);
#789=CARTESIAN_POINT('',(42.951,3.264,0.127));
#790=DIRECTION('',(0.0,0.995,-0.095));
#791=DIRECTION('',(0.,0.,1.));
#792=FACE_OUTER_BOUND('',#793,.T.);
#793=EDGE_LOOP('',(#794,#804,#814,#824));
#797=CARTESIAN_POINT('',(0.483,3.264,0.127));
#796=VERTEX_POINT('',#797);
#795=EDGE_CURVE('',#796,#747,#800,.T.);
#800=LINE('',#797,#802);
#802=VECTOR('',#803,42.4688);
#803=DIRECTION('',(1.0,0.0,0.0));
#794=ORIENTED_EDGE('',*,*,#795,.F.);
#805=EDGE_CURVE('',#600,#796,#810,.T.);
#810=LINE('',#601,#812);
#812=VECTOR('',#813,1.08823809324982);
#813=DIRECTION('',(0.187,-0.093,-0.978));
#804=ORIENTED_EDGE('',*,*,#805,.F.);
#814=ORIENTED_EDGE('',*,*,#599,.T.);
#824=ORIENTED_EDGE('',*,*,#756,.T.);
#834=STYLED_ITEM('',(#43),#835);
#835=ADVANCED_FACE('',(#841),#836,.T.);
#836=PLANE('',#837);
#837=AXIS2_PLACEMENT_3D('',#838,#839,#840);
#838=CARTESIAN_POINT('',(0.483,3.264,0.127));
#839=DIRECTION('',(-0.982,0.0,-0.188));
#840=DIRECTION('',(0.,0.,1.));
#841=FACE_OUTER_BOUND('',#842,.T.);
#842=EDGE_LOOP('',(#843,#853,#863,#873));
#844=EDGE_CURVE('',#700,#796,#849,.T.);
#849=LINE('',#701,#851);
#851=VECTOR('',#852,54.7878);
#852=DIRECTION('',(0.0,1.0,0.0));
#843=ORIENTED_EDGE('',*,*,#844,.F.);
#853=ORIENTED_EDGE('',*,*,#727,.T.);
#863=ORIENTED_EDGE('',*,*,#648,.T.);
#873=ORIENTED_EDGE('',*,*,#805,.T.);
#883=STYLED_ITEM('',(#43),#884);
#884=ADVANCED_FACE('',(#890),#885,.T.);
#885=PLANE('',#886);
#886=AXIS2_PLACEMENT_3D('',#887,#888,#889);
#887=CARTESIAN_POINT('',(0.483,3.264,0.127));
#888=DIRECTION('',(0.0,0.0,-1.0));
#889=DIRECTION('',(0.,1.,0.));
#890=FACE_OUTER_BOUND('',#891,.T.);
#891=EDGE_LOOP('',(#892,#902,#912,#922));
#892=ORIENTED_EDGE('',*,*,#795,.T.);
#902=ORIENTED_EDGE('',*,*,#746,.T.);
#912=ORIENTED_EDGE('',*,*,#697,.T.);
#922=ORIENTED_EDGE('',*,*,#844,.T.);
#933=MANIFOLD_SOLID_BREP($,#934);
#934=CLOSED_SHELL('',(#936,#985,#1034,#1123,#1172,#1261,#1310,#1359,#1428,#1497,#1546,#1595));
#935=STYLED_ITEM('',(#34),#936);
#936=ADVANCED_FACE('',(#942),#937,.T.);
#937=PLANE('',#938);
#938=AXIS2_PLACEMENT_3D('',#939,#940,#941);
#939=CARTESIAN_POINT('',(0.127,0.203,-2.54));
#940=DIRECTION('',(0.0,0.0,-1.0));
#941=DIRECTION('',(0.,1.,0.));
#942=FACE_OUTER_BOUND('',#943,.T.);
#943=EDGE_LOOP('',(#944,#954,#964,#974));
#947=CARTESIAN_POINT('',(0.127,-0.203,-2.54));
#946=VERTEX_POINT('',#947);
#949=CARTESIAN_POINT('',(0.127,0.203,-2.54));
#948=VERTEX_POINT('',#949);
#945=EDGE_CURVE('',#946,#948,#950,.T.);
#950=LINE('',#947,#952);
#952=VECTOR('',#953,0.4064);
#953=DIRECTION('',(0.0,1.0,0.0));
#944=ORIENTED_EDGE('',*,*,#945,.F.);
#957=CARTESIAN_POINT('',(-0.127,-0.203,-2.54));
#956=VERTEX_POINT('',#957);
#955=EDGE_CURVE('',#956,#946,#960,.T.);
#960=LINE('',#957,#962);
#962=VECTOR('',#963,0.254);
#963=DIRECTION('',(1.0,0.0,0.0));
#954=ORIENTED_EDGE('',*,*,#955,.F.);
#967=CARTESIAN_POINT('',(-0.127,0.203,-2.54));
#966=VERTEX_POINT('',#967);
#965=EDGE_CURVE('',#966,#956,#970,.T.);
#970=LINE('',#967,#972);
#972=VECTOR('',#973,0.4064);
#973=DIRECTION('',(0.0,-1.0,0.0));
#964=ORIENTED_EDGE('',*,*,#965,.F.);
#975=EDGE_CURVE('',#948,#966,#980,.T.);
#980=LINE('',#949,#982);
#982=VECTOR('',#983,0.254);
#983=DIRECTION('',(-1.0,0.0,0.0));
#974=ORIENTED_EDGE('',*,*,#975,.F.);
#984=STYLED_ITEM('',(#34),#985);
#985=ADVANCED_FACE('',(#991),#986,.T.);
#986=PLANE('',#987);
#987=AXIS2_PLACEMENT_3D('',#988,#989,#990);
#988=CARTESIAN_POINT('',(0.127,0.203,-2.54));
#989=DIRECTION('',(0.0,1.0,0.0));
#990=DIRECTION('',(0.,0.,1.));
#991=FACE_OUTER_BOUND('',#992,.T.);
#992=EDGE_LOOP('',(#993,#1003,#1013,#1023));
#993=ORIENTED_EDGE('',*,*,#975,.T.);
#1006=CARTESIAN_POINT('',(-0.127,0.203,0.0));
#1005=VERTEX_POINT('',#1006);
#1004=EDGE_CURVE('',#1005,#966,#1009,.T.);
#1009=LINE('',#1006,#1011);
#1011=VECTOR('',#1012,2.54);
#1012=DIRECTION('',(0.0,0.0,-1.0));
#1003=ORIENTED_EDGE('',*,*,#1004,.F.);
#1016=CARTESIAN_POINT('',(0.127,0.203,0.0));
#1015=VERTEX_POINT('',#1016);
#1014=EDGE_CURVE('',#1015,#1005,#1019,.T.);
#1019=LINE('',#1016,#1021);
#1021=VECTOR('',#1022,0.254);
#1022=DIRECTION('',(-1.0,0.0,0.0));
#1013=ORIENTED_EDGE('',*,*,#1014,.F.);
#1024=EDGE_CURVE('',#948,#1015,#1029,.T.);
#1029=LINE('',#949,#1031);
#1031=VECTOR('',#1032,2.54);
#1032=DIRECTION('',(0.0,0.0,1.0));
#1023=ORIENTED_EDGE('',*,*,#1024,.F.);
#1033=STYLED_ITEM('',(#34),#1034);
#1034=ADVANCED_FACE('',(#1040),#1035,.T.);
#1035=PLANE('',#1036);
#1036=AXIS2_PLACEMENT_3D('',#1037,#1038,#1039);
#1037=CARTESIAN_POINT('',(-0.127,0.203,-2.54));
#1038=DIRECTION('',(-1.0,0.0,0.0));
#1039=DIRECTION('',(0.,0.,1.));
#1040=FACE_OUTER_BOUND('',#1041,.T.);
#1041=EDGE_LOOP('',(#1042,#1052,#1062,#1072,#1082,#1092,#1102,#1112));
#1042=ORIENTED_EDGE('',*,*,#965,.T.);
#1055=CARTESIAN_POINT('',(-0.127,-0.203,0.0));
#1054=VERTEX_POINT('',#1055);
#1053=EDGE_CURVE('',#1054,#956,#1058,.T.);
#1058=LINE('',#1055,#1060);
#1060=VECTOR('',#1061,2.54);
#1061=DIRECTION('',(0.0,0.0,-1.0));
#1052=ORIENTED_EDGE('',*,*,#1053,.F.);
#1065=CARTESIAN_POINT('',(-0.127,-0.66,0.0));
#1064=VERTEX_POINT('',#1065);
#1063=EDGE_CURVE('',#1064,#1054,#1068,.T.);
#1068=LINE('',#1065,#1070);
#1070=VECTOR('',#1071,0.4572);
#1071=DIRECTION('',(0.0,1.0,0.0));
#1062=ORIENTED_EDGE('',*,*,#1063,.F.);
#1075=CARTESIAN_POINT('',(-0.127,-0.66,1.651));
#1074=VERTEX_POINT('',#1075);
#1073=EDGE_CURVE('',#1074,#1064,#1078,.T.);
#1078=LINE('',#1075,#1080);
#1080=VECTOR('',#1081,1.651);
#1081=DIRECTION('',(0.0,0.0,-1.0));
#1072=ORIENTED_EDGE('',*,*,#1073,.F.);
#1085=CARTESIAN_POINT('',(-0.127,0.66,1.651));
#1084=VERTEX_POINT('',#1085);
#1083=EDGE_CURVE('',#1084,#1074,#1088,.T.);
#1088=LINE('',#1085,#1090);
#1090=VECTOR('',#1091,1.3208);
#1091=DIRECTION('',(0.0,-1.0,0.0));
#1082=ORIENTED_EDGE('',*,*,#1083,.F.);
#1095=CARTESIAN_POINT('',(-0.127,0.66,0.0));
#1094=VERTEX_POINT('',#1095);
#1093=EDGE_CURVE('',#1094,#1084,#1098,.T.);
#1098=LINE('',#1095,#1100);
#1100=VECTOR('',#1101,1.651);
#1101=DIRECTION('',(0.0,0.0,1.0));
#1092=ORIENTED_EDGE('',*,*,#1093,.F.);
#1103=EDGE_CURVE('',#1005,#1094,#1108,.T.);
#1108=LINE('',#1006,#1110);
#1110=VECTOR('',#1111,0.4572);
#1111=DIRECTION('',(0.0,1.0,0.0));
#1102=ORIENTED_EDGE('',*,*,#1103,.F.);
#1112=ORIENTED_EDGE('',*,*,#1004,.T.);
#1122=STYLED_ITEM('',(#34),#1123);
#1123=ADVANCED_FACE('',(#1129),#1124,.T.);
#1124=PLANE('',#1125);
#1125=AXIS2_PLACEMENT_3D('',#1126,#1127,#1128);
#1126=CARTESIAN_POINT('',(-0.127,-0.203,-2.54));
#1127=DIRECTION('',(0.0,-1.0,0.0));
#1128=DIRECTION('',(0.,0.,1.));
#1129=FACE_OUTER_BOUND('',#1130,.T.);
#1130=EDGE_LOOP('',(#1131,#1141,#1151,#1161));
#1131=ORIENTED_EDGE('',*,*,#955,.T.);
#1144=CARTESIAN_POINT('',(0.127,-0.203,0.0));
#1143=VERTEX_POINT('',#1144);
#1142=EDGE_CURVE('',#1143,#946,#1147,.T.);
#1147=LINE('',#1144,#1149);
#1149=VECTOR('',#1150,2.54);
#1150=DIRECTION('',(0.0,0.0,-1.0));
#1141=ORIENTED_EDGE('',*,*,#1142,.F.);
#1152=EDGE_CURVE('',#1054,#1143,#1157,.T.);
#1157=LINE('',#1055,#1159);
#1159=VECTOR('',#1160,0.254);
#1160=DIRECTION('',(1.0,0.0,0.0));
#1151=ORIENTED_EDGE('',*,*,#1152,.F.);
#1161=ORIENTED_EDGE('',*,*,#1053,.T.);
#1171=STYLED_ITEM('',(#34),#1172);
#1172=ADVANCED_FACE('',(#1178),#1173,.T.);
#1173=PLANE('',#1174);
#1174=AXIS2_PLACEMENT_3D('',#1175,#1176,#1177);
#1175=CARTESIAN_POINT('',(0.127,-0.203,-2.54));
#1176=DIRECTION('',(1.0,0.0,0.0));
#1177=DIRECTION('',(0.,0.,1.));
#1178=FACE_OUTER_BOUND('',#1179,.T.);
#1179=EDGE_LOOP('',(#1180,#1190,#1200,#1210,#1220,#1230,#1240,#1250));
#1180=ORIENTED_EDGE('',*,*,#945,.T.);
#1190=ORIENTED_EDGE('',*,*,#1024,.T.);
#1203=CARTESIAN_POINT('',(0.127,0.66,0.0));
#1202=VERTEX_POINT('',#1203);
#1201=EDGE_CURVE('',#1202,#1015,#1206,.T.);
#1206=LINE('',#1203,#1208);
#1208=VECTOR('',#1209,0.4572);
#1209=DIRECTION('',(0.0,-1.0,0.0));
#1200=ORIENTED_EDGE('',*,*,#1201,.F.);
#1213=CARTESIAN_POINT('',(0.127,0.66,1.397));
#1212=VERTEX_POINT('',#1213);
#1211=EDGE_CURVE('',#1212,#1202,#1216,.T.);
#1216=LINE('',#1213,#1218);
#1218=VECTOR('',#1219,1.397);
#1219=DIRECTION('',(0.0,0.0,-1.0));
#1210=ORIENTED_EDGE('',*,*,#1211,.F.);
#1223=CARTESIAN_POINT('',(0.127,-0.66,1.397));
#1222=VERTEX_POINT('',#1223);
#1221=EDGE_CURVE('',#1222,#1212,#1226,.T.);
#1226=LINE('',#1223,#1228);
#1228=VECTOR('',#1229,1.3208);
#1229=DIRECTION('',(0.0,1.0,0.0));
#1220=ORIENTED_EDGE('',*,*,#1221,.F.);
#1233=CARTESIAN_POINT('',(0.127,-0.66,0.0));
#1232=VERTEX_POINT('',#1233);
#1231=EDGE_CURVE('',#1232,#1222,#1236,.T.);
#1236=LINE('',#1233,#1238);
#1238=VECTOR('',#1239,1.397);
#1239=DIRECTION('',(0.0,0.0,1.0));
#1230=ORIENTED_EDGE('',*,*,#1231,.F.);
#1241=EDGE_CURVE('',#1143,#1232,#1246,.T.);
#1246=LINE('',#1144,#1248);
#1248=VECTOR('',#1249,0.4572);
#1249=DIRECTION('',(0.0,-1.0,0.0));
#1240=ORIENTED_EDGE('',*,*,#1241,.F.);
#1250=ORIENTED_EDGE('',*,*,#1142,.T.);
#1260=STYLED_ITEM('',(#34),#1261);
#1261=ADVANCED_FACE('',(#1267),#1262,.T.);
#1262=PLANE('',#1263);
#1263=AXIS2_PLACEMENT_3D('',#1264,#1265,#1266);
#1264=CARTESIAN_POINT('',(0.127,0.203,0.0));
#1265=DIRECTION('',(0.0,0.0,-1.0));
#1266=DIRECTION('',(0.,1.,0.));
#1267=FACE_OUTER_BOUND('',#1268,.T.);
#1268=EDGE_LOOP('',(#1269,#1279,#1289,#1299));
#1269=ORIENTED_EDGE('',*,*,#1014,.T.);
#1279=ORIENTED_EDGE('',*,*,#1103,.T.);
#1290=EDGE_CURVE('',#1202,#1094,#1295,.T.);
#1295=LINE('',#1203,#1297);
#1297=VECTOR('',#1298,0.254);
#1298=DIRECTION('',(-1.0,0.0,0.0));
#1289=ORIENTED_EDGE('',*,*,#1290,.F.);
#1299=ORIENTED_EDGE('',*,*,#1201,.T.);
#1309=STYLED_ITEM('',(#34),#1310);
#1310=ADVANCED_FACE('',(#1316),#1311,.T.);
#1311=PLANE('',#1312);
#1312=AXIS2_PLACEMENT_3D('',#1313,#1314,#1315);
#1313=CARTESIAN_POINT('',(0.127,-0.66,0.0));
#1314=DIRECTION('',(0.0,0.0,-1.0));
#1315=DIRECTION('',(0.,1.,0.));
#1316=FACE_OUTER_BOUND('',#1317,.T.);
#1317=EDGE_LOOP('',(#1318,#1328,#1338,#1348));
#1319=EDGE_CURVE('',#1064,#1232,#1324,.T.);
#1324=LINE('',#1065,#1326);
#1326=VECTOR('',#1327,0.254);
#1327=DIRECTION('',(1.0,0.0,0.0));
#1318=ORIENTED_EDGE('',*,*,#1319,.F.);
#1328=ORIENTED_EDGE('',*,*,#1063,.T.);
#1338=ORIENTED_EDGE('',*,*,#1152,.T.);
#1348=ORIENTED_EDGE('',*,*,#1241,.T.);
#1358=STYLED_ITEM('',(#34),#1359);
#1359=ADVANCED_FACE('',(#1365),#1360,.T.);
#1360=PLANE('',#1361);
#1361=AXIS2_PLACEMENT_3D('',#1362,#1363,#1364);
#1362=CARTESIAN_POINT('',(0.127,0.66,0.0));
#1363=DIRECTION('',(0.0,1.0,0.0));
#1364=DIRECTION('',(0.,0.,1.));
#1365=FACE_OUTER_BOUND('',#1366,.T.);
#1366=EDGE_LOOP('',(#1367,#1377,#1387,#1397,#1407,#1417));
#1367=ORIENTED_EDGE('',*,*,#1290,.T.);
#1377=ORIENTED_EDGE('',*,*,#1093,.T.);
#1390=CARTESIAN_POINT('',(0.279,0.66,1.651));
#1389=VERTEX_POINT('',#1390);
#1388=EDGE_CURVE('',#1389,#1084,#1393,.T.);
#1393=LINE('',#1390,#1395);
#1395=VECTOR('',#1396,0.4064);
#1396=DIRECTION('',(-1.0,0.0,0.0));
#1387=ORIENTED_EDGE('',*,*,#1388,.F.);
#1400=CARTESIAN_POINT('',(0.279,0.66,1.397));
#1399=VERTEX_POINT('',#1400);
#1398=EDGE_CURVE('',#1399,#1389,#1403,.T.);
#1403=LINE('',#1400,#1405);
#1405=VECTOR('',#1406,0.254);
#1406=DIRECTION('',(0.0,0.0,1.0));
#1397=ORIENTED_EDGE('',*,*,#1398,.F.);
#1408=EDGE_CURVE('',#1212,#1399,#1413,.T.);
#1413=LINE('',#1213,#1415);
#1415=VECTOR('',#1416,0.1524);
#1416=DIRECTION('',(1.0,0.0,0.0));
#1407=ORIENTED_EDGE('',*,*,#1408,.F.);
#1417=ORIENTED_EDGE('',*,*,#1211,.T.);
#1427=STYLED_ITEM('',(#34),#1428);
#1428=ADVANCED_FACE('',(#1434),#1429,.T.);
#1429=PLANE('',#1430);
#1430=AXIS2_PLACEMENT_3D('',#1431,#1432,#1433);
#1431=CARTESIAN_POINT('',(-0.127,-0.66,0.0));
#1432=DIRECTION('',(0.0,-1.0,0.0));
#1433=DIRECTION('',(0.,0.,1.));
#1434=FACE_OUTER_BOUND('',#1435,.T.);
#1435=EDGE_LOOP('',(#1436,#1446,#1456,#1466,#1476,#1486));
#1436=ORIENTED_EDGE('',*,*,#1319,.T.);
#1446=ORIENTED_EDGE('',*,*,#1231,.T.);
#1459=CARTESIAN_POINT('',(0.279,-0.66,1.397));
#1458=VERTEX_POINT('',#1459);
#1457=EDGE_CURVE('',#1458,#1222,#1462,.T.);
#1462=LINE('',#1459,#1464);
#1464=VECTOR('',#1465,0.1524);
#1465=DIRECTION('',(-1.0,0.0,0.0));
#1456=ORIENTED_EDGE('',*,*,#1457,.F.);
#1469=CARTESIAN_POINT('',(0.279,-0.66,1.651));
#1468=VERTEX_POINT('',#1469);
#1467=EDGE_CURVE('',#1468,#1458,#1472,.T.);
#1472=LINE('',#1469,#1474);
#1474=VECTOR('',#1475,0.254);
#1475=DIRECTION('',(0.0,0.0,-1.0));
#1466=ORIENTED_EDGE('',*,*,#1467,.F.);
#1477=EDGE_CURVE('',#1074,#1468,#1482,.T.);
#1482=LINE('',#1075,#1484);
#1484=VECTOR('',#1485,0.4064);
#1485=DIRECTION('',(1.0,0.0,0.0));
#1476=ORIENTED_EDGE('',*,*,#1477,.F.);
#1486=ORIENTED_EDGE('',*,*,#1073,.T.);
#1496=STYLED_ITEM('',(#34),#1497);
#1497=ADVANCED_FACE('',(#1503),#1498,.T.);
#1498=PLANE('',#1499);
#1499=AXIS2_PLACEMENT_3D('',#1500,#1501,#1502);
#1500=CARTESIAN_POINT('',(0.279,-0.66,1.397));
#1501=DIRECTION('',(0.0,0.0,-1.0));
#1502=DIRECTION('',(0.,1.,0.));
#1503=FACE_OUTER_BOUND('',#1504,.T.);
#1504=EDGE_LOOP('',(#1505,#1515,#1525,#1535));
#1505=ORIENTED_EDGE('',*,*,#1457,.T.);
#1515=ORIENTED_EDGE('',*,*,#1221,.T.);
#1525=ORIENTED_EDGE('',*,*,#1408,.T.);
#1536=EDGE_CURVE('',#1458,#1399,#1541,.T.);
#1541=LINE('',#1459,#1543);
#1543=VECTOR('',#1544,1.3208);
#1544=DIRECTION('',(0.0,1.0,0.0));
#1535=ORIENTED_EDGE('',*,*,#1536,.F.);
#1545=STYLED_ITEM('',(#34),#1546);
#1546=ADVANCED_FACE('',(#1552),#1547,.T.);
#1547=PLANE('',#1548);
#1548=AXIS2_PLACEMENT_3D('',#1549,#1550,#1551);
#1549=CARTESIAN_POINT('',(0.279,-0.66,1.397));
#1550=DIRECTION('',(1.0,0.0,0.0));
#1551=DIRECTION('',(0.,0.,1.));
#1552=FACE_OUTER_BOUND('',#1553,.T.);
#1553=EDGE_LOOP('',(#1554,#1564,#1574,#1584));
#1554=ORIENTED_EDGE('',*,*,#1536,.T.);
#1564=ORIENTED_EDGE('',*,*,#1398,.T.);
#1575=EDGE_CURVE('',#1468,#1389,#1580,.T.);
#1580=LINE('',#1469,#1582);
#1582=VECTOR('',#1583,1.3208);
#1583=DIRECTION('',(0.0,1.0,0.0));
#1574=ORIENTED_EDGE('',*,*,#1575,.F.);
#1584=ORIENTED_EDGE('',*,*,#1467,.T.);
#1594=STYLED_ITEM('',(#34),#1595);
#1595=ADVANCED_FACE('',(#1601),#1596,.T.);
#1596=PLANE('',#1597);
#1597=AXIS2_PLACEMENT_3D('',#1598,#1599,#1600);
#1598=CARTESIAN_POINT('',(0.279,0.66,1.651));
#1599=DIRECTION('',(0.0,0.0,1.0));
#1600=DIRECTION('',(0.,1.,0.));
#1601=FACE_OUTER_BOUND('',#1602,.T.);
#1602=EDGE_LOOP('',(#1603,#1613,#1623,#1633));
#1603=ORIENTED_EDGE('',*,*,#1388,.T.);
#1613=ORIENTED_EDGE('',*,*,#1083,.T.);
#1623=ORIENTED_EDGE('',*,*,#1477,.T.);
#1633=ORIENTED_EDGE('',*,*,#1575,.T.);
#1644=MANIFOLD_SOLID_BREP($,#1645);
#1645=CLOSED_SHELL('',(#1647,#1696,#1745,#1834,#1883,#1972,#2021,#2070,#2139,#2208,#2257,#2306));
#1646=STYLED_ITEM('',(#34),#1647);
#1647=ADVANCED_FACE('',(#1653),#1648,.T.);
#1648=PLANE('',#1649);
#1649=AXIS2_PLACEMENT_3D('',#1650,#1651,#1652);
#1650=CARTESIAN_POINT('',(0.127,-2.337,-2.54));
#1651=DIRECTION('',(0.0,0.0,-1.0));
#1652=DIRECTION('',(0.,1.,0.));
#1653=FACE_OUTER_BOUND('',#1654,.T.);
#1654=EDGE_LOOP('',(#1655,#1665,#1675,#1685));
#1658=CARTESIAN_POINT('',(0.127,-2.743,-2.54));
#1657=VERTEX_POINT('',#1658);
#1660=CARTESIAN_POINT('',(0.127,-2.337,-2.54));
#1659=VERTEX_POINT('',#1660);
#1656=EDGE_CURVE('',#1657,#1659,#1661,.T.);
#1661=LINE('',#1658,#1663);
#1663=VECTOR('',#1664,0.4064);
#1664=DIRECTION('',(0.0,1.0,0.0));
#1655=ORIENTED_EDGE('',*,*,#1656,.F.);
#1668=CARTESIAN_POINT('',(-0.127,-2.743,-2.54));
#1667=VERTEX_POINT('',#1668);
#1666=EDGE_CURVE('',#1667,#1657,#1671,.T.);
#1671=LINE('',#1668,#1673);
#1673=VECTOR('',#1674,0.254);
#1674=DIRECTION('',(1.0,0.0,0.0));
#1665=ORIENTED_EDGE('',*,*,#1666,.F.);
#1678=CARTESIAN_POINT('',(-0.127,-2.337,-2.54));
#1677=VERTEX_POINT('',#1678);
#1676=EDGE_CURVE('',#1677,#1667,#1681,.T.);
#1681=LINE('',#1678,#1683);
#1683=VECTOR('',#1684,0.4064);
#1684=DIRECTION('',(0.0,-1.0,0.0));
#1675=ORIENTED_EDGE('',*,*,#1676,.F.);
#1686=EDGE_CURVE('',#1659,#1677,#1691,.T.);
#1691=LINE('',#1660,#1693);
#1693=VECTOR('',#1694,0.254);
#1694=DIRECTION('',(-1.0,0.0,0.0));
#1685=ORIENTED_EDGE('',*,*,#1686,.F.);
#1695=STYLED_ITEM('',(#34),#1696);
#1696=ADVANCED_FACE('',(#1702),#1697,.T.);
#1697=PLANE('',#1698);
#1698=AXIS2_PLACEMENT_3D('',#1699,#1700,#1701);
#1699=CARTESIAN_POINT('',(0.127,-2.337,-2.54));
#1700=DIRECTION('',(0.0,1.0,0.0));
#1701=DIRECTION('',(0.,0.,1.));
#1702=FACE_OUTER_BOUND('',#1703,.T.);
#1703=EDGE_LOOP('',(#1704,#1714,#1724,#1734));
#1704=ORIENTED_EDGE('',*,*,#1686,.T.);
#1717=CARTESIAN_POINT('',(-0.127,-2.337,0.0));
#1716=VERTEX_POINT('',#1717);
#1715=EDGE_CURVE('',#1716,#1677,#1720,.T.);
#1720=LINE('',#1717,#1722);
#1722=VECTOR('',#1723,2.54);
#1723=DIRECTION('',(0.0,0.0,-1.0));
#1714=ORIENTED_EDGE('',*,*,#1715,.F.);
#1727=CARTESIAN_POINT('',(0.127,-2.337,0.0));
#1726=VERTEX_POINT('',#1727);
#1725=EDGE_CURVE('',#1726,#1716,#1730,.T.);
#1730=LINE('',#1727,#1732);
#1732=VECTOR('',#1733,0.254);
#1733=DIRECTION('',(-1.0,0.0,0.0));
#1724=ORIENTED_EDGE('',*,*,#1725,.F.);
#1735=EDGE_CURVE('',#1659,#1726,#1740,.T.);
#1740=LINE('',#1660,#1742);
#1742=VECTOR('',#1743,2.54);
#1743=DIRECTION('',(0.0,0.0,1.0));
#1734=ORIENTED_EDGE('',*,*,#1735,.F.);
#1744=STYLED_ITEM('',(#34),#1745);
#1745=ADVANCED_FACE('',(#1751),#1746,.T.);
#1746=PLANE('',#1747);
#1747=AXIS2_PLACEMENT_3D('',#1748,#1749,#1750);
#1748=CARTESIAN_POINT('',(-0.127,-2.337,-2.54));
#1749=DIRECTION('',(-1.0,0.0,0.0));
#1750=DIRECTION('',(0.,0.,1.));
#1751=FACE_OUTER_BOUND('',#1752,.T.);
#1752=EDGE_LOOP('',(#1753,#1763,#1773,#1783,#1793,#1803,#1813,#1823));
#1753=ORIENTED_EDGE('',*,*,#1676,.T.);
#1766=CARTESIAN_POINT('',(-0.127,-2.743,0.0));
#1765=VERTEX_POINT('',#1766);
#1764=EDGE_CURVE('',#1765,#1667,#1769,.T.);
#1769=LINE('',#1766,#1771);
#1771=VECTOR('',#1772,2.54);
#1772=DIRECTION('',(0.0,0.0,-1.0));
#1763=ORIENTED_EDGE('',*,*,#1764,.F.);
#1776=CARTESIAN_POINT('',(-0.127,-3.2,0.0));
#1775=VERTEX_POINT('',#1776);
#1774=EDGE_CURVE('',#1775,#1765,#1779,.T.);
#1779=LINE('',#1776,#1781);
#1781=VECTOR('',#1782,0.4572);
#1782=DIRECTION('',(0.0,1.0,0.0));
#1773=ORIENTED_EDGE('',*,*,#1774,.F.);
#1786=CARTESIAN_POINT('',(-0.127,-3.2,1.651));
#1785=VERTEX_POINT('',#1786);
#1784=EDGE_CURVE('',#1785,#1775,#1789,.T.);
#1789=LINE('',#1786,#1791);
#1791=VECTOR('',#1792,1.651);
#1792=DIRECTION('',(0.0,0.0,-1.0));
#1783=ORIENTED_EDGE('',*,*,#1784,.F.);
#1796=CARTESIAN_POINT('',(-0.127,-1.88,1.651));
#1795=VERTEX_POINT('',#1796);
#1794=EDGE_CURVE('',#1795,#1785,#1799,.T.);
#1799=LINE('',#1796,#1801);
#1801=VECTOR('',#1802,1.3208);
#1802=DIRECTION('',(0.0,-1.0,0.0));
#1793=ORIENTED_EDGE('',*,*,#1794,.F.);
#1806=CARTESIAN_POINT('',(-0.127,-1.88,0.0));
#1805=VERTEX_POINT('',#1806);
#1804=EDGE_CURVE('',#1805,#1795,#1809,.T.);
#1809=LINE('',#1806,#1811);
#1811=VECTOR('',#1812,1.651);
#1812=DIRECTION('',(0.0,0.0,1.0));
#1803=ORIENTED_EDGE('',*,*,#1804,.F.);
#1814=EDGE_CURVE('',#1716,#1805,#1819,.T.);
#1819=LINE('',#1717,#1821);
#1821=VECTOR('',#1822,0.4572);
#1822=DIRECTION('',(0.0,1.0,0.0));
#1813=ORIENTED_EDGE('',*,*,#1814,.F.);
#1823=ORIENTED_EDGE('',*,*,#1715,.T.);
#1833=STYLED_ITEM('',(#34),#1834);
#1834=ADVANCED_FACE('',(#1840),#1835,.T.);
#1835=PLANE('',#1836);
#1836=AXIS2_PLACEMENT_3D('',#1837,#1838,#1839);
#1837=CARTESIAN_POINT('',(-0.127,-2.743,-2.54));
#1838=DIRECTION('',(0.0,-1.0,0.0));
#1839=DIRECTION('',(0.,0.,1.));
#1840=FACE_OUTER_BOUND('',#1841,.T.);
#1841=EDGE_LOOP('',(#1842,#1852,#1862,#1872));
#1842=ORIENTED_EDGE('',*,*,#1666,.T.);
#1855=CARTESIAN_POINT('',(0.127,-2.743,0.0));
#1854=VERTEX_POINT('',#1855);
#1853=EDGE_CURVE('',#1854,#1657,#1858,.T.);
#1858=LINE('',#1855,#1860);
#1860=VECTOR('',#1861,2.54);
#1861=DIRECTION('',(0.0,0.0,-1.0));
#1852=ORIENTED_EDGE('',*,*,#1853,.F.);
#1863=EDGE_CURVE('',#1765,#1854,#1868,.T.);
#1868=LINE('',#1766,#1870);
#1870=VECTOR('',#1871,0.254);
#1871=DIRECTION('',(1.0,0.0,0.0));
#1862=ORIENTED_EDGE('',*,*,#1863,.F.);
#1872=ORIENTED_EDGE('',*,*,#1764,.T.);
#1882=STYLED_ITEM('',(#34),#1883);
#1883=ADVANCED_FACE('',(#1889),#1884,.T.);
#1884=PLANE('',#1885);
#1885=AXIS2_PLACEMENT_3D('',#1886,#1887,#1888);
#1886=CARTESIAN_POINT('',(0.127,-2.743,-2.54));
#1887=DIRECTION('',(1.0,0.0,0.0));
#1888=DIRECTION('',(0.,0.,1.));
#1889=FACE_OUTER_BOUND('',#1890,.T.);
#1890=EDGE_LOOP('',(#1891,#1901,#1911,#1921,#1931,#1941,#1951,#1961));
#1891=ORIENTED_EDGE('',*,*,#1656,.T.);
#1901=ORIENTED_EDGE('',*,*,#1735,.T.);
#1914=CARTESIAN_POINT('',(0.127,-1.88,0.0));
#1913=VERTEX_POINT('',#1914);
#1912=EDGE_CURVE('',#1913,#1726,#1917,.T.);
#1917=LINE('',#1914,#1919);
#1919=VECTOR('',#1920,0.4572);
#1920=DIRECTION('',(0.0,-1.0,0.0));
#1911=ORIENTED_EDGE('',*,*,#1912,.F.);
#1924=CARTESIAN_POINT('',(0.127,-1.88,1.397));
#1923=VERTEX_POINT('',#1924);
#1922=EDGE_CURVE('',#1923,#1913,#1927,.T.);
#1927=LINE('',#1924,#1929);
#1929=VECTOR('',#1930,1.397);
#1930=DIRECTION('',(0.0,0.0,-1.0));
#1921=ORIENTED_EDGE('',*,*,#1922,.F.);
#1934=CARTESIAN_POINT('',(0.127,-3.2,1.397));
#1933=VERTEX_POINT('',#1934);
#1932=EDGE_CURVE('',#1933,#1923,#1937,.T.);
#1937=LINE('',#1934,#1939);
#1939=VECTOR('',#1940,1.3208);
#1940=DIRECTION('',(0.0,1.0,0.0));
#1931=ORIENTED_EDGE('',*,*,#1932,.F.);
#1944=CARTESIAN_POINT('',(0.127,-3.2,0.0));
#1943=VERTEX_POINT('',#1944);
#1942=EDGE_CURVE('',#1943,#1933,#1947,.T.);
#1947=LINE('',#1944,#1949);
#1949=VECTOR('',#1950,1.397);
#1950=DIRECTION('',(0.0,0.0,1.0));
#1941=ORIENTED_EDGE('',*,*,#1942,.F.);
#1952=EDGE_CURVE('',#1854,#1943,#1957,.T.);
#1957=LINE('',#1855,#1959);
#1959=VECTOR('',#1960,0.4572);
#1960=DIRECTION('',(0.0,-1.0,0.0));
#1951=ORIENTED_EDGE('',*,*,#1952,.F.);
#1961=ORIENTED_EDGE('',*,*,#1853,.T.);
#1971=STYLED_ITEM('',(#34),#1972);
#1972=ADVANCED_FACE('',(#1978),#1973,.T.);
#1973=PLANE('',#1974);
#1974=AXIS2_PLACEMENT_3D('',#1975,#1976,#1977);
#1975=CARTESIAN_POINT('',(0.127,-2.337,0.0));
#1976=DIRECTION('',(0.0,0.0,-1.0));
#1977=DIRECTION('',(0.,1.,0.));
#1978=FACE_OUTER_BOUND('',#1979,.T.);
#1979=EDGE_LOOP('',(#1980,#1990,#2000,#2010));
#1980=ORIENTED_EDGE('',*,*,#1725,.T.);
#1990=ORIENTED_EDGE('',*,*,#1814,.T.);
#2001=EDGE_CURVE('',#1913,#1805,#2006,.T.);
#2006=LINE('',#1914,#2008);
#2008=VECTOR('',#2009,0.254);
#2009=DIRECTION('',(-1.0,0.0,0.0));
#2000=ORIENTED_EDGE('',*,*,#2001,.F.);
#2010=ORIENTED_EDGE('',*,*,#1912,.T.);
#2020=STYLED_ITEM('',(#34),#2021);
#2021=ADVANCED_FACE('',(#2027),#2022,.T.);
#2022=PLANE('',#2023);
#2023=AXIS2_PLACEMENT_3D('',#2024,#2025,#2026);
#2024=CARTESIAN_POINT('',(0.127,-3.2,0.0));
#2025=DIRECTION('',(0.0,0.0,-1.0));
#2026=DIRECTION('',(0.,1.,0.));
#2027=FACE_OUTER_BOUND('',#2028,.T.);
#2028=EDGE_LOOP('',(#2029,#2039,#2049,#2059));
#2030=EDGE_CURVE('',#1775,#1943,#2035,.T.);
#2035=LINE('',#1776,#2037);
#2037=VECTOR('',#2038,0.254);
#2038=DIRECTION('',(1.0,0.0,0.0));
#2029=ORIENTED_EDGE('',*,*,#2030,.F.);
#2039=ORIENTED_EDGE('',*,*,#1774,.T.);
#2049=ORIENTED_EDGE('',*,*,#1863,.T.);
#2059=ORIENTED_EDGE('',*,*,#1952,.T.);
#2069=STYLED_ITEM('',(#34),#2070);
#2070=ADVANCED_FACE('',(#2076),#2071,.T.);
#2071=PLANE('',#2072);
#2072=AXIS2_PLACEMENT_3D('',#2073,#2074,#2075);
#2073=CARTESIAN_POINT('',(0.127,-1.88,0.0));
#2074=DIRECTION('',(0.0,1.0,0.0));
#2075=DIRECTION('',(0.,0.,1.));
#2076=FACE_OUTER_BOUND('',#2077,.T.);
#2077=EDGE_LOOP('',(#2078,#2088,#2098,#2108,#2118,#2128));
#2078=ORIENTED_EDGE('',*,*,#2001,.T.);
#2088=ORIENTED_EDGE('',*,*,#1804,.T.);
#2101=CARTESIAN_POINT('',(0.279,-1.88,1.651));
#2100=VERTEX_POINT('',#2101);
#2099=EDGE_CURVE('',#2100,#1795,#2104,.T.);
#2104=LINE('',#2101,#2106);
#2106=VECTOR('',#2107,0.4064);
#2107=DIRECTION('',(-1.0,0.0,0.0));
#2098=ORIENTED_EDGE('',*,*,#2099,.F.);
#2111=CARTESIAN_POINT('',(0.279,-1.88,1.397));
#2110=VERTEX_POINT('',#2111);
#2109=EDGE_CURVE('',#2110,#2100,#2114,.T.);
#2114=LINE('',#2111,#2116);
#2116=VECTOR('',#2117,0.254);
#2117=DIRECTION('',(0.0,0.0,1.0));
#2108=ORIENTED_EDGE('',*,*,#2109,.F.);
#2119=EDGE_CURVE('',#1923,#2110,#2124,.T.);
#2124=LINE('',#1924,#2126);
#2126=VECTOR('',#2127,0.1524);
#2127=DIRECTION('',(1.0,0.0,0.0));
#2118=ORIENTED_EDGE('',*,*,#2119,.F.);
#2128=ORIENTED_EDGE('',*,*,#1922,.T.);
#2138=STYLED_ITEM('',(#34),#2139);
#2139=ADVANCED_FACE('',(#2145),#2140,.T.);
#2140=PLANE('',#2141);
#2141=AXIS2_PLACEMENT_3D('',#2142,#2143,#2144);
#2142=CARTESIAN_POINT('',(-0.127,-3.2,0.0));
#2143=DIRECTION('',(0.0,-1.0,0.0));
#2144=DIRECTION('',(0.,0.,1.));
#2145=FACE_OUTER_BOUND('',#2146,.T.);
#2146=EDGE_LOOP('',(#2147,#2157,#2167,#2177,#2187,#2197));
#2147=ORIENTED_EDGE('',*,*,#2030,.T.);
#2157=ORIENTED_EDGE('',*,*,#1942,.T.);
#2170=CARTESIAN_POINT('',(0.279,-3.2,1.397));
#2169=VERTEX_POINT('',#2170);
#2168=EDGE_CURVE('',#2169,#1933,#2173,.T.);
#2173=LINE('',#2170,#2175);
#2175=VECTOR('',#2176,0.1524);
#2176=DIRECTION('',(-1.0,0.0,0.0));
#2167=ORIENTED_EDGE('',*,*,#2168,.F.);
#2180=CARTESIAN_POINT('',(0.279,-3.2,1.651));
#2179=VERTEX_POINT('',#2180);
#2178=EDGE_CURVE('',#2179,#2169,#2183,.T.);
#2183=LINE('',#2180,#2185);
#2185=VECTOR('',#2186,0.254);
#2186=DIRECTION('',(0.0,0.0,-1.0));
#2177=ORIENTED_EDGE('',*,*,#2178,.F.);
#2188=EDGE_CURVE('',#1785,#2179,#2193,.T.);
#2193=LINE('',#1786,#2195);
#2195=VECTOR('',#2196,0.4064);
#2196=DIRECTION('',(1.0,0.0,0.0));
#2187=ORIENTED_EDGE('',*,*,#2188,.F.);
#2197=ORIENTED_EDGE('',*,*,#1784,.T.);
#2207=STYLED_ITEM('',(#34),#2208);
#2208=ADVANCED_FACE('',(#2214),#2209,.T.);
#2209=PLANE('',#2210);
#2210=AXIS2_PLACEMENT_3D('',#2211,#2212,#2213);
#2211=CARTESIAN_POINT('',(0.279,-3.2,1.397));
#2212=DIRECTION('',(0.0,0.0,-1.0));
#2213=DIRECTION('',(0.,1.,0.));
#2214=FACE_OUTER_BOUND('',#2215,.T.);
#2215=EDGE_LOOP('',(#2216,#2226,#2236,#2246));
#2216=ORIENTED_EDGE('',*,*,#2168,.T.);
#2226=ORIENTED_EDGE('',*,*,#1932,.T.);
#2236=ORIENTED_EDGE('',*,*,#2119,.T.);
#2247=EDGE_CURVE('',#2169,#2110,#2252,.T.);
#2252=LINE('',#2170,#2254);
#2254=VECTOR('',#2255,1.3208);
#2255=DIRECTION('',(0.0,1.0,0.0));
#2246=ORIENTED_EDGE('',*,*,#2247,.F.);
#2256=STYLED_ITEM('',(#34),#2257);
#2257=ADVANCED_FACE('',(#2263),#2258,.T.);
#2258=PLANE('',#2259);
#2259=AXIS2_PLACEMENT_3D('',#2260,#2261,#2262);
#2260=CARTESIAN_POINT('',(0.279,-3.2,1.397));
#2261=DIRECTION('',(1.0,0.0,0.0));
#2262=DIRECTION('',(0.,0.,1.));
#2263=FACE_OUTER_BOUND('',#2264,.T.);
#2264=EDGE_LOOP('',(#2265,#2275,#2285,#2295));
#2265=ORIENTED_EDGE('',*,*,#2247,.T.);
#2275=ORIENTED_EDGE('',*,*,#2109,.T.);
#2286=EDGE_CURVE('',#2179,#2100,#2291,.T.);
#2291=LINE('',#2180,#2293);
#2293=VECTOR('',#2294,1.3208);
#2294=DIRECTION('',(0.0,1.0,0.0));
#2285=ORIENTED_EDGE('',*,*,#2286,.F.);
#2295=ORIENTED_EDGE('',*,*,#2178,.T.);
#2305=STYLED_ITEM('',(#34),#2306);
#2306=ADVANCED_FACE('',(#2312),#2307,.T.);
#2307=PLANE('',#2308);
#2308=AXIS2_PLACEMENT_3D('',#2309,#2310,#2311);
#2309=CARTESIAN_POINT('',(0.279,-1.88,1.651));
#2310=DIRECTION('',(0.0,0.0,1.0));
#2311=DIRECTION('',(0.,1.,0.));
#2312=FACE_OUTER_BOUND('',#2313,.T.);
#2313=EDGE_LOOP('',(#2314,#2324,#2334,#2344));
#2314=ORIENTED_EDGE('',*,*,#2099,.T.);
#2324=ORIENTED_EDGE('',*,*,#1794,.T.);
#2334=ORIENTED_EDGE('',*,*,#2188,.T.);
#2344=ORIENTED_EDGE('',*,*,#2286,.T.);
#2355=MANIFOLD_SOLID_BREP($,#2356);
#2356=CLOSED_SHELL('',(#2358,#2407,#2456,#2545,#2594,#2683,#2732,#2781,#2850,#2919,#2968,#3017));
#2357=STYLED_ITEM('',(#34),#2358);
#2358=ADVANCED_FACE('',(#2364),#2359,.T.);
#2359=PLANE('',#2360);
#2360=AXIS2_PLACEMENT_3D('',#2361,#2362,#2363);
#2361=CARTESIAN_POINT('',(0.127,-4.877,-2.54));
#2362=DIRECTION('',(0.0,0.0,-1.0));
#2363=DIRECTION('',(0.,1.,0.));
#2364=FACE_OUTER_BOUND('',#2365,.T.);
#2365=EDGE_LOOP('',(#2366,#2376,#2386,#2396));
#2369=CARTESIAN_POINT('',(0.127,-5.283,-2.54));
#2368=VERTEX_POINT('',#2369);
#2371=CARTESIAN_POINT('',(0.127,-4.877,-2.54));
#2370=VERTEX_POINT('',#2371);
#2367=EDGE_CURVE('',#2368,#2370,#2372,.T.);
#2372=LINE('',#2369,#2374);
#2374=VECTOR('',#2375,0.4064);
#2375=DIRECTION('',(0.0,1.0,0.0));
#2366=ORIENTED_EDGE('',*,*,#2367,.F.);
#2379=CARTESIAN_POINT('',(-0.127,-5.283,-2.54));
#2378=VERTEX_POINT('',#2379);
#2377=EDGE_CURVE('',#2378,#2368,#2382,.T.);
#2382=LINE('',#2379,#2384);
#2384=VECTOR('',#2385,0.254);
#2385=DIRECTION('',(1.0,0.0,0.0));
#2376=ORIENTED_EDGE('',*,*,#2377,.F.);
#2389=CARTESIAN_POINT('',(-0.127,-4.877,-2.54));
#2388=VERTEX_POINT('',#2389);
#2387=EDGE_CURVE('',#2388,#2378,#2392,.T.);
#2392=LINE('',#2389,#2394);
#2394=VECTOR('',#2395,0.4064);
#2395=DIRECTION('',(0.0,-1.0,0.0));
#2386=ORIENTED_EDGE('',*,*,#2387,.F.);
#2397=EDGE_CURVE('',#2370,#2388,#2402,.T.);
#2402=LINE('',#2371,#2404);
#2404=VECTOR('',#2405,0.254);
#2405=DIRECTION('',(-1.0,0.0,0.0));
#2396=ORIENTED_EDGE('',*,*,#2397,.F.);
#2406=STYLED_ITEM('',(#34),#2407);
#2407=ADVANCED_FACE('',(#2413),#2408,.T.);
#2408=PLANE('',#2409);
#2409=AXIS2_PLACEMENT_3D('',#2410,#2411,#2412);
#2410=CARTESIAN_POINT('',(0.127,-4.877,-2.54));
#2411=DIRECTION('',(0.0,1.0,0.0));
#2412=DIRECTION('',(0.,0.,1.));
#2413=FACE_OUTER_BOUND('',#2414,.T.);
#2414=EDGE_LOOP('',(#2415,#2425,#2435,#2445));
#2415=ORIENTED_EDGE('',*,*,#2397,.T.);
#2428=CARTESIAN_POINT('',(-0.127,-4.877,0.0));
#2427=VERTEX_POINT('',#2428);
#2426=EDGE_CURVE('',#2427,#2388,#2431,.T.);
#2431=LINE('',#2428,#2433);
#2433=VECTOR('',#2434,2.54);
#2434=DIRECTION('',(0.0,0.0,-1.0));
#2425=ORIENTED_EDGE('',*,*,#2426,.F.);
#2438=CARTESIAN_POINT('',(0.127,-4.877,0.0));
#2437=VERTEX_POINT('',#2438);
#2436=EDGE_CURVE('',#2437,#2427,#2441,.T.);
#2441=LINE('',#2438,#2443);
#2443=VECTOR('',#2444,0.254);
#2444=DIRECTION('',(-1.0,0.0,0.0));
#2435=ORIENTED_EDGE('',*,*,#2436,.F.);
#2446=EDGE_CURVE('',#2370,#2437,#2451,.T.);
#2451=LINE('',#2371,#2453);
#2453=VECTOR('',#2454,2.54);
#2454=DIRECTION('',(0.0,0.0,1.0));
#2445=ORIENTED_EDGE('',*,*,#2446,.F.);
#2455=STYLED_ITEM('',(#34),#2456);
#2456=ADVANCED_FACE('',(#2462),#2457,.T.);
#2457=PLANE('',#2458);
#2458=AXIS2_PLACEMENT_3D('',#2459,#2460,#2461);
#2459=CARTESIAN_POINT('',(-0.127,-4.877,-2.54));
#2460=DIRECTION('',(-1.0,0.0,0.0));
#2461=DIRECTION('',(0.,0.,1.));
#2462=FACE_OUTER_BOUND('',#2463,.T.);
#2463=EDGE_LOOP('',(#2464,#2474,#2484,#2494,#2504,#2514,#2524,#2534));
#2464=ORIENTED_EDGE('',*,*,#2387,.T.);
#2477=CARTESIAN_POINT('',(-0.127,-5.283,0.0));
#2476=VERTEX_POINT('',#2477);
#2475=EDGE_CURVE('',#2476,#2378,#2480,.T.);
#2480=LINE('',#2477,#2482);
#2482=VECTOR('',#2483,2.54);
#2483=DIRECTION('',(0.0,0.0,-1.0));
#2474=ORIENTED_EDGE('',*,*,#2475,.F.);
#2487=CARTESIAN_POINT('',(-0.127,-5.74,0.0));
#2486=VERTEX_POINT('',#2487);
#2485=EDGE_CURVE('',#2486,#2476,#2490,.T.);
#2490=LINE('',#2487,#2492);
#2492=VECTOR('',#2493,0.4572);
#2493=DIRECTION('',(0.0,1.0,0.0));
#2484=ORIENTED_EDGE('',*,*,#2485,.F.);
#2497=CARTESIAN_POINT('',(-0.127,-5.74,1.651));
#2496=VERTEX_POINT('',#2497);
#2495=EDGE_CURVE('',#2496,#2486,#2500,.T.);
#2500=LINE('',#2497,#2502);
#2502=VECTOR('',#2503,1.651);
#2503=DIRECTION('',(0.0,0.0,-1.0));
#2494=ORIENTED_EDGE('',*,*,#2495,.F.);
#2507=CARTESIAN_POINT('',(-0.127,-4.42,1.651));
#2506=VERTEX_POINT('',#2507);
#2505=EDGE_CURVE('',#2506,#2496,#2510,.T.);
#2510=LINE('',#2507,#2512);
#2512=VECTOR('',#2513,1.3208);
#2513=DIRECTION('',(0.0,-1.0,0.0));
#2504=ORIENTED_EDGE('',*,*,#2505,.F.);
#2517=CARTESIAN_POINT('',(-0.127,-4.42,0.0));
#2516=VERTEX_POINT('',#2517);
#2515=EDGE_CURVE('',#2516,#2506,#2520,.T.);
#2520=LINE('',#2517,#2522);
#2522=VECTOR('',#2523,1.651);
#2523=DIRECTION('',(0.0,0.0,1.0));
#2514=ORIENTED_EDGE('',*,*,#2515,.F.);
#2525=EDGE_CURVE('',#2427,#2516,#2530,.T.);
#2530=LINE('',#2428,#2532);
#2532=VECTOR('',#2533,0.4572);
#2533=DIRECTION('',(0.0,1.0,0.0));
#2524=ORIENTED_EDGE('',*,*,#2525,.F.);
#2534=ORIENTED_EDGE('',*,*,#2426,.T.);
#2544=STYLED_ITEM('',(#34),#2545);
#2545=ADVANCED_FACE('',(#2551),#2546,.T.);
#2546=PLANE('',#2547);
#2547=AXIS2_PLACEMENT_3D('',#2548,#2549,#2550);
#2548=CARTESIAN_POINT('',(-0.127,-5.283,-2.54));
#2549=DIRECTION('',(0.0,-1.0,0.0));
#2550=DIRECTION('',(0.,0.,1.));
#2551=FACE_OUTER_BOUND('',#2552,.T.);
#2552=EDGE_LOOP('',(#2553,#2563,#2573,#2583));
#2553=ORIENTED_EDGE('',*,*,#2377,.T.);
#2566=CARTESIAN_POINT('',(0.127,-5.283,0.0));
#2565=VERTEX_POINT('',#2566);
#2564=EDGE_CURVE('',#2565,#2368,#2569,.T.);
#2569=LINE('',#2566,#2571);
#2571=VECTOR('',#2572,2.54);
#2572=DIRECTION('',(0.0,0.0,-1.0));
#2563=ORIENTED_EDGE('',*,*,#2564,.F.);
#2574=EDGE_CURVE('',#2476,#2565,#2579,.T.);
#2579=LINE('',#2477,#2581);
#2581=VECTOR('',#2582,0.254);
#2582=DIRECTION('',(1.0,0.0,0.0));
#2573=ORIENTED_EDGE('',*,*,#2574,.F.);
#2583=ORIENTED_EDGE('',*,*,#2475,.T.);
#2593=STYLED_ITEM('',(#34),#2594);
#2594=ADVANCED_FACE('',(#2600),#2595,.T.);
#2595=PLANE('',#2596);
#2596=AXIS2_PLACEMENT_3D('',#2597,#2598,#2599);
#2597=CARTESIAN_POINT('',(0.127,-5.283,-2.54));
#2598=DIRECTION('',(1.0,0.0,0.0));
#2599=DIRECTION('',(0.,0.,1.));
#2600=FACE_OUTER_BOUND('',#2601,.T.);
#2601=EDGE_LOOP('',(#2602,#2612,#2622,#2632,#2642,#2652,#2662,#2672));
#2602=ORIENTED_EDGE('',*,*,#2367,.T.);
#2612=ORIENTED_EDGE('',*,*,#2446,.T.);
#2625=CARTESIAN_POINT('',(0.127,-4.42,0.0));
#2624=VERTEX_POINT('',#2625);
#2623=EDGE_CURVE('',#2624,#2437,#2628,.T.);
#2628=LINE('',#2625,#2630);
#2630=VECTOR('',#2631,0.4572);
#2631=DIRECTION('',(0.0,-1.0,0.0));
#2622=ORIENTED_EDGE('',*,*,#2623,.F.);
#2635=CARTESIAN_POINT('',(0.127,-4.42,1.397));
#2634=VERTEX_POINT('',#2635);
#2633=EDGE_CURVE('',#2634,#2624,#2638,.T.);
#2638=LINE('',#2635,#2640);
#2640=VECTOR('',#2641,1.397);
#2641=DIRECTION('',(0.0,0.0,-1.0));
#2632=ORIENTED_EDGE('',*,*,#2633,.F.);
#2645=CARTESIAN_POINT('',(0.127,-5.74,1.397));
#2644=VERTEX_POINT('',#2645);
#2643=EDGE_CURVE('',#2644,#2634,#2648,.T.);
#2648=LINE('',#2645,#2650);
#2650=VECTOR('',#2651,1.3208);
#2651=DIRECTION('',(0.0,1.0,0.0));
#2642=ORIENTED_EDGE('',*,*,#2643,.F.);
#2655=CARTESIAN_POINT('',(0.127,-5.74,0.0));
#2654=VERTEX_POINT('',#2655);
#2653=EDGE_CURVE('',#2654,#2644,#2658,.T.);
#2658=LINE('',#2655,#2660);
#2660=VECTOR('',#2661,1.397);
#2661=DIRECTION('',(0.0,0.0,1.0));
#2652=ORIENTED_EDGE('',*,*,#2653,.F.);
#2663=EDGE_CURVE('',#2565,#2654,#2668,.T.);
#2668=LINE('',#2566,#2670);
#2670=VECTOR('',#2671,0.4572);
#2671=DIRECTION('',(0.0,-1.0,0.0));
#2662=ORIENTED_EDGE('',*,*,#2663,.F.);
#2672=ORIENTED_EDGE('',*,*,#2564,.T.);
#2682=STYLED_ITEM('',(#34),#2683);
#2683=ADVANCED_FACE('',(#2689),#2684,.T.);
#2684=PLANE('',#2685);
#2685=AXIS2_PLACEMENT_3D('',#2686,#2687,#2688);
#2686=CARTESIAN_POINT('',(0.127,-4.877,0.0));
#2687=DIRECTION('',(0.0,0.0,-1.0));
#2688=DIRECTION('',(0.,1.,0.));
#2689=FACE_OUTER_BOUND('',#2690,.T.);
#2690=EDGE_LOOP('',(#2691,#2701,#2711,#2721));
#2691=ORIENTED_EDGE('',*,*,#2436,.T.);
#2701=ORIENTED_EDGE('',*,*,#2525,.T.);
#2712=EDGE_CURVE('',#2624,#2516,#2717,.T.);
#2717=LINE('',#2625,#2719);
#2719=VECTOR('',#2720,0.254);
#2720=DIRECTION('',(-1.0,0.0,0.0));
#2711=ORIENTED_EDGE('',*,*,#2712,.F.);
#2721=ORIENTED_EDGE('',*,*,#2623,.T.);
#2731=STYLED_ITEM('',(#34),#2732);
#2732=ADVANCED_FACE('',(#2738),#2733,.T.);
#2733=PLANE('',#2734);
#2734=AXIS2_PLACEMENT_3D('',#2735,#2736,#2737);
#2735=CARTESIAN_POINT('',(0.127,-5.74,0.0));
#2736=DIRECTION('',(0.0,0.0,-1.0));
#2737=DIRECTION('',(0.,1.,0.));
#2738=FACE_OUTER_BOUND('',#2739,.T.);
#2739=EDGE_LOOP('',(#2740,#2750,#2760,#2770));
#2741=EDGE_CURVE('',#2486,#2654,#2746,.T.);
#2746=LINE('',#2487,#2748);
#2748=VECTOR('',#2749,0.254);
#2749=DIRECTION('',(1.0,0.0,0.0));
#2740=ORIENTED_EDGE('',*,*,#2741,.F.);
#2750=ORIENTED_EDGE('',*,*,#2485,.T.);
#2760=ORIENTED_EDGE('',*,*,#2574,.T.);
#2770=ORIENTED_EDGE('',*,*,#2663,.T.);
#2780=STYLED_ITEM('',(#34),#2781);
#2781=ADVANCED_FACE('',(#2787),#2782,.T.);
#2782=PLANE('',#2783);
#2783=AXIS2_PLACEMENT_3D('',#2784,#2785,#2786);
#2784=CARTESIAN_POINT('',(0.127,-4.42,0.0));
#2785=DIRECTION('',(0.0,1.0,0.0));
#2786=DIRECTION('',(0.,0.,1.));
#2787=FACE_OUTER_BOUND('',#2788,.T.);
#2788=EDGE_LOOP('',(#2789,#2799,#2809,#2819,#2829,#2839));
#2789=ORIENTED_EDGE('',*,*,#2712,.T.);
#2799=ORIENTED_EDGE('',*,*,#2515,.T.);
#2812=CARTESIAN_POINT('',(0.279,-4.42,1.651));
#2811=VERTEX_POINT('',#2812);
#2810=EDGE_CURVE('',#2811,#2506,#2815,.T.);
#2815=LINE('',#2812,#2817);
#2817=VECTOR('',#2818,0.4064);
#2818=DIRECTION('',(-1.0,0.0,0.0));
#2809=ORIENTED_EDGE('',*,*,#2810,.F.);
#2822=CARTESIAN_POINT('',(0.279,-4.42,1.397));
#2821=VERTEX_POINT('',#2822);
#2820=EDGE_CURVE('',#2821,#2811,#2825,.T.);
#2825=LINE('',#2822,#2827);
#2827=VECTOR('',#2828,0.254);
#2828=DIRECTION('',(0.0,0.0,1.0));
#2819=ORIENTED_EDGE('',*,*,#2820,.F.);
#2830=EDGE_CURVE('',#2634,#2821,#2835,.T.);
#2835=LINE('',#2635,#2837);
#2837=VECTOR('',#2838,0.1524);
#2838=DIRECTION('',(1.0,0.0,0.0));
#2829=ORIENTED_EDGE('',*,*,#2830,.F.);
#2839=ORIENTED_EDGE('',*,*,#2633,.T.);
#2849=STYLED_ITEM('',(#34),#2850);
#2850=ADVANCED_FACE('',(#2856),#2851,.T.);
#2851=PLANE('',#2852);
#2852=AXIS2_PLACEMENT_3D('',#2853,#2854,#2855);
#2853=CARTESIAN_POINT('',(-0.127,-5.74,0.0));
#2854=DIRECTION('',(0.0,-1.0,0.0));
#2855=DIRECTION('',(0.,0.,1.));
#2856=FACE_OUTER_BOUND('',#2857,.T.);
#2857=EDGE_LOOP('',(#2858,#2868,#2878,#2888,#2898,#2908));
#2858=ORIENTED_EDGE('',*,*,#2741,.T.);
#2868=ORIENTED_EDGE('',*,*,#2653,.T.);
#2881=CARTESIAN_POINT('',(0.279,-5.74,1.397));
#2880=VERTEX_POINT('',#2881);
#2879=EDGE_CURVE('',#2880,#2644,#2884,.T.);
#2884=LINE('',#2881,#2886);
#2886=VECTOR('',#2887,0.1524);
#2887=DIRECTION('',(-1.0,0.0,0.0));
#2878=ORIENTED_EDGE('',*,*,#2879,.F.);
#2891=CARTESIAN_POINT('',(0.279,-5.74,1.651));
#2890=VERTEX_POINT('',#2891);
#2889=EDGE_CURVE('',#2890,#2880,#2894,.T.);
#2894=LINE('',#2891,#2896);
#2896=VECTOR('',#2897,0.254);
#2897=DIRECTION('',(0.0,0.0,-1.0));
#2888=ORIENTED_EDGE('',*,*,#2889,.F.);
#2899=EDGE_CURVE('',#2496,#2890,#2904,.T.);
#2904=LINE('',#2497,#2906);
#2906=VECTOR('',#2907,0.4064);
#2907=DIRECTION('',(1.0,0.0,0.0));
#2898=ORIENTED_EDGE('',*,*,#2899,.F.);
#2908=ORIENTED_EDGE('',*,*,#2495,.T.);
#2918=STYLED_ITEM('',(#34),#2919);
#2919=ADVANCED_FACE('',(#2925),#2920,.T.);
#2920=PLANE('',#2921);
#2921=AXIS2_PLACEMENT_3D('',#2922,#2923,#2924);
#2922=CARTESIAN_POINT('',(0.279,-5.74,1.397));
#2923=DIRECTION('',(0.0,0.0,-1.0));
#2924=DIRECTION('',(0.,1.,0.));
#2925=FACE_OUTER_BOUND('',#2926,.T.);
#2926=EDGE_LOOP('',(#2927,#2937,#2947,#2957));
#2927=ORIENTED_EDGE('',*,*,#2879,.T.);
#2937=ORIENTED_EDGE('',*,*,#2643,.T.);
#2947=ORIENTED_EDGE('',*,*,#2830,.T.);
#2958=EDGE_CURVE('',#2880,#2821,#2963,.T.);
#2963=LINE('',#2881,#2965);
#2965=VECTOR('',#2966,1.3208);
#2966=DIRECTION('',(0.0,1.0,0.0));
#2957=ORIENTED_EDGE('',*,*,#2958,.F.);
#2967=STYLED_ITEM('',(#34),#2968);
#2968=ADVANCED_FACE('',(#2974),#2969,.T.);
#2969=PLANE('',#2970);
#2970=AXIS2_PLACEMENT_3D('',#2971,#2972,#2973);
#2971=CARTESIAN_POINT('',(0.279,-5.74,1.397));
#2972=DIRECTION('',(1.0,0.0,0.0));
#2973=DIRECTION('',(0.,0.,1.));
#2974=FACE_OUTER_BOUND('',#2975,.T.);
#2975=EDGE_LOOP('',(#2976,#2986,#2996,#3006));
#2976=ORIENTED_EDGE('',*,*,#2958,.T.);
#2986=ORIENTED_EDGE('',*,*,#2820,.T.);
#2997=EDGE_CURVE('',#2890,#2811,#3002,.T.);
#3002=LINE('',#2891,#3004);
#3004=VECTOR('',#3005,1.3208);
#3005=DIRECTION('',(0.0,1.0,0.0));
#2996=ORIENTED_EDGE('',*,*,#2997,.F.);
#3006=ORIENTED_EDGE('',*,*,#2889,.T.);
#3016=STYLED_ITEM('',(#34),#3017);
#3017=ADVANCED_FACE('',(#3023),#3018,.T.);
#3018=PLANE('',#3019);
#3019=AXIS2_PLACEMENT_3D('',#3020,#3021,#3022);
#3020=CARTESIAN_POINT('',(0.279,-4.42,1.651));
#3021=DIRECTION('',(0.0,0.0,1.0));
#3022=DIRECTION('',(0.,1.,0.));
#3023=FACE_OUTER_BOUND('',#3024,.T.);
#3024=EDGE_LOOP('',(#3025,#3035,#3045,#3055));
#3025=ORIENTED_EDGE('',*,*,#2810,.T.);
#3035=ORIENTED_EDGE('',*,*,#2505,.T.);
#3045=ORIENTED_EDGE('',*,*,#2899,.T.);
#3055=ORIENTED_EDGE('',*,*,#2997,.T.);
#3066=MANIFOLD_SOLID_BREP($,#3067);
#3067=CLOSED_SHELL('',(#3069,#3118,#3167,#3256,#3305,#3394,#3443,#3492,#3561,#3630,#3679,#3728));
#3068=STYLED_ITEM('',(#34),#3069);
#3069=ADVANCED_FACE('',(#3075),#3070,.T.);
#3070=PLANE('',#3071);
#3071=AXIS2_PLACEMENT_3D('',#3072,#3073,#3074);
#3072=CARTESIAN_POINT('',(0.127,-42.977,-2.54));
#3073=DIRECTION('',(0.0,0.0,-1.0));
#3074=DIRECTION('',(0.,1.,0.));
#3075=FACE_OUTER_BOUND('',#3076,.T.);
#3076=EDGE_LOOP('',(#3077,#3087,#3097,#3107));
#3080=CARTESIAN_POINT('',(0.127,-43.383,-2.54));
#3079=VERTEX_POINT('',#3080);
#3082=CARTESIAN_POINT('',(0.127,-42.977,-2.54));
#3081=VERTEX_POINT('',#3082);
#3078=EDGE_CURVE('',#3079,#3081,#3083,.T.);
#3083=LINE('',#3080,#3085);
#3085=VECTOR('',#3086,0.4064);
#3086=DIRECTION('',(0.0,1.0,0.0));
#3077=ORIENTED_EDGE('',*,*,#3078,.F.);
#3090=CARTESIAN_POINT('',(-0.127,-43.383,-2.54));
#3089=VERTEX_POINT('',#3090);
#3088=EDGE_CURVE('',#3089,#3079,#3093,.T.);
#3093=LINE('',#3090,#3095);
#3095=VECTOR('',#3096,0.254);
#3096=DIRECTION('',(1.0,0.0,0.0));
#3087=ORIENTED_EDGE('',*,*,#3088,.F.);
#3100=CARTESIAN_POINT('',(-0.127,-42.977,-2.54));
#3099=VERTEX_POINT('',#3100);
#3098=EDGE_CURVE('',#3099,#3089,#3103,.T.);
#3103=LINE('',#3100,#3105);
#3105=VECTOR('',#3106,0.4064);
#3106=DIRECTION('',(0.0,-1.0,0.0));
#3097=ORIENTED_EDGE('',*,*,#3098,.F.);
#3108=EDGE_CURVE('',#3081,#3099,#3113,.T.);
#3113=LINE('',#3082,#3115);
#3115=VECTOR('',#3116,0.254);
#3116=DIRECTION('',(-1.0,0.0,0.0));
#3107=ORIENTED_EDGE('',*,*,#3108,.F.);
#3117=STYLED_ITEM('',(#34),#3118);
#3118=ADVANCED_FACE('',(#3124),#3119,.T.);
#3119=PLANE('',#3120);
#3120=AXIS2_PLACEMENT_3D('',#3121,#3122,#3123);
#3121=CARTESIAN_POINT('',(0.127,-42.977,-2.54));
#3122=DIRECTION('',(0.0,1.0,0.0));
#3123=DIRECTION('',(0.,0.,1.));
#3124=FACE_OUTER_BOUND('',#3125,.T.);
#3125=EDGE_LOOP('',(#3126,#3136,#3146,#3156));
#3126=ORIENTED_EDGE('',*,*,#3108,.T.);
#3139=CARTESIAN_POINT('',(-0.127,-42.977,0.0));
#3138=VERTEX_POINT('',#3139);
#3137=EDGE_CURVE('',#3138,#3099,#3142,.T.);
#3142=LINE('',#3139,#3144);
#3144=VECTOR('',#3145,2.54);
#3145=DIRECTION('',(0.0,0.0,-1.0));
#3136=ORIENTED_EDGE('',*,*,#3137,.F.);
#3149=CARTESIAN_POINT('',(0.127,-42.977,0.0));
#3148=VERTEX_POINT('',#3149);
#3147=EDGE_CURVE('',#3148,#3138,#3152,.T.);
#3152=LINE('',#3149,#3154);
#3154=VECTOR('',#3155,0.254);
#3155=DIRECTION('',(-1.0,0.0,0.0));
#3146=ORIENTED_EDGE('',*,*,#3147,.F.);
#3157=EDGE_CURVE('',#3081,#3148,#3162,.T.);
#3162=LINE('',#3082,#3164);
#3164=VECTOR('',#3165,2.54);
#3165=DIRECTION('',(0.0,0.0,1.0));
#3156=ORIENTED_EDGE('',*,*,#3157,.F.);
#3166=STYLED_ITEM('',(#34),#3167);
#3167=ADVANCED_FACE('',(#3173),#3168,.T.);
#3168=PLANE('',#3169);
#3169=AXIS2_PLACEMENT_3D('',#3170,#3171,#3172);
#3170=CARTESIAN_POINT('',(-0.127,-42.977,-2.54));
#3171=DIRECTION('',(-1.0,0.0,0.0));
#3172=DIRECTION('',(0.,0.,1.));
#3173=FACE_OUTER_BOUND('',#3174,.T.);
#3174=EDGE_LOOP('',(#3175,#3185,#3195,#3205,#3215,#3225,#3235,#3245));
#3175=ORIENTED_EDGE('',*,*,#3098,.T.);
#3188=CARTESIAN_POINT('',(-0.127,-43.383,0.0));
#3187=VERTEX_POINT('',#3188);
#3186=EDGE_CURVE('',#3187,#3089,#3191,.T.);
#3191=LINE('',#3188,#3193);
#3193=VECTOR('',#3194,2.54);
#3194=DIRECTION('',(0.0,0.0,-1.0));
#3185=ORIENTED_EDGE('',*,*,#3186,.F.);
#3198=CARTESIAN_POINT('',(-0.127,-43.84,0.0));
#3197=VERTEX_POINT('',#3198);
#3196=EDGE_CURVE('',#3197,#3187,#3201,.T.);
#3201=LINE('',#3198,#3203);
#3203=VECTOR('',#3204,0.4572);
#3204=DIRECTION('',(0.0,1.0,0.0));
#3195=ORIENTED_EDGE('',*,*,#3196,.F.);
#3208=CARTESIAN_POINT('',(-0.127,-43.84,1.651));
#3207=VERTEX_POINT('',#3208);
#3206=EDGE_CURVE('',#3207,#3197,#3211,.T.);
#3211=LINE('',#3208,#3213);
#3213=VECTOR('',#3214,1.651);
#3214=DIRECTION('',(0.0,0.0,-1.0));
#3205=ORIENTED_EDGE('',*,*,#3206,.F.);
#3218=CARTESIAN_POINT('',(-0.127,-42.52,1.651));
#3217=VERTEX_POINT('',#3218);
#3216=EDGE_CURVE('',#3217,#3207,#3221,.T.);
#3221=LINE('',#3218,#3223);
#3223=VECTOR('',#3224,1.3208);
#3224=DIRECTION('',(0.0,-1.0,0.0));
#3215=ORIENTED_EDGE('',*,*,#3216,.F.);
#3228=CARTESIAN_POINT('',(-0.127,-42.52,0.0));
#3227=VERTEX_POINT('',#3228);
#3226=EDGE_CURVE('',#3227,#3217,#3231,.T.);
#3231=LINE('',#3228,#3233);
#3233=VECTOR('',#3234,1.651);
#3234=DIRECTION('',(0.0,0.0,1.0));
#3225=ORIENTED_EDGE('',*,*,#3226,.F.);
#3236=EDGE_CURVE('',#3138,#3227,#3241,.T.);
#3241=LINE('',#3139,#3243);
#3243=VECTOR('',#3244,0.4572);
#3244=DIRECTION('',(0.0,1.0,0.0));
#3235=ORIENTED_EDGE('',*,*,#3236,.F.);
#3245=ORIENTED_EDGE('',*,*,#3137,.T.);
#3255=STYLED_ITEM('',(#34),#3256);
#3256=ADVANCED_FACE('',(#3262),#3257,.T.);
#3257=PLANE('',#3258);
#3258=AXIS2_PLACEMENT_3D('',#3259,#3260,#3261);
#3259=CARTESIAN_POINT('',(-0.127,-43.383,-2.54));
#3260=DIRECTION('',(0.0,-1.0,0.0));
#3261=DIRECTION('',(0.,0.,1.));
#3262=FACE_OUTER_BOUND('',#3263,.T.);
#3263=EDGE_LOOP('',(#3264,#3274,#3284,#3294));
#3264=ORIENTED_EDGE('',*,*,#3088,.T.);
#3277=CARTESIAN_POINT('',(0.127,-43.383,0.0));
#3276=VERTEX_POINT('',#3277);
#3275=EDGE_CURVE('',#3276,#3079,#3280,.T.);
#3280=LINE('',#3277,#3282);
#3282=VECTOR('',#3283,2.54);
#3283=DIRECTION('',(0.0,0.0,-1.0));
#3274=ORIENTED_EDGE('',*,*,#3275,.F.);
#3285=EDGE_CURVE('',#3187,#3276,#3290,.T.);
#3290=LINE('',#3188,#3292);
#3292=VECTOR('',#3293,0.254);
#3293=DIRECTION('',(1.0,0.0,0.0));
#3284=ORIENTED_EDGE('',*,*,#3285,.F.);
#3294=ORIENTED_EDGE('',*,*,#3186,.T.);
#3304=STYLED_ITEM('',(#34),#3305);
#3305=ADVANCED_FACE('',(#3311),#3306,.T.);
#3306=PLANE('',#3307);
#3307=AXIS2_PLACEMENT_3D('',#3308,#3309,#3310);
#3308=CARTESIAN_POINT('',(0.127,-43.383,-2.54));
#3309=DIRECTION('',(1.0,0.0,0.0));
#3310=DIRECTION('',(0.,0.,1.));
#3311=FACE_OUTER_BOUND('',#3312,.T.);
#3312=EDGE_LOOP('',(#3313,#3323,#3333,#3343,#3353,#3363,#3373,#3383));
#3313=ORIENTED_EDGE('',*,*,#3078,.T.);
#3323=ORIENTED_EDGE('',*,*,#3157,.T.);
#3336=CARTESIAN_POINT('',(0.127,-42.52,0.0));
#3335=VERTEX_POINT('',#3336);
#3334=EDGE_CURVE('',#3335,#3148,#3339,.T.);
#3339=LINE('',#3336,#3341);
#3341=VECTOR('',#3342,0.4572);
#3342=DIRECTION('',(0.0,-1.0,0.0));
#3333=ORIENTED_EDGE('',*,*,#3334,.F.);
#3346=CARTESIAN_POINT('',(0.127,-42.52,1.397));
#3345=VERTEX_POINT('',#3346);
#3344=EDGE_CURVE('',#3345,#3335,#3349,.T.);
#3349=LINE('',#3346,#3351);
#3351=VECTOR('',#3352,1.397);
#3352=DIRECTION('',(0.0,0.0,-1.0));
#3343=ORIENTED_EDGE('',*,*,#3344,.F.);
#3356=CARTESIAN_POINT('',(0.127,-43.84,1.397));
#3355=VERTEX_POINT('',#3356);
#3354=EDGE_CURVE('',#3355,#3345,#3359,.T.);
#3359=LINE('',#3356,#3361);
#3361=VECTOR('',#3362,1.3208);
#3362=DIRECTION('',(0.0,1.0,0.0));
#3353=ORIENTED_EDGE('',*,*,#3354,.F.);
#3366=CARTESIAN_POINT('',(0.127,-43.84,0.0));
#3365=VERTEX_POINT('',#3366);
#3364=EDGE_CURVE('',#3365,#3355,#3369,.T.);
#3369=LINE('',#3366,#3371);
#3371=VECTOR('',#3372,1.397);
#3372=DIRECTION('',(0.0,0.0,1.0));
#3363=ORIENTED_EDGE('',*,*,#3364,.F.);
#3374=EDGE_CURVE('',#3276,#3365,#3379,.T.);
#3379=LINE('',#3277,#3381);
#3381=VECTOR('',#3382,0.4572);
#3382=DIRECTION('',(0.0,-1.0,0.0));
#3373=ORIENTED_EDGE('',*,*,#3374,.F.);
#3383=ORIENTED_EDGE('',*,*,#3275,.T.);
#3393=STYLED_ITEM('',(#34),#3394);
#3394=ADVANCED_FACE('',(#3400),#3395,.T.);
#3395=PLANE('',#3396);
#3396=AXIS2_PLACEMENT_3D('',#3397,#3398,#3399);
#3397=CARTESIAN_POINT('',(0.127,-42.977,0.0));
#3398=DIRECTION('',(0.0,0.0,-1.0));
#3399=DIRECTION('',(0.,1.,0.));
#3400=FACE_OUTER_BOUND('',#3401,.T.);
#3401=EDGE_LOOP('',(#3402,#3412,#3422,#3432));
#3402=ORIENTED_EDGE('',*,*,#3147,.T.);
#3412=ORIENTED_EDGE('',*,*,#3236,.T.);
#3423=EDGE_CURVE('',#3335,#3227,#3428,.T.);
#3428=LINE('',#3336,#3430);
#3430=VECTOR('',#3431,0.254);
#3431=DIRECTION('',(-1.0,0.0,0.0));
#3422=ORIENTED_EDGE('',*,*,#3423,.F.);
#3432=ORIENTED_EDGE('',*,*,#3334,.T.);
#3442=STYLED_ITEM('',(#34),#3443);
#3443=ADVANCED_FACE('',(#3449),#3444,.T.);
#3444=PLANE('',#3445);
#3445=AXIS2_PLACEMENT_3D('',#3446,#3447,#3448);
#3446=CARTESIAN_POINT('',(0.127,-43.84,0.0));
#3447=DIRECTION('',(0.0,0.0,-1.0));
#3448=DIRECTION('',(0.,1.,0.));
#3449=FACE_OUTER_BOUND('',#3450,.T.);
#3450=EDGE_LOOP('',(#3451,#3461,#3471,#3481));
#3452=EDGE_CURVE('',#3197,#3365,#3457,.T.);
#3457=LINE('',#3198,#3459);
#3459=VECTOR('',#3460,0.254);
#3460=DIRECTION('',(1.0,0.0,0.0));
#3451=ORIENTED_EDGE('',*,*,#3452,.F.);
#3461=ORIENTED_EDGE('',*,*,#3196,.T.);
#3471=ORIENTED_EDGE('',*,*,#3285,.T.);
#3481=ORIENTED_EDGE('',*,*,#3374,.T.);
#3491=STYLED_ITEM('',(#34),#3492);
#3492=ADVANCED_FACE('',(#3498),#3493,.T.);
#3493=PLANE('',#3494);
#3494=AXIS2_PLACEMENT_3D('',#3495,#3496,#3497);
#3495=CARTESIAN_POINT('',(0.127,-42.52,0.0));
#3496=DIRECTION('',(0.0,1.0,0.0));
#3497=DIRECTION('',(0.,0.,1.));
#3498=FACE_OUTER_BOUND('',#3499,.T.);
#3499=EDGE_LOOP('',(#3500,#3510,#3520,#3530,#3540,#3550));
#3500=ORIENTED_EDGE('',*,*,#3423,.T.);
#3510=ORIENTED_EDGE('',*,*,#3226,.T.);
#3523=CARTESIAN_POINT('',(0.279,-42.52,1.651));
#3522=VERTEX_POINT('',#3523);
#3521=EDGE_CURVE('',#3522,#3217,#3526,.T.);
#3526=LINE('',#3523,#3528);
#3528=VECTOR('',#3529,0.4064);
#3529=DIRECTION('',(-1.0,0.0,0.0));
#3520=ORIENTED_EDGE('',*,*,#3521,.F.);
#3533=CARTESIAN_POINT('',(0.279,-42.52,1.397));
#3532=VERTEX_POINT('',#3533);
#3531=EDGE_CURVE('',#3532,#3522,#3536,.T.);
#3536=LINE('',#3533,#3538);
#3538=VECTOR('',#3539,0.254);
#3539=DIRECTION('',(0.0,0.0,1.0));
#3530=ORIENTED_EDGE('',*,*,#3531,.F.);
#3541=EDGE_CURVE('',#3345,#3532,#3546,.T.);
#3546=LINE('',#3346,#3548);
#3548=VECTOR('',#3549,0.1524);
#3549=DIRECTION('',(1.0,0.0,0.0));
#3540=ORIENTED_EDGE('',*,*,#3541,.F.);
#3550=ORIENTED_EDGE('',*,*,#3344,.T.);
#3560=STYLED_ITEM('',(#34),#3561);
#3561=ADVANCED_FACE('',(#3567),#3562,.T.);
#3562=PLANE('',#3563);
#3563=AXIS2_PLACEMENT_3D('',#3564,#3565,#3566);
#3564=CARTESIAN_POINT('',(-0.127,-43.84,0.0));
#3565=DIRECTION('',(0.0,-1.0,0.0));
#3566=DIRECTION('',(0.,0.,1.));
#3567=FACE_OUTER_BOUND('',#3568,.T.);
#3568=EDGE_LOOP('',(#3569,#3579,#3589,#3599,#3609,#3619));
#3569=ORIENTED_EDGE('',*,*,#3452,.T.);
#3579=ORIENTED_EDGE('',*,*,#3364,.T.);
#3592=CARTESIAN_POINT('',(0.279,-43.84,1.397));
#3591=VERTEX_POINT('',#3592);
#3590=EDGE_CURVE('',#3591,#3355,#3595,.T.);
#3595=LINE('',#3592,#3597);
#3597=VECTOR('',#3598,0.1524);
#3598=DIRECTION('',(-1.0,0.0,0.0));
#3589=ORIENTED_EDGE('',*,*,#3590,.F.);
#3602=CARTESIAN_POINT('',(0.279,-43.84,1.651));
#3601=VERTEX_POINT('',#3602);
#3600=EDGE_CURVE('',#3601,#3591,#3605,.T.);
#3605=LINE('',#3602,#3607);
#3607=VECTOR('',#3608,0.254);
#3608=DIRECTION('',(0.0,0.0,-1.0));
#3599=ORIENTED_EDGE('',*,*,#3600,.F.);
#3610=EDGE_CURVE('',#3207,#3601,#3615,.T.);
#3615=LINE('',#3208,#3617);
#3617=VECTOR('',#3618,0.4064);
#3618=DIRECTION('',(1.0,0.0,0.0));
#3609=ORIENTED_EDGE('',*,*,#3610,.F.);
#3619=ORIENTED_EDGE('',*,*,#3206,.T.);
#3629=STYLED_ITEM('',(#34),#3630);
#3630=ADVANCED_FACE('',(#3636),#3631,.T.);
#3631=PLANE('',#3632);
#3632=AXIS2_PLACEMENT_3D('',#3633,#3634,#3635);
#3633=CARTESIAN_POINT('',(0.279,-43.84,1.397));
#3634=DIRECTION('',(0.0,0.0,-1.0));
#3635=DIRECTION('',(0.,1.,0.));
#3636=FACE_OUTER_BOUND('',#3637,.T.);
#3637=EDGE_LOOP('',(#3638,#3648,#3658,#3668));
#3638=ORIENTED_EDGE('',*,*,#3590,.T.);
#3648=ORIENTED_EDGE('',*,*,#3354,.T.);
#3658=ORIENTED_EDGE('',*,*,#3541,.T.);
#3669=EDGE_CURVE('',#3591,#3532,#3674,.T.);
#3674=LINE('',#3592,#3676);
#3676=VECTOR('',#3677,1.3208);
#3677=DIRECTION('',(0.0,1.0,0.0));
#3668=ORIENTED_EDGE('',*,*,#3669,.F.);
#3678=STYLED_ITEM('',(#34),#3679);
#3679=ADVANCED_FACE('',(#3685),#3680,.T.);
#3680=PLANE('',#3681);
#3681=AXIS2_PLACEMENT_3D('',#3682,#3683,#3684);
#3682=CARTESIAN_POINT('',(0.279,-43.84,1.397));
#3683=DIRECTION('',(1.0,0.0,0.0));
#3684=DIRECTION('',(0.,0.,1.));
#3685=FACE_OUTER_BOUND('',#3686,.T.);
#3686=EDGE_LOOP('',(#3687,#3697,#3707,#3717));
#3687=ORIENTED_EDGE('',*,*,#3669,.T.);
#3697=ORIENTED_EDGE('',*,*,#3531,.T.);
#3708=EDGE_CURVE('',#3601,#3522,#3713,.T.);
#3713=LINE('',#3602,#3715);
#3715=VECTOR('',#3716,1.3208);
#3716=DIRECTION('',(0.0,1.0,0.0));
#3707=ORIENTED_EDGE('',*,*,#3708,.F.);
#3717=ORIENTED_EDGE('',*,*,#3600,.T.);
#3727=STYLED_ITEM('',(#34),#3728);
#3728=ADVANCED_FACE('',(#3734),#3729,.T.);
#3729=PLANE('',#3730);
#3730=AXIS2_PLACEMENT_3D('',#3731,#3732,#3733);
#3731=CARTESIAN_POINT('',(0.279,-42.52,1.651));
#3732=DIRECTION('',(0.0,0.0,1.0));
#3733=DIRECTION('',(0.,1.,0.));
#3734=FACE_OUTER_BOUND('',#3735,.T.);
#3735=EDGE_LOOP('',(#3736,#3746,#3756,#3766));
#3736=ORIENTED_EDGE('',*,*,#3521,.T.);
#3746=ORIENTED_EDGE('',*,*,#3216,.T.);
#3756=ORIENTED_EDGE('',*,*,#3610,.T.);
#3766=ORIENTED_EDGE('',*,*,#3708,.T.);
#3777=MANIFOLD_SOLID_BREP($,#3778);
#3778=CLOSED_SHELL('',(#3780,#3829,#3878,#3967,#4016,#4105,#4154,#4203,#4272,#4341,#4390,#4439));
#3779=STYLED_ITEM('',(#34),#3780);
#3780=ADVANCED_FACE('',(#3786),#3781,.T.);
#3781=PLANE('',#3782);
#3782=AXIS2_PLACEMENT_3D('',#3783,#3784,#3785);
#3783=CARTESIAN_POINT('',(0.127,-45.517,-2.54));
#3784=DIRECTION('',(0.0,0.0,-1.0));
#3785=DIRECTION('',(0.,1.,0.));
#3786=FACE_OUTER_BOUND('',#3787,.T.);
#3787=EDGE_LOOP('',(#3788,#3798,#3808,#3818));
#3791=CARTESIAN_POINT('',(0.127,-45.923,-2.54));
#3790=VERTEX_POINT('',#3791);
#3793=CARTESIAN_POINT('',(0.127,-45.517,-2.54));
#3792=VERTEX_POINT('',#3793);
#3789=EDGE_CURVE('',#3790,#3792,#3794,.T.);
#3794=LINE('',#3791,#3796);
#3796=VECTOR('',#3797,0.4064);
#3797=DIRECTION('',(0.0,1.0,0.0));
#3788=ORIENTED_EDGE('',*,*,#3789,.F.);
#3801=CARTESIAN_POINT('',(-0.127,-45.923,-2.54));
#3800=VERTEX_POINT('',#3801);
#3799=EDGE_CURVE('',#3800,#3790,#3804,.T.);
#3804=LINE('',#3801,#3806);
#3806=VECTOR('',#3807,0.254);
#3807=DIRECTION('',(1.0,0.0,0.0));
#3798=ORIENTED_EDGE('',*,*,#3799,.F.);
#3811=CARTESIAN_POINT('',(-0.127,-45.517,-2.54));
#3810=VERTEX_POINT('',#3811);
#3809=EDGE_CURVE('',#3810,#3800,#3814,.T.);
#3814=LINE('',#3811,#3816);
#3816=VECTOR('',#3817,0.4064);
#3817=DIRECTION('',(0.0,-1.0,0.0));
#3808=ORIENTED_EDGE('',*,*,#3809,.F.);
#3819=EDGE_CURVE('',#3792,#3810,#3824,.T.);
#3824=LINE('',#3793,#3826);
#3826=VECTOR('',#3827,0.254);
#3827=DIRECTION('',(-1.0,0.0,0.0));
#3818=ORIENTED_EDGE('',*,*,#3819,.F.);
#3828=STYLED_ITEM('',(#34),#3829);
#3829=ADVANCED_FACE('',(#3835),#3830,.T.);
#3830=PLANE('',#3831);
#3831=AXIS2_PLACEMENT_3D('',#3832,#3833,#3834);
#3832=CARTESIAN_POINT('',(0.127,-45.517,-2.54));
#3833=DIRECTION('',(0.0,1.0,0.0));
#3834=DIRECTION('',(0.,0.,1.));
#3835=FACE_OUTER_BOUND('',#3836,.T.);
#3836=EDGE_LOOP('',(#3837,#3847,#3857,#3867));
#3837=ORIENTED_EDGE('',*,*,#3819,.T.);
#3850=CARTESIAN_POINT('',(-0.127,-45.517,0.0));
#3849=VERTEX_POINT('',#3850);
#3848=EDGE_CURVE('',#3849,#3810,#3853,.T.);
#3853=LINE('',#3850,#3855);
#3855=VECTOR('',#3856,2.54);
#3856=DIRECTION('',(0.0,0.0,-1.0));
#3847=ORIENTED_EDGE('',*,*,#3848,.F.);
#3860=CARTESIAN_POINT('',(0.127,-45.517,0.0));
#3859=VERTEX_POINT('',#3860);
#3858=EDGE_CURVE('',#3859,#3849,#3863,.T.);
#3863=LINE('',#3860,#3865);
#3865=VECTOR('',#3866,0.254);
#3866=DIRECTION('',(-1.0,0.0,0.0));
#3857=ORIENTED_EDGE('',*,*,#3858,.F.);
#3868=EDGE_CURVE('',#3792,#3859,#3873,.T.);
#3873=LINE('',#3793,#3875);
#3875=VECTOR('',#3876,2.54);
#3876=DIRECTION('',(0.0,0.0,1.0));
#3867=ORIENTED_EDGE('',*,*,#3868,.F.);
#3877=STYLED_ITEM('',(#34),#3878);
#3878=ADVANCED_FACE('',(#3884),#3879,.T.);
#3879=PLANE('',#3880);
#3880=AXIS2_PLACEMENT_3D('',#3881,#3882,#3883);
#3881=CARTESIAN_POINT('',(-0.127,-45.517,-2.54));
#3882=DIRECTION('',(-1.0,0.0,0.0));
#3883=DIRECTION('',(0.,0.,1.));
#3884=FACE_OUTER_BOUND('',#3885,.T.);
#3885=EDGE_LOOP('',(#3886,#3896,#3906,#3916,#3926,#3936,#3946,#3956));
#3886=ORIENTED_EDGE('',*,*,#3809,.T.);
#3899=CARTESIAN_POINT('',(-0.127,-45.923,0.0));
#3898=VERTEX_POINT('',#3899);
#3897=EDGE_CURVE('',#3898,#3800,#3902,.T.);
#3902=LINE('',#3899,#3904);
#3904=VECTOR('',#3905,2.54);
#3905=DIRECTION('',(0.0,0.0,-1.0));
#3896=ORIENTED_EDGE('',*,*,#3897,.F.);
#3909=CARTESIAN_POINT('',(-0.127,-46.38,0.0));
#3908=VERTEX_POINT('',#3909);
#3907=EDGE_CURVE('',#3908,#3898,#3912,.T.);
#3912=LINE('',#3909,#3914);
#3914=VECTOR('',#3915,0.4572);
#3915=DIRECTION('',(0.0,1.0,0.0));
#3906=ORIENTED_EDGE('',*,*,#3907,.F.);
#3919=CARTESIAN_POINT('',(-0.127,-46.38,1.651));
#3918=VERTEX_POINT('',#3919);
#3917=EDGE_CURVE('',#3918,#3908,#3922,.T.);
#3922=LINE('',#3919,#3924);
#3924=VECTOR('',#3925,1.651);
#3925=DIRECTION('',(0.0,0.0,-1.0));
#3916=ORIENTED_EDGE('',*,*,#3917,.F.);
#3929=CARTESIAN_POINT('',(-0.127,-45.06,1.651));
#3928=VERTEX_POINT('',#3929);
#3927=EDGE_CURVE('',#3928,#3918,#3932,.T.);
#3932=LINE('',#3929,#3934);
#3934=VECTOR('',#3935,1.3208);
#3935=DIRECTION('',(0.0,-1.0,0.0));
#3926=ORIENTED_EDGE('',*,*,#3927,.F.);
#3939=CARTESIAN_POINT('',(-0.127,-45.06,0.0));
#3938=VERTEX_POINT('',#3939);
#3937=EDGE_CURVE('',#3938,#3928,#3942,.T.);
#3942=LINE('',#3939,#3944);
#3944=VECTOR('',#3945,1.651);
#3945=DIRECTION('',(0.0,0.0,1.0));
#3936=ORIENTED_EDGE('',*,*,#3937,.F.);
#3947=EDGE_CURVE('',#3849,#3938,#3952,.T.);
#3952=LINE('',#3850,#3954);
#3954=VECTOR('',#3955,0.4572);
#3955=DIRECTION('',(0.0,1.0,0.0));
#3946=ORIENTED_EDGE('',*,*,#3947,.F.);
#3956=ORIENTED_EDGE('',*,*,#3848,.T.);
#3966=STYLED_ITEM('',(#34),#3967);
#3967=ADVANCED_FACE('',(#3973),#3968,.T.);
#3968=PLANE('',#3969);
#3969=AXIS2_PLACEMENT_3D('',#3970,#3971,#3972);
#3970=CARTESIAN_POINT('',(-0.127,-45.923,-2.54));
#3971=DIRECTION('',(0.0,-1.0,0.0));
#3972=DIRECTION('',(0.,0.,1.));
#3973=FACE_OUTER_BOUND('',#3974,.T.);
#3974=EDGE_LOOP('',(#3975,#3985,#3995,#4005));
#3975=ORIENTED_EDGE('',*,*,#3799,.T.);
#3988=CARTESIAN_POINT('',(0.127,-45.923,0.0));
#3987=VERTEX_POINT('',#3988);
#3986=EDGE_CURVE('',#3987,#3790,#3991,.T.);
#3991=LINE('',#3988,#3993);
#3993=VECTOR('',#3994,2.54);
#3994=DIRECTION('',(0.0,0.0,-1.0));
#3985=ORIENTED_EDGE('',*,*,#3986,.F.);
#3996=EDGE_CURVE('',#3898,#3987,#4001,.T.);
#4001=LINE('',#3899,#4003);
#4003=VECTOR('',#4004,0.254);
#4004=DIRECTION('',(1.0,0.0,0.0));
#3995=ORIENTED_EDGE('',*,*,#3996,.F.);
#4005=ORIENTED_EDGE('',*,*,#3897,.T.);
#4015=STYLED_ITEM('',(#34),#4016);
#4016=ADVANCED_FACE('',(#4022),#4017,.T.);
#4017=PLANE('',#4018);
#4018=AXIS2_PLACEMENT_3D('',#4019,#4020,#4021);
#4019=CARTESIAN_POINT('',(0.127,-45.923,-2.54));
#4020=DIRECTION('',(1.0,0.0,0.0));
#4021=DIRECTION('',(0.,0.,1.));
#4022=FACE_OUTER_BOUND('',#4023,.T.);
#4023=EDGE_LOOP('',(#4024,#4034,#4044,#4054,#4064,#4074,#4084,#4094));
#4024=ORIENTED_EDGE('',*,*,#3789,.T.);
#4034=ORIENTED_EDGE('',*,*,#3868,.T.);
#4047=CARTESIAN_POINT('',(0.127,-45.06,0.0));
#4046=VERTEX_POINT('',#4047);
#4045=EDGE_CURVE('',#4046,#3859,#4050,.T.);
#4050=LINE('',#4047,#4052);
#4052=VECTOR('',#4053,0.4572);
#4053=DIRECTION('',(0.0,-1.0,0.0));
#4044=ORIENTED_EDGE('',*,*,#4045,.F.);
#4057=CARTESIAN_POINT('',(0.127,-45.06,1.397));
#4056=VERTEX_POINT('',#4057);
#4055=EDGE_CURVE('',#4056,#4046,#4060,.T.);
#4060=LINE('',#4057,#4062);
#4062=VECTOR('',#4063,1.397);
#4063=DIRECTION('',(0.0,0.0,-1.0));
#4054=ORIENTED_EDGE('',*,*,#4055,.F.);
#4067=CARTESIAN_POINT('',(0.127,-46.38,1.397));
#4066=VERTEX_POINT('',#4067);
#4065=EDGE_CURVE('',#4066,#4056,#4070,.T.);
#4070=LINE('',#4067,#4072);
#4072=VECTOR('',#4073,1.3208);
#4073=DIRECTION('',(0.0,1.0,0.0));
#4064=ORIENTED_EDGE('',*,*,#4065,.F.);
#4077=CARTESIAN_POINT('',(0.127,-46.38,0.0));
#4076=VERTEX_POINT('',#4077);
#4075=EDGE_CURVE('',#4076,#4066,#4080,.T.);
#4080=LINE('',#4077,#4082);
#4082=VECTOR('',#4083,1.397);
#4083=DIRECTION('',(0.0,0.0,1.0));
#4074=ORIENTED_EDGE('',*,*,#4075,.F.);
#4085=EDGE_CURVE('',#3987,#4076,#4090,.T.);
#4090=LINE('',#3988,#4092);
#4092=VECTOR('',#4093,0.4572);
#4093=DIRECTION('',(0.0,-1.0,0.0));
#4084=ORIENTED_EDGE('',*,*,#4085,.F.);
#4094=ORIENTED_EDGE('',*,*,#3986,.T.);
#4104=STYLED_ITEM('',(#34),#4105);
#4105=ADVANCED_FACE('',(#4111),#4106,.T.);
#4106=PLANE('',#4107);
#4107=AXIS2_PLACEMENT_3D('',#4108,#4109,#4110);
#4108=CARTESIAN_POINT('',(0.127,-45.517,0.0));
#4109=DIRECTION('',(0.0,0.0,-1.0));
#4110=DIRECTION('',(0.,1.,0.));
#4111=FACE_OUTER_BOUND('',#4112,.T.);
#4112=EDGE_LOOP('',(#4113,#4123,#4133,#4143));
#4113=ORIENTED_EDGE('',*,*,#3858,.T.);
#4123=ORIENTED_EDGE('',*,*,#3947,.T.);
#4134=EDGE_CURVE('',#4046,#3938,#4139,.T.);
#4139=LINE('',#4047,#4141);
#4141=VECTOR('',#4142,0.254);
#4142=DIRECTION('',(-1.0,0.0,0.0));
#4133=ORIENTED_EDGE('',*,*,#4134,.F.);
#4143=ORIENTED_EDGE('',*,*,#4045,.T.);
#4153=STYLED_ITEM('',(#34),#4154);
#4154=ADVANCED_FACE('',(#4160),#4155,.T.);
#4155=PLANE('',#4156);
#4156=AXIS2_PLACEMENT_3D('',#4157,#4158,#4159);
#4157=CARTESIAN_POINT('',(0.127,-46.38,0.0));
#4158=DIRECTION('',(0.0,0.0,-1.0));
#4159=DIRECTION('',(0.,1.,0.));
#4160=FACE_OUTER_BOUND('',#4161,.T.);
#4161=EDGE_LOOP('',(#4162,#4172,#4182,#4192));
#4163=EDGE_CURVE('',#3908,#4076,#4168,.T.);
#4168=LINE('',#3909,#4170);
#4170=VECTOR('',#4171,0.254);
#4171=DIRECTION('',(1.0,0.0,0.0));
#4162=ORIENTED_EDGE('',*,*,#4163,.F.);
#4172=ORIENTED_EDGE('',*,*,#3907,.T.);
#4182=ORIENTED_EDGE('',*,*,#3996,.T.);
#4192=ORIENTED_EDGE('',*,*,#4085,.T.);
#4202=STYLED_ITEM('',(#34),#4203);
#4203=ADVANCED_FACE('',(#4209),#4204,.T.);
#4204=PLANE('',#4205);
#4205=AXIS2_PLACEMENT_3D('',#4206,#4207,#4208);
#4206=CARTESIAN_POINT('',(0.127,-45.06,0.0));
#4207=DIRECTION('',(0.0,1.0,0.0));
#4208=DIRECTION('',(0.,0.,1.));
#4209=FACE_OUTER_BOUND('',#4210,.T.);
#4210=EDGE_LOOP('',(#4211,#4221,#4231,#4241,#4251,#4261));
#4211=ORIENTED_EDGE('',*,*,#4134,.T.);
#4221=ORIENTED_EDGE('',*,*,#3937,.T.);
#4234=CARTESIAN_POINT('',(0.279,-45.06,1.651));
#4233=VERTEX_POINT('',#4234);
#4232=EDGE_CURVE('',#4233,#3928,#4237,.T.);
#4237=LINE('',#4234,#4239);
#4239=VECTOR('',#4240,0.4064);
#4240=DIRECTION('',(-1.0,0.0,0.0));
#4231=ORIENTED_EDGE('',*,*,#4232,.F.);
#4244=CARTESIAN_POINT('',(0.279,-45.06,1.397));
#4243=VERTEX_POINT('',#4244);
#4242=EDGE_CURVE('',#4243,#4233,#4247,.T.);
#4247=LINE('',#4244,#4249);
#4249=VECTOR('',#4250,0.254);
#4250=DIRECTION('',(0.0,0.0,1.0));
#4241=ORIENTED_EDGE('',*,*,#4242,.F.);
#4252=EDGE_CURVE('',#4056,#4243,#4257,.T.);
#4257=LINE('',#4057,#4259);
#4259=VECTOR('',#4260,0.1524);
#4260=DIRECTION('',(1.0,0.0,0.0));
#4251=ORIENTED_EDGE('',*,*,#4252,.F.);
#4261=ORIENTED_EDGE('',*,*,#4055,.T.);
#4271=STYLED_ITEM('',(#34),#4272);
#4272=ADVANCED_FACE('',(#4278),#4273,.T.);
#4273=PLANE('',#4274);
#4274=AXIS2_PLACEMENT_3D('',#4275,#4276,#4277);
#4275=CARTESIAN_POINT('',(-0.127,-46.38,0.0));
#4276=DIRECTION('',(0.0,-1.0,0.0));
#4277=DIRECTION('',(0.,0.,1.));
#4278=FACE_OUTER_BOUND('',#4279,.T.);
#4279=EDGE_LOOP('',(#4280,#4290,#4300,#4310,#4320,#4330));
#4280=ORIENTED_EDGE('',*,*,#4163,.T.);
#4290=ORIENTED_EDGE('',*,*,#4075,.T.);
#4303=CARTESIAN_POINT('',(0.279,-46.38,1.397));
#4302=VERTEX_POINT('',#4303);
#4301=EDGE_CURVE('',#4302,#4066,#4306,.T.);
#4306=LINE('',#4303,#4308);
#4308=VECTOR('',#4309,0.1524);
#4309=DIRECTION('',(-1.0,0.0,0.0));
#4300=ORIENTED_EDGE('',*,*,#4301,.F.);
#4313=CARTESIAN_POINT('',(0.279,-46.38,1.651));
#4312=VERTEX_POINT('',#4313);
#4311=EDGE_CURVE('',#4312,#4302,#4316,.T.);
#4316=LINE('',#4313,#4318);
#4318=VECTOR('',#4319,0.254);
#4319=DIRECTION('',(0.0,0.0,-1.0));
#4310=ORIENTED_EDGE('',*,*,#4311,.F.);
#4321=EDGE_CURVE('',#3918,#4312,#4326,.T.);
#4326=LINE('',#3919,#4328);
#4328=VECTOR('',#4329,0.4064);
#4329=DIRECTION('',(1.0,0.0,0.0));
#4320=ORIENTED_EDGE('',*,*,#4321,.F.);
#4330=ORIENTED_EDGE('',*,*,#3917,.T.);
#4340=STYLED_ITEM('',(#34),#4341);
#4341=ADVANCED_FACE('',(#4347),#4342,.T.);
#4342=PLANE('',#4343);
#4343=AXIS2_PLACEMENT_3D('',#4344,#4345,#4346);
#4344=CARTESIAN_POINT('',(0.279,-46.38,1.397));
#4345=DIRECTION('',(0.0,0.0,-1.0));
#4346=DIRECTION('',(0.,1.,0.));
#4347=FACE_OUTER_BOUND('',#4348,.T.);
#4348=EDGE_LOOP('',(#4349,#4359,#4369,#4379));
#4349=ORIENTED_EDGE('',*,*,#4301,.T.);
#4359=ORIENTED_EDGE('',*,*,#4065,.T.);
#4369=ORIENTED_EDGE('',*,*,#4252,.T.);
#4380=EDGE_CURVE('',#4302,#4243,#4385,.T.);
#4385=LINE('',#4303,#4387);
#4387=VECTOR('',#4388,1.3208);
#4388=DIRECTION('',(0.0,1.0,0.0));
#4379=ORIENTED_EDGE('',*,*,#4380,.F.);
#4389=STYLED_ITEM('',(#34),#4390);
#4390=ADVANCED_FACE('',(#4396),#4391,.T.);
#4391=PLANE('',#4392);
#4392=AXIS2_PLACEMENT_3D('',#4393,#4394,#4395);
#4393=CARTESIAN_POINT('',(0.279,-46.38,1.397));
#4394=DIRECTION('',(1.0,0.0,0.0));
#4395=DIRECTION('',(0.,0.,1.));
#4396=FACE_OUTER_BOUND('',#4397,.T.);
#4397=EDGE_LOOP('',(#4398,#4408,#4418,#4428));
#4398=ORIENTED_EDGE('',*,*,#4380,.T.);
#4408=ORIENTED_EDGE('',*,*,#4242,.T.);
#4419=EDGE_CURVE('',#4312,#4233,#4424,.T.);
#4424=LINE('',#4313,#4426);
#4426=VECTOR('',#4427,1.3208);
#4427=DIRECTION('',(0.0,1.0,0.0));
#4418=ORIENTED_EDGE('',*,*,#4419,.F.);
#4428=ORIENTED_EDGE('',*,*,#4311,.T.);
#4438=STYLED_ITEM('',(#34),#4439);
#4439=ADVANCED_FACE('',(#4445),#4440,.T.);
#4440=PLANE('',#4441);
#4441=AXIS2_PLACEMENT_3D('',#4442,#4443,#4444);
#4442=CARTESIAN_POINT('',(0.279,-45.06,1.651));
#4443=DIRECTION('',(0.0,0.0,1.0));
#4444=DIRECTION('',(0.,1.,0.));
#4445=FACE_OUTER_BOUND('',#4446,.T.);
#4446=EDGE_LOOP('',(#4447,#4457,#4467,#4477));
#4447=ORIENTED_EDGE('',*,*,#4232,.T.);
#4457=ORIENTED_EDGE('',*,*,#3927,.T.);
#4467=ORIENTED_EDGE('',*,*,#4321,.T.);
#4477=ORIENTED_EDGE('',*,*,#4419,.T.);
#4488=MANIFOLD_SOLID_BREP($,#4489);
#4489=CLOSED_SHELL('',(#4491,#4540,#4589,#4678,#4727,#4816,#4865,#4914,#4983,#5052,#5101,#5150));
#4490=STYLED_ITEM('',(#34),#4491);
#4491=ADVANCED_FACE('',(#4497),#4492,.T.);
#4492=PLANE('',#4493);
#4493=AXIS2_PLACEMENT_3D('',#4494,#4495,#4496);
#4494=CARTESIAN_POINT('',(0.127,-48.057,-2.54));
#4495=DIRECTION('',(0.0,0.0,-1.0));
#4496=DIRECTION('',(0.,1.,0.));
#4497=FACE_OUTER_BOUND('',#4498,.T.);
#4498=EDGE_LOOP('',(#4499,#4509,#4519,#4529));
#4502=CARTESIAN_POINT('',(0.127,-48.463,-2.54));
#4501=VERTEX_POINT('',#4502);
#4504=CARTESIAN_POINT('',(0.127,-48.057,-2.54));
#4503=VERTEX_POINT('',#4504);
#4500=EDGE_CURVE('',#4501,#4503,#4505,.T.);
#4505=LINE('',#4502,#4507);
#4507=VECTOR('',#4508,0.4064);
#4508=DIRECTION('',(0.0,1.0,0.0));
#4499=ORIENTED_EDGE('',*,*,#4500,.F.);
#4512=CARTESIAN_POINT('',(-0.127,-48.463,-2.54));
#4511=VERTEX_POINT('',#4512);
#4510=EDGE_CURVE('',#4511,#4501,#4515,.T.);
#4515=LINE('',#4512,#4517);
#4517=VECTOR('',#4518,0.254);
#4518=DIRECTION('',(1.0,0.0,0.0));
#4509=ORIENTED_EDGE('',*,*,#4510,.F.);
#4522=CARTESIAN_POINT('',(-0.127,-48.057,-2.54));
#4521=VERTEX_POINT('',#4522);
#4520=EDGE_CURVE('',#4521,#4511,#4525,.T.);
#4525=LINE('',#4522,#4527);
#4527=VECTOR('',#4528,0.4064);
#4528=DIRECTION('',(0.0,-1.0,0.0));
#4519=ORIENTED_EDGE('',*,*,#4520,.F.);
#4530=EDGE_CURVE('',#4503,#4521,#4535,.T.);
#4535=LINE('',#4504,#4537);
#4537=VECTOR('',#4538,0.254);
#4538=DIRECTION('',(-1.0,0.0,0.0));
#4529=ORIENTED_EDGE('',*,*,#4530,.F.);
#4539=STYLED_ITEM('',(#34),#4540);
#4540=ADVANCED_FACE('',(#4546),#4541,.T.);
#4541=PLANE('',#4542);
#4542=AXIS2_PLACEMENT_3D('',#4543,#4544,#4545);
#4543=CARTESIAN_POINT('',(0.127,-48.057,-2.54));
#4544=DIRECTION('',(0.0,1.0,0.0));
#4545=DIRECTION('',(0.,0.,1.));
#4546=FACE_OUTER_BOUND('',#4547,.T.);
#4547=EDGE_LOOP('',(#4548,#4558,#4568,#4578));
#4548=ORIENTED_EDGE('',*,*,#4530,.T.);
#4561=CARTESIAN_POINT('',(-0.127,-48.057,0.0));
#4560=VERTEX_POINT('',#4561);
#4559=EDGE_CURVE('',#4560,#4521,#4564,.T.);
#4564=LINE('',#4561,#4566);
#4566=VECTOR('',#4567,2.54);
#4567=DIRECTION('',(0.0,0.0,-1.0));
#4558=ORIENTED_EDGE('',*,*,#4559,.F.);
#4571=CARTESIAN_POINT('',(0.127,-48.057,0.0));
#4570=VERTEX_POINT('',#4571);
#4569=EDGE_CURVE('',#4570,#4560,#4574,.T.);
#4574=LINE('',#4571,#4576);
#4576=VECTOR('',#4577,0.254);
#4577=DIRECTION('',(-1.0,0.0,0.0));
#4568=ORIENTED_EDGE('',*,*,#4569,.F.);
#4579=EDGE_CURVE('',#4503,#4570,#4584,.T.);
#4584=LINE('',#4504,#4586);
#4586=VECTOR('',#4587,2.54);
#4587=DIRECTION('',(0.0,0.0,1.0));
#4578=ORIENTED_EDGE('',*,*,#4579,.F.);
#4588=STYLED_ITEM('',(#34),#4589);
#4589=ADVANCED_FACE('',(#4595),#4590,.T.);
#4590=PLANE('',#4591);
#4591=AXIS2_PLACEMENT_3D('',#4592,#4593,#4594);
#4592=CARTESIAN_POINT('',(-0.127,-48.057,-2.54));
#4593=DIRECTION('',(-1.0,0.0,0.0));
#4594=DIRECTION('',(0.,0.,1.));
#4595=FACE_OUTER_BOUND('',#4596,.T.);
#4596=EDGE_LOOP('',(#4597,#4607,#4617,#4627,#4637,#4647,#4657,#4667));
#4597=ORIENTED_EDGE('',*,*,#4520,.T.);
#4610=CARTESIAN_POINT('',(-0.127,-48.463,0.0));
#4609=VERTEX_POINT('',#4610);
#4608=EDGE_CURVE('',#4609,#4511,#4613,.T.);
#4613=LINE('',#4610,#4615);
#4615=VECTOR('',#4616,2.54);
#4616=DIRECTION('',(0.0,0.0,-1.0));
#4607=ORIENTED_EDGE('',*,*,#4608,.F.);
#4620=CARTESIAN_POINT('',(-0.127,-48.92,0.0));
#4619=VERTEX_POINT('',#4620);
#4618=EDGE_CURVE('',#4619,#4609,#4623,.T.);
#4623=LINE('',#4620,#4625);
#4625=VECTOR('',#4626,0.4572);
#4626=DIRECTION('',(0.0,1.0,0.0));
#4617=ORIENTED_EDGE('',*,*,#4618,.F.);
#4630=CARTESIAN_POINT('',(-0.127,-48.92,1.651));
#4629=VERTEX_POINT('',#4630);
#4628=EDGE_CURVE('',#4629,#4619,#4633,.T.);
#4633=LINE('',#4630,#4635);
#4635=VECTOR('',#4636,1.651);
#4636=DIRECTION('',(0.0,0.0,-1.0));
#4627=ORIENTED_EDGE('',*,*,#4628,.F.);
#4640=CARTESIAN_POINT('',(-0.127,-47.6,1.651));
#4639=VERTEX_POINT('',#4640);
#4638=EDGE_CURVE('',#4639,#4629,#4643,.T.);
#4643=LINE('',#4640,#4645);
#4645=VECTOR('',#4646,1.3208);
#4646=DIRECTION('',(0.0,-1.0,0.0));
#4637=ORIENTED_EDGE('',*,*,#4638,.F.);
#4650=CARTESIAN_POINT('',(-0.127,-47.6,0.0));
#4649=VERTEX_POINT('',#4650);
#4648=EDGE_CURVE('',#4649,#4639,#4653,.T.);
#4653=LINE('',#4650,#4655);
#4655=VECTOR('',#4656,1.651);
#4656=DIRECTION('',(0.0,0.0,1.0));
#4647=ORIENTED_EDGE('',*,*,#4648,.F.);
#4658=EDGE_CURVE('',#4560,#4649,#4663,.T.);
#4663=LINE('',#4561,#4665);
#4665=VECTOR('',#4666,0.4572);
#4666=DIRECTION('',(0.0,1.0,0.0));
#4657=ORIENTED_EDGE('',*,*,#4658,.F.);
#4667=ORIENTED_EDGE('',*,*,#4559,.T.);
#4677=STYLED_ITEM('',(#34),#4678);
#4678=ADVANCED_FACE('',(#4684),#4679,.T.);
#4679=PLANE('',#4680);
#4680=AXIS2_PLACEMENT_3D('',#4681,#4682,#4683);
#4681=CARTESIAN_POINT('',(-0.127,-48.463,-2.54));
#4682=DIRECTION('',(0.0,-1.0,0.0));
#4683=DIRECTION('',(0.,0.,1.));
#4684=FACE_OUTER_BOUND('',#4685,.T.);
#4685=EDGE_LOOP('',(#4686,#4696,#4706,#4716));
#4686=ORIENTED_EDGE('',*,*,#4510,.T.);
#4699=CARTESIAN_POINT('',(0.127,-48.463,0.0));
#4698=VERTEX_POINT('',#4699);
#4697=EDGE_CURVE('',#4698,#4501,#4702,.T.);
#4702=LINE('',#4699,#4704);
#4704=VECTOR('',#4705,2.54);
#4705=DIRECTION('',(0.0,0.0,-1.0));
#4696=ORIENTED_EDGE('',*,*,#4697,.F.);
#4707=EDGE_CURVE('',#4609,#4698,#4712,.T.);
#4712=LINE('',#4610,#4714);
#4714=VECTOR('',#4715,0.254);
#4715=DIRECTION('',(1.0,0.0,0.0));
#4706=ORIENTED_EDGE('',*,*,#4707,.F.);
#4716=ORIENTED_EDGE('',*,*,#4608,.T.);
#4726=STYLED_ITEM('',(#34),#4727);
#4727=ADVANCED_FACE('',(#4733),#4728,.T.);
#4728=PLANE('',#4729);
#4729=AXIS2_PLACEMENT_3D('',#4730,#4731,#4732);
#4730=CARTESIAN_POINT('',(0.127,-48.463,-2.54));
#4731=DIRECTION('',(1.0,0.0,0.0));
#4732=DIRECTION('',(0.,0.,1.));
#4733=FACE_OUTER_BOUND('',#4734,.T.);
#4734=EDGE_LOOP('',(#4735,#4745,#4755,#4765,#4775,#4785,#4795,#4805));
#4735=ORIENTED_EDGE('',*,*,#4500,.T.);
#4745=ORIENTED_EDGE('',*,*,#4579,.T.);
#4758=CARTESIAN_POINT('',(0.127,-47.6,0.0));
#4757=VERTEX_POINT('',#4758);
#4756=EDGE_CURVE('',#4757,#4570,#4761,.T.);
#4761=LINE('',#4758,#4763);
#4763=VECTOR('',#4764,0.4572);
#4764=DIRECTION('',(0.0,-1.0,0.0));
#4755=ORIENTED_EDGE('',*,*,#4756,.F.);
#4768=CARTESIAN_POINT('',(0.127,-47.6,1.397));
#4767=VERTEX_POINT('',#4768);
#4766=EDGE_CURVE('',#4767,#4757,#4771,.T.);
#4771=LINE('',#4768,#4773);
#4773=VECTOR('',#4774,1.397);
#4774=DIRECTION('',(0.0,0.0,-1.0));
#4765=ORIENTED_EDGE('',*,*,#4766,.F.);
#4778=CARTESIAN_POINT('',(0.127,-48.92,1.397));
#4777=VERTEX_POINT('',#4778);
#4776=EDGE_CURVE('',#4777,#4767,#4781,.T.);
#4781=LINE('',#4778,#4783);
#4783=VECTOR('',#4784,1.3208);
#4784=DIRECTION('',(0.0,1.0,0.0));
#4775=ORIENTED_EDGE('',*,*,#4776,.F.);
#4788=CARTESIAN_POINT('',(0.127,-48.92,0.0));
#4787=VERTEX_POINT('',#4788);
#4786=EDGE_CURVE('',#4787,#4777,#4791,.T.);
#4791=LINE('',#4788,#4793);
#4793=VECTOR('',#4794,1.397);
#4794=DIRECTION('',(0.0,0.0,1.0));
#4785=ORIENTED_EDGE('',*,*,#4786,.F.);
#4796=EDGE_CURVE('',#4698,#4787,#4801,.T.);
#4801=LINE('',#4699,#4803);
#4803=VECTOR('',#4804,0.4572);
#4804=DIRECTION('',(0.0,-1.0,0.0));
#4795=ORIENTED_EDGE('',*,*,#4796,.F.);
#4805=ORIENTED_EDGE('',*,*,#4697,.T.);
#4815=STYLED_ITEM('',(#34),#4816);
#4816=ADVANCED_FACE('',(#4822),#4817,.T.);
#4817=PLANE('',#4818);
#4818=AXIS2_PLACEMENT_3D('',#4819,#4820,#4821);
#4819=CARTESIAN_POINT('',(0.127,-48.057,0.0));
#4820=DIRECTION('',(0.0,0.0,-1.0));
#4821=DIRECTION('',(0.,1.,0.));
#4822=FACE_OUTER_BOUND('',#4823,.T.);
#4823=EDGE_LOOP('',(#4824,#4834,#4844,#4854));
#4824=ORIENTED_EDGE('',*,*,#4569,.T.);
#4834=ORIENTED_EDGE('',*,*,#4658,.T.);
#4845=EDGE_CURVE('',#4757,#4649,#4850,.T.);
#4850=LINE('',#4758,#4852);
#4852=VECTOR('',#4853,0.254);
#4853=DIRECTION('',(-1.0,0.0,0.0));
#4844=ORIENTED_EDGE('',*,*,#4845,.F.);
#4854=ORIENTED_EDGE('',*,*,#4756,.T.);
#4864=STYLED_ITEM('',(#34),#4865);
#4865=ADVANCED_FACE('',(#4871),#4866,.T.);
#4866=PLANE('',#4867);
#4867=AXIS2_PLACEMENT_3D('',#4868,#4869,#4870);
#4868=CARTESIAN_POINT('',(0.127,-48.92,0.0));
#4869=DIRECTION('',(0.0,0.0,-1.0));
#4870=DIRECTION('',(0.,1.,0.));
#4871=FACE_OUTER_BOUND('',#4872,.T.);
#4872=EDGE_LOOP('',(#4873,#4883,#4893,#4903));
#4874=EDGE_CURVE('',#4619,#4787,#4879,.T.);
#4879=LINE('',#4620,#4881);
#4881=VECTOR('',#4882,0.254);
#4882=DIRECTION('',(1.0,0.0,0.0));
#4873=ORIENTED_EDGE('',*,*,#4874,.F.);
#4883=ORIENTED_EDGE('',*,*,#4618,.T.);
#4893=ORIENTED_EDGE('',*,*,#4707,.T.);
#4903=ORIENTED_EDGE('',*,*,#4796,.T.);
#4913=STYLED_ITEM('',(#34),#4914);
#4914=ADVANCED_FACE('',(#4920),#4915,.T.);
#4915=PLANE('',#4916);
#4916=AXIS2_PLACEMENT_3D('',#4917,#4918,#4919);
#4917=CARTESIAN_POINT('',(0.127,-47.6,0.0));
#4918=DIRECTION('',(0.0,1.0,0.0));
#4919=DIRECTION('',(0.,0.,1.));
#4920=FACE_OUTER_BOUND('',#4921,.T.);
#4921=EDGE_LOOP('',(#4922,#4932,#4942,#4952,#4962,#4972));
#4922=ORIENTED_EDGE('',*,*,#4845,.T.);
#4932=ORIENTED_EDGE('',*,*,#4648,.T.);
#4945=CARTESIAN_POINT('',(0.279,-47.6,1.651));
#4944=VERTEX_POINT('',#4945);
#4943=EDGE_CURVE('',#4944,#4639,#4948,.T.);
#4948=LINE('',#4945,#4950);
#4950=VECTOR('',#4951,0.4064);
#4951=DIRECTION('',(-1.0,0.0,0.0));
#4942=ORIENTED_EDGE('',*,*,#4943,.F.);
#4955=CARTESIAN_POINT('',(0.279,-47.6,1.397));
#4954=VERTEX_POINT('',#4955);
#4953=EDGE_CURVE('',#4954,#4944,#4958,.T.);
#4958=LINE('',#4955,#4960);
#4960=VECTOR('',#4961,0.254);
#4961=DIRECTION('',(0.0,0.0,1.0));
#4952=ORIENTED_EDGE('',*,*,#4953,.F.);
#4963=EDGE_CURVE('',#4767,#4954,#4968,.T.);
#4968=LINE('',#4768,#4970);
#4970=VECTOR('',#4971,0.1524);
#4971=DIRECTION('',(1.0,0.0,0.0));
#4962=ORIENTED_EDGE('',*,*,#4963,.F.);
#4972=ORIENTED_EDGE('',*,*,#4766,.T.);
#4982=STYLED_ITEM('',(#34),#4983);
#4983=ADVANCED_FACE('',(#4989),#4984,.T.);
#4984=PLANE('',#4985);
#4985=AXIS2_PLACEMENT_3D('',#4986,#4987,#4988);
#4986=CARTESIAN_POINT('',(-0.127,-48.92,0.0));
#4987=DIRECTION('',(0.0,-1.0,0.0));
#4988=DIRECTION('',(0.,0.,1.));
#4989=FACE_OUTER_BOUND('',#4990,.T.);
#4990=EDGE_LOOP('',(#4991,#5001,#5011,#5021,#5031,#5041));
#4991=ORIENTED_EDGE('',*,*,#4874,.T.);
#5001=ORIENTED_EDGE('',*,*,#4786,.T.);
#5014=CARTESIAN_POINT('',(0.279,-48.92,1.397));
#5013=VERTEX_POINT('',#5014);
#5012=EDGE_CURVE('',#5013,#4777,#5017,.T.);
#5017=LINE('',#5014,#5019);
#5019=VECTOR('',#5020,0.1524);
#5020=DIRECTION('',(-1.0,0.0,0.0));
#5011=ORIENTED_EDGE('',*,*,#5012,.F.);
#5024=CARTESIAN_POINT('',(0.279,-48.92,1.651));
#5023=VERTEX_POINT('',#5024);
#5022=EDGE_CURVE('',#5023,#5013,#5027,.T.);
#5027=LINE('',#5024,#5029);
#5029=VECTOR('',#5030,0.254);
#5030=DIRECTION('',(0.0,0.0,-1.0));
#5021=ORIENTED_EDGE('',*,*,#5022,.F.);
#5032=EDGE_CURVE('',#4629,#5023,#5037,.T.);
#5037=LINE('',#4630,#5039);
#5039=VECTOR('',#5040,0.4064);
#5040=DIRECTION('',(1.0,0.0,0.0));
#5031=ORIENTED_EDGE('',*,*,#5032,.F.);
#5041=ORIENTED_EDGE('',*,*,#4628,.T.);
#5051=STYLED_ITEM('',(#34),#5052);
#5052=ADVANCED_FACE('',(#5058),#5053,.T.);
#5053=PLANE('',#5054);
#5054=AXIS2_PLACEMENT_3D('',#5055,#5056,#5057);
#5055=CARTESIAN_POINT('',(0.279,-48.92,1.397));
#5056=DIRECTION('',(0.0,0.0,-1.0));
#5057=DIRECTION('',(0.,1.,0.));
#5058=FACE_OUTER_BOUND('',#5059,.T.);
#5059=EDGE_LOOP('',(#5060,#5070,#5080,#5090));
#5060=ORIENTED_EDGE('',*,*,#5012,.T.);
#5070=ORIENTED_EDGE('',*,*,#4776,.T.);
#5080=ORIENTED_EDGE('',*,*,#4963,.T.);
#5091=EDGE_CURVE('',#5013,#4954,#5096,.T.);
#5096=LINE('',#5014,#5098);
#5098=VECTOR('',#5099,1.3208);
#5099=DIRECTION('',(0.0,1.0,0.0));
#5090=ORIENTED_EDGE('',*,*,#5091,.F.);
#5100=STYLED_ITEM('',(#34),#5101);
#5101=ADVANCED_FACE('',(#5107),#5102,.T.);
#5102=PLANE('',#5103);
#5103=AXIS2_PLACEMENT_3D('',#5104,#5105,#5106);
#5104=CARTESIAN_POINT('',(0.279,-48.92,1.397));
#5105=DIRECTION('',(1.0,0.0,0.0));
#5106=DIRECTION('',(0.,0.,1.));
#5107=FACE_OUTER_BOUND('',#5108,.T.);
#5108=EDGE_LOOP('',(#5109,#5119,#5129,#5139));
#5109=ORIENTED_EDGE('',*,*,#5091,.T.);
#5119=ORIENTED_EDGE('',*,*,#4953,.T.);
#5130=EDGE_CURVE('',#5023,#4944,#5135,.T.);
#5135=LINE('',#5024,#5137);
#5137=VECTOR('',#5138,1.3208);
#5138=DIRECTION('',(0.0,1.0,0.0));
#5129=ORIENTED_EDGE('',*,*,#5130,.F.);
#5139=ORIENTED_EDGE('',*,*,#5022,.T.);
#5149=STYLED_ITEM('',(#34),#5150);
#5150=ADVANCED_FACE('',(#5156),#5151,.T.);
#5151=PLANE('',#5152);
#5152=AXIS2_PLACEMENT_3D('',#5153,#5154,#5155);
#5153=CARTESIAN_POINT('',(0.279,-47.6,1.651));
#5154=DIRECTION('',(0.0,0.0,1.0));
#5155=DIRECTION('',(0.,1.,0.));
#5156=FACE_OUTER_BOUND('',#5157,.T.);
#5157=EDGE_LOOP('',(#5158,#5168,#5178,#5188));
#5158=ORIENTED_EDGE('',*,*,#4943,.T.);
#5168=ORIENTED_EDGE('',*,*,#4638,.T.);
#5178=ORIENTED_EDGE('',*,*,#5032,.T.);
#5188=ORIENTED_EDGE('',*,*,#5130,.T.);
#5199=MANIFOLD_SOLID_BREP($,#5200);
#5200=CLOSED_SHELL('',(#5202,#5251,#5300,#5389,#5438,#5527,#5576,#5625,#5694,#5763,#5812,#5861));
#5201=STYLED_ITEM('',(#34),#5202);
#5202=ADVANCED_FACE('',(#5208),#5203,.T.);
#5203=PLANE('',#5204);
#5204=AXIS2_PLACEMENT_3D('',#5205,#5206,#5207);
#5205=CARTESIAN_POINT('',(43.307,-48.463,-2.54));
#5206=DIRECTION('',(0.0,0.0,-1.0));
#5207=DIRECTION('',(0.,1.,0.));
#5208=FACE_OUTER_BOUND('',#5209,.T.);
#5209=EDGE_LOOP('',(#5210,#5220,#5230,#5240));
#5213=CARTESIAN_POINT('',(43.307,-48.057,-2.54));
#5212=VERTEX_POINT('',#5213);
#5215=CARTESIAN_POINT('',(43.307,-48.463,-2.54));
#5214=VERTEX_POINT('',#5215);
#5211=EDGE_CURVE('',#5212,#5214,#5216,.T.);
#5216=LINE('',#5213,#5218);
#5218=VECTOR('',#5219,0.4064);
#5219=DIRECTION('',(0.0,-1.0,0.0));
#5210=ORIENTED_EDGE('',*,*,#5211,.F.);
#5223=CARTESIAN_POINT('',(43.561,-48.057,-2.54));
#5222=VERTEX_POINT('',#5223);
#5221=EDGE_CURVE('',#5222,#5212,#5226,.T.);
#5226=LINE('',#5223,#5228);
#5228=VECTOR('',#5229,0.254);
#5229=DIRECTION('',(-1.0,0.0,0.0));
#5220=ORIENTED_EDGE('',*,*,#5221,.F.);
#5233=CARTESIAN_POINT('',(43.561,-48.463,-2.54));
#5232=VERTEX_POINT('',#5233);
#5231=EDGE_CURVE('',#5232,#5222,#5236,.T.);
#5236=LINE('',#5233,#5238);
#5238=VECTOR('',#5239,0.4064);
#5239=DIRECTION('',(0.0,1.0,0.0));
#5230=ORIENTED_EDGE('',*,*,#5231,.F.);
#5241=EDGE_CURVE('',#5214,#5232,#5246,.T.);
#5246=LINE('',#5215,#5248);
#5248=VECTOR('',#5249,0.254);
#5249=DIRECTION('',(1.0,0.0,0.0));
#5240=ORIENTED_EDGE('',*,*,#5241,.F.);
#5250=STYLED_ITEM('',(#34),#5251);
#5251=ADVANCED_FACE('',(#5257),#5252,.T.);
#5252=PLANE('',#5253);
#5253=AXIS2_PLACEMENT_3D('',#5254,#5255,#5256);
#5254=CARTESIAN_POINT('',(43.307,-48.463,-2.54));
#5255=DIRECTION('',(0.0,-1.0,0.0));
#5256=DIRECTION('',(0.,0.,1.));
#5257=FACE_OUTER_BOUND('',#5258,.T.);
#5258=EDGE_LOOP('',(#5259,#5269,#5279,#5289));
#5259=ORIENTED_EDGE('',*,*,#5241,.T.);
#5272=CARTESIAN_POINT('',(43.561,-48.463,0.0));
#5271=VERTEX_POINT('',#5272);
#5270=EDGE_CURVE('',#5271,#5232,#5275,.T.);
#5275=LINE('',#5272,#5277);
#5277=VECTOR('',#5278,2.54);
#5278=DIRECTION('',(0.0,0.0,-1.0));
#5269=ORIENTED_EDGE('',*,*,#5270,.F.);
#5282=CARTESIAN_POINT('',(43.307,-48.463,0.0));
#5281=VERTEX_POINT('',#5282);
#5280=EDGE_CURVE('',#5281,#5271,#5285,.T.);
#5285=LINE('',#5282,#5287);
#5287=VECTOR('',#5288,0.254);
#5288=DIRECTION('',(1.0,0.0,0.0));
#5279=ORIENTED_EDGE('',*,*,#5280,.F.);
#5290=EDGE_CURVE('',#5214,#5281,#5295,.T.);
#5295=LINE('',#5215,#5297);
#5297=VECTOR('',#5298,2.54);
#5298=DIRECTION('',(0.0,0.0,1.0));
#5289=ORIENTED_EDGE('',*,*,#5290,.F.);
#5299=STYLED_ITEM('',(#34),#5300);
#5300=ADVANCED_FACE('',(#5306),#5301,.T.);
#5301=PLANE('',#5302);
#5302=AXIS2_PLACEMENT_3D('',#5303,#5304,#5305);
#5303=CARTESIAN_POINT('',(43.561,-48.463,-2.54));
#5304=DIRECTION('',(1.0,0.0,0.0));
#5305=DIRECTION('',(0.,0.,1.));
#5306=FACE_OUTER_BOUND('',#5307,.T.);
#5307=EDGE_LOOP('',(#5308,#5318,#5328,#5338,#5348,#5358,#5368,#5378));
#5308=ORIENTED_EDGE('',*,*,#5231,.T.);
#5321=CARTESIAN_POINT('',(43.561,-48.057,0.0));
#5320=VERTEX_POINT('',#5321);
#5319=EDGE_CURVE('',#5320,#5222,#5324,.T.);
#5324=LINE('',#5321,#5326);
#5326=VECTOR('',#5327,2.54);
#5327=DIRECTION('',(0.0,0.0,-1.0));
#5318=ORIENTED_EDGE('',*,*,#5319,.F.);
#5331=CARTESIAN_POINT('',(43.561,-47.6,0.0));
#5330=VERTEX_POINT('',#5331);
#5329=EDGE_CURVE('',#5330,#5320,#5334,.T.);
#5334=LINE('',#5331,#5336);
#5336=VECTOR('',#5337,0.4572);
#5337=DIRECTION('',(0.0,-1.0,0.0));
#5328=ORIENTED_EDGE('',*,*,#5329,.F.);
#5341=CARTESIAN_POINT('',(43.561,-47.6,1.651));
#5340=VERTEX_POINT('',#5341);
#5339=EDGE_CURVE('',#5340,#5330,#5344,.T.);
#5344=LINE('',#5341,#5346);
#5346=VECTOR('',#5347,1.651);
#5347=DIRECTION('',(0.0,0.0,-1.0));
#5338=ORIENTED_EDGE('',*,*,#5339,.F.);
#5351=CARTESIAN_POINT('',(43.561,-48.92,1.651));
#5350=VERTEX_POINT('',#5351);
#5349=EDGE_CURVE('',#5350,#5340,#5354,.T.);
#5354=LINE('',#5351,#5356);
#5356=VECTOR('',#5357,1.3208);
#5357=DIRECTION('',(0.0,1.0,0.0));
#5348=ORIENTED_EDGE('',*,*,#5349,.F.);
#5361=CARTESIAN_POINT('',(43.561,-48.92,0.0));
#5360=VERTEX_POINT('',#5361);
#5359=EDGE_CURVE('',#5360,#5350,#5364,.T.);
#5364=LINE('',#5361,#5366);
#5366=VECTOR('',#5367,1.651);
#5367=DIRECTION('',(0.0,0.0,1.0));
#5358=ORIENTED_EDGE('',*,*,#5359,.F.);
#5369=EDGE_CURVE('',#5271,#5360,#5374,.T.);
#5374=LINE('',#5272,#5376);
#5376=VECTOR('',#5377,0.4572);
#5377=DIRECTION('',(0.0,-1.0,0.0));
#5368=ORIENTED_EDGE('',*,*,#5369,.F.);
#5378=ORIENTED_EDGE('',*,*,#5270,.T.);
#5388=STYLED_ITEM('',(#34),#5389);
#5389=ADVANCED_FACE('',(#5395),#5390,.T.);
#5390=PLANE('',#5391);
#5391=AXIS2_PLACEMENT_3D('',#5392,#5393,#5394);
#5392=CARTESIAN_POINT('',(43.561,-48.057,-2.54));
#5393=DIRECTION('',(0.0,1.0,0.0));
#5394=DIRECTION('',(0.,0.,1.));
#5395=FACE_OUTER_BOUND('',#5396,.T.);
#5396=EDGE_LOOP('',(#5397,#5407,#5417,#5427));
#5397=ORIENTED_EDGE('',*,*,#5221,.T.);
#5410=CARTESIAN_POINT('',(43.307,-48.057,0.0));
#5409=VERTEX_POINT('',#5410);
#5408=EDGE_CURVE('',#5409,#5212,#5413,.T.);
#5413=LINE('',#5410,#5415);
#5415=VECTOR('',#5416,2.54);
#5416=DIRECTION('',(0.0,0.0,-1.0));
#5407=ORIENTED_EDGE('',*,*,#5408,.F.);
#5418=EDGE_CURVE('',#5320,#5409,#5423,.T.);
#5423=LINE('',#5321,#5425);
#5425=VECTOR('',#5426,0.254);
#5426=DIRECTION('',(-1.0,0.0,0.0));
#5417=ORIENTED_EDGE('',*,*,#5418,.F.);
#5427=ORIENTED_EDGE('',*,*,#5319,.T.);
#5437=STYLED_ITEM('',(#34),#5438);
#5438=ADVANCED_FACE('',(#5444),#5439,.T.);
#5439=PLANE('',#5440);
#5440=AXIS2_PLACEMENT_3D('',#5441,#5442,#5443);
#5441=CARTESIAN_POINT('',(43.307,-48.057,-2.54));
#5442=DIRECTION('',(-1.0,0.0,0.0));
#5443=DIRECTION('',(0.,0.,1.));
#5444=FACE_OUTER_BOUND('',#5445,.T.);
#5445=EDGE_LOOP('',(#5446,#5456,#5466,#5476,#5486,#5496,#5506,#5516));
#5446=ORIENTED_EDGE('',*,*,#5211,.T.);
#5456=ORIENTED_EDGE('',*,*,#5290,.T.);
#5469=CARTESIAN_POINT('',(43.307,-48.92,0.0));
#5468=VERTEX_POINT('',#5469);
#5467=EDGE_CURVE('',#5468,#5281,#5472,.T.);
#5472=LINE('',#5469,#5474);
#5474=VECTOR('',#5475,0.4572);
#5475=DIRECTION('',(0.0,1.0,0.0));
#5466=ORIENTED_EDGE('',*,*,#5467,.F.);
#5479=CARTESIAN_POINT('',(43.307,-48.92,1.397));
#5478=VERTEX_POINT('',#5479);
#5477=EDGE_CURVE('',#5478,#5468,#5482,.T.);
#5482=LINE('',#5479,#5484);
#5484=VECTOR('',#5485,1.397);
#5485=DIRECTION('',(0.0,0.0,-1.0));
#5476=ORIENTED_EDGE('',*,*,#5477,.F.);
#5489=CARTESIAN_POINT('',(43.307,-47.6,1.397));
#5488=VERTEX_POINT('',#5489);
#5487=EDGE_CURVE('',#5488,#5478,#5492,.T.);
#5492=LINE('',#5489,#5494);
#5494=VECTOR('',#5495,1.3208);
#5495=DIRECTION('',(0.0,-1.0,0.0));
#5486=ORIENTED_EDGE('',*,*,#5487,.F.);
#5499=CARTESIAN_POINT('',(43.307,-47.6,0.0));
#5498=VERTEX_POINT('',#5499);
#5497=EDGE_CURVE('',#5498,#5488,#5502,.T.);
#5502=LINE('',#5499,#5504);
#5504=VECTOR('',#5505,1.397);
#5505=DIRECTION('',(0.0,0.0,1.0));
#5496=ORIENTED_EDGE('',*,*,#5497,.F.);
#5507=EDGE_CURVE('',#5409,#5498,#5512,.T.);
#5512=LINE('',#5410,#5514);
#5514=VECTOR('',#5515,0.4572);
#5515=DIRECTION('',(0.0,1.0,0.0));
#5506=ORIENTED_EDGE('',*,*,#5507,.F.);
#5516=ORIENTED_EDGE('',*,*,#5408,.T.);
#5526=STYLED_ITEM('',(#34),#5527);
#5527=ADVANCED_FACE('',(#5533),#5528,.T.);
#5528=PLANE('',#5529);
#5529=AXIS2_PLACEMENT_3D('',#5530,#5531,#5532);
#5530=CARTESIAN_POINT('',(43.307,-48.463,0.0));
#5531=DIRECTION('',(0.0,0.0,-1.0));
#5532=DIRECTION('',(0.,1.,0.));
#5533=FACE_OUTER_BOUND('',#5534,.T.);
#5534=EDGE_LOOP('',(#5535,#5545,#5555,#5565));
#5535=ORIENTED_EDGE('',*,*,#5280,.T.);
#5545=ORIENTED_EDGE('',*,*,#5369,.T.);
#5556=EDGE_CURVE('',#5468,#5360,#5561,.T.);
#5561=LINE('',#5469,#5563);
#5563=VECTOR('',#5564,0.254);
#5564=DIRECTION('',(1.0,0.0,0.0));
#5555=ORIENTED_EDGE('',*,*,#5556,.F.);
#5565=ORIENTED_EDGE('',*,*,#5467,.T.);
#5575=STYLED_ITEM('',(#34),#5576);
#5576=ADVANCED_FACE('',(#5582),#5577,.T.);
#5577=PLANE('',#5578);
#5578=AXIS2_PLACEMENT_3D('',#5579,#5580,#5581);
#5579=CARTESIAN_POINT('',(43.307,-47.6,0.0));
#5580=DIRECTION('',(0.0,0.0,-1.0));
#5581=DIRECTION('',(0.,1.,0.));
#5582=FACE_OUTER_BOUND('',#5583,.T.);
#5583=EDGE_LOOP('',(#5584,#5594,#5604,#5614));
#5585=EDGE_CURVE('',#5330,#5498,#5590,.T.);
#5590=LINE('',#5331,#5592);
#5592=VECTOR('',#5593,0.254);
#5593=DIRECTION('',(-1.0,0.0,0.0));
#5584=ORIENTED_EDGE('',*,*,#5585,.F.);
#5594=ORIENTED_EDGE('',*,*,#5329,.T.);
#5604=ORIENTED_EDGE('',*,*,#5418,.T.);
#5614=ORIENTED_EDGE('',*,*,#5507,.T.);
#5624=STYLED_ITEM('',(#34),#5625);
#5625=ADVANCED_FACE('',(#5631),#5626,.T.);
#5626=PLANE('',#5627);
#5627=AXIS2_PLACEMENT_3D('',#5628,#5629,#5630);
#5628=CARTESIAN_POINT('',(43.307,-48.92,0.0));
#5629=DIRECTION('',(0.0,-1.0,0.0));
#5630=DIRECTION('',(0.,0.,1.));
#5631=FACE_OUTER_BOUND('',#5632,.T.);
#5632=EDGE_LOOP('',(#5633,#5643,#5653,#5663,#5673,#5683));
#5633=ORIENTED_EDGE('',*,*,#5556,.T.);
#5643=ORIENTED_EDGE('',*,*,#5359,.T.);
#5656=CARTESIAN_POINT('',(43.155,-48.92,1.651));
#5655=VERTEX_POINT('',#5656);
#5654=EDGE_CURVE('',#5655,#5350,#5659,.T.);
#5659=LINE('',#5656,#5661);
#5661=VECTOR('',#5662,0.4064);
#5662=DIRECTION('',(1.0,0.0,0.0));
#5653=ORIENTED_EDGE('',*,*,#5654,.F.);
#5666=CARTESIAN_POINT('',(43.155,-48.92,1.397));
#5665=VERTEX_POINT('',#5666);
#5664=EDGE_CURVE('',#5665,#5655,#5669,.T.);
#5669=LINE('',#5666,#5671);
#5671=VECTOR('',#5672,0.254);
#5672=DIRECTION('',(0.0,0.0,1.0));
#5663=ORIENTED_EDGE('',*,*,#5664,.F.);
#5674=EDGE_CURVE('',#5478,#5665,#5679,.T.);
#5679=LINE('',#5479,#5681);
#5681=VECTOR('',#5682,0.1524);
#5682=DIRECTION('',(-1.0,0.0,0.0));
#5673=ORIENTED_EDGE('',*,*,#5674,.F.);
#5683=ORIENTED_EDGE('',*,*,#5477,.T.);
#5693=STYLED_ITEM('',(#34),#5694);
#5694=ADVANCED_FACE('',(#5700),#5695,.T.);
#5695=PLANE('',#5696);
#5696=AXIS2_PLACEMENT_3D('',#5697,#5698,#5699);
#5697=CARTESIAN_POINT('',(43.561,-47.6,0.0));
#5698=DIRECTION('',(0.0,1.0,0.0));
#5699=DIRECTION('',(0.,0.,1.));
#5700=FACE_OUTER_BOUND('',#5701,.T.);
#5701=EDGE_LOOP('',(#5702,#5712,#5722,#5732,#5742,#5752));
#5702=ORIENTED_EDGE('',*,*,#5585,.T.);
#5712=ORIENTED_EDGE('',*,*,#5497,.T.);
#5725=CARTESIAN_POINT('',(43.155,-47.6,1.397));
#5724=VERTEX_POINT('',#5725);
#5723=EDGE_CURVE('',#5724,#5488,#5728,.T.);
#5728=LINE('',#5725,#5730);
#5730=VECTOR('',#5731,0.1524);
#5731=DIRECTION('',(1.0,0.0,0.0));
#5722=ORIENTED_EDGE('',*,*,#5723,.F.);
#5735=CARTESIAN_POINT('',(43.155,-47.6,1.651));
#5734=VERTEX_POINT('',#5735);
#5733=EDGE_CURVE('',#5734,#5724,#5738,.T.);
#5738=LINE('',#5735,#5740);
#5740=VECTOR('',#5741,0.254);
#5741=DIRECTION('',(0.0,0.0,-1.0));
#5732=ORIENTED_EDGE('',*,*,#5733,.F.);
#5743=EDGE_CURVE('',#5340,#5734,#5748,.T.);
#5748=LINE('',#5341,#5750);
#5750=VECTOR('',#5751,0.4064);
#5751=DIRECTION('',(-1.0,0.0,0.0));
#5742=ORIENTED_EDGE('',*,*,#5743,.F.);
#5752=ORIENTED_EDGE('',*,*,#5339,.T.);
#5762=STYLED_ITEM('',(#34),#5763);
#5763=ADVANCED_FACE('',(#5769),#5764,.T.);
#5764=PLANE('',#5765);
#5765=AXIS2_PLACEMENT_3D('',#5766,#5767,#5768);
#5766=CARTESIAN_POINT('',(43.155,-47.6,1.397));
#5767=DIRECTION('',(0.0,0.0,-1.0));
#5768=DIRECTION('',(0.,1.,0.));
#5769=FACE_OUTER_BOUND('',#5770,.T.);
#5770=EDGE_LOOP('',(#5771,#5781,#5791,#5801));
#5771=ORIENTED_EDGE('',*,*,#5723,.T.);
#5781=ORIENTED_EDGE('',*,*,#5487,.T.);
#5791=ORIENTED_EDGE('',*,*,#5674,.T.);
#5802=EDGE_CURVE('',#5724,#5665,#5807,.T.);
#5807=LINE('',#5725,#5809);
#5809=VECTOR('',#5810,1.3208);
#5810=DIRECTION('',(0.0,-1.0,0.0));
#5801=ORIENTED_EDGE('',*,*,#5802,.F.);
#5811=STYLED_ITEM('',(#34),#5812);
#5812=ADVANCED_FACE('',(#5818),#5813,.T.);
#5813=PLANE('',#5814);
#5814=AXIS2_PLACEMENT_3D('',#5815,#5816,#5817);
#5815=CARTESIAN_POINT('',(43.155,-47.6,1.397));
#5816=DIRECTION('',(-1.0,0.0,0.0));
#5817=DIRECTION('',(0.,0.,1.));
#5818=FACE_OUTER_BOUND('',#5819,.T.);
#5819=EDGE_LOOP('',(#5820,#5830,#5840,#5850));
#5820=ORIENTED_EDGE('',*,*,#5802,.T.);
#5830=ORIENTED_EDGE('',*,*,#5664,.T.);
#5841=EDGE_CURVE('',#5734,#5655,#5846,.T.);
#5846=LINE('',#5735,#5848);
#5848=VECTOR('',#5849,1.3208);
#5849=DIRECTION('',(0.0,-1.0,0.0));
#5840=ORIENTED_EDGE('',*,*,#5841,.F.);
#5850=ORIENTED_EDGE('',*,*,#5733,.T.);
#5860=STYLED_ITEM('',(#34),#5861);
#5861=ADVANCED_FACE('',(#5867),#5862,.T.);
#5862=PLANE('',#5863);
#5863=AXIS2_PLACEMENT_3D('',#5864,#5865,#5866);
#5864=CARTESIAN_POINT('',(43.155,-48.92,1.651));
#5865=DIRECTION('',(0.0,0.0,1.0));
#5866=DIRECTION('',(0.,1.,0.));
#5867=FACE_OUTER_BOUND('',#5868,.T.);
#5868=EDGE_LOOP('',(#5869,#5879,#5889,#5899));
#5869=ORIENTED_EDGE('',*,*,#5654,.T.);
#5879=ORIENTED_EDGE('',*,*,#5349,.T.);
#5889=ORIENTED_EDGE('',*,*,#5743,.T.);
#5899=ORIENTED_EDGE('',*,*,#5841,.T.);
#5910=MANIFOLD_SOLID_BREP($,#5911);
#5911=CLOSED_SHELL('',(#5913,#5962,#6011,#6100,#6149,#6238,#6287,#6336,#6405,#6474,#6523,#6572));
#5912=STYLED_ITEM('',(#34),#5913);
#5913=ADVANCED_FACE('',(#5919),#5914,.T.);
#5914=PLANE('',#5915);
#5915=AXIS2_PLACEMENT_3D('',#5916,#5917,#5918);
#5916=CARTESIAN_POINT('',(43.307,-45.923,-2.54));
#5917=DIRECTION('',(0.0,0.0,-1.0));
#5918=DIRECTION('',(0.,1.,0.));
#5919=FACE_OUTER_BOUND('',#5920,.T.);
#5920=EDGE_LOOP('',(#5921,#5931,#5941,#5951));
#5924=CARTESIAN_POINT('',(43.307,-45.517,-2.54));
#5923=VERTEX_POINT('',#5924);
#5926=CARTESIAN_POINT('',(43.307,-45.923,-2.54));
#5925=VERTEX_POINT('',#5926);
#5922=EDGE_CURVE('',#5923,#5925,#5927,.T.);
#5927=LINE('',#5924,#5929);
#5929=VECTOR('',#5930,0.4064);
#5930=DIRECTION('',(0.0,-1.0,0.0));
#5921=ORIENTED_EDGE('',*,*,#5922,.F.);
#5934=CARTESIAN_POINT('',(43.561,-45.517,-2.54));
#5933=VERTEX_POINT('',#5934);
#5932=EDGE_CURVE('',#5933,#5923,#5937,.T.);
#5937=LINE('',#5934,#5939);
#5939=VECTOR('',#5940,0.254);
#5940=DIRECTION('',(-1.0,0.0,0.0));
#5931=ORIENTED_EDGE('',*,*,#5932,.F.);
#5944=CARTESIAN_POINT('',(43.561,-45.923,-2.54));
#5943=VERTEX_POINT('',#5944);
#5942=EDGE_CURVE('',#5943,#5933,#5947,.T.);
#5947=LINE('',#5944,#5949);
#5949=VECTOR('',#5950,0.4064);
#5950=DIRECTION('',(0.0,1.0,0.0));
#5941=ORIENTED_EDGE('',*,*,#5942,.F.);
#5952=EDGE_CURVE('',#5925,#5943,#5957,.T.);
#5957=LINE('',#5926,#5959);
#5959=VECTOR('',#5960,0.254);
#5960=DIRECTION('',(1.0,0.0,0.0));
#5951=ORIENTED_EDGE('',*,*,#5952,.F.);
#5961=STYLED_ITEM('',(#34),#5962);
#5962=ADVANCED_FACE('',(#5968),#5963,.T.);
#5963=PLANE('',#5964);
#5964=AXIS2_PLACEMENT_3D('',#5965,#5966,#5967);
#5965=CARTESIAN_POINT('',(43.307,-45.923,-2.54));
#5966=DIRECTION('',(0.0,-1.0,0.0));
#5967=DIRECTION('',(0.,0.,1.));
#5968=FACE_OUTER_BOUND('',#5969,.T.);
#5969=EDGE_LOOP('',(#5970,#5980,#5990,#6000));
#5970=ORIENTED_EDGE('',*,*,#5952,.T.);
#5983=CARTESIAN_POINT('',(43.561,-45.923,0.0));
#5982=VERTEX_POINT('',#5983);
#5981=EDGE_CURVE('',#5982,#5943,#5986,.T.);
#5986=LINE('',#5983,#5988);
#5988=VECTOR('',#5989,2.54);
#5989=DIRECTION('',(0.0,0.0,-1.0));
#5980=ORIENTED_EDGE('',*,*,#5981,.F.);
#5993=CARTESIAN_POINT('',(43.307,-45.923,0.0));
#5992=VERTEX_POINT('',#5993);
#5991=EDGE_CURVE('',#5992,#5982,#5996,.T.);
#5996=LINE('',#5993,#5998);
#5998=VECTOR('',#5999,0.254);
#5999=DIRECTION('',(1.0,0.0,0.0));
#5990=ORIENTED_EDGE('',*,*,#5991,.F.);
#6001=EDGE_CURVE('',#5925,#5992,#6006,.T.);
#6006=LINE('',#5926,#6008);
#6008=VECTOR('',#6009,2.54);
#6009=DIRECTION('',(0.0,0.0,1.0));
#6000=ORIENTED_EDGE('',*,*,#6001,.F.);
#6010=STYLED_ITEM('',(#34),#6011);
#6011=ADVANCED_FACE('',(#6017),#6012,.T.);
#6012=PLANE('',#6013);
#6013=AXIS2_PLACEMENT_3D('',#6014,#6015,#6016);
#6014=CARTESIAN_POINT('',(43.561,-45.923,-2.54));
#6015=DIRECTION('',(1.0,0.0,0.0));
#6016=DIRECTION('',(0.,0.,1.));
#6017=FACE_OUTER_BOUND('',#6018,.T.);
#6018=EDGE_LOOP('',(#6019,#6029,#6039,#6049,#6059,#6069,#6079,#6089));
#6019=ORIENTED_EDGE('',*,*,#5942,.T.);
#6032=CARTESIAN_POINT('',(43.561,-45.517,0.0));
#6031=VERTEX_POINT('',#6032);
#6030=EDGE_CURVE('',#6031,#5933,#6035,.T.);
#6035=LINE('',#6032,#6037);
#6037=VECTOR('',#6038,2.54);
#6038=DIRECTION('',(0.0,0.0,-1.0));
#6029=ORIENTED_EDGE('',*,*,#6030,.F.);
#6042=CARTESIAN_POINT('',(43.561,-45.06,0.0));
#6041=VERTEX_POINT('',#6042);
#6040=EDGE_CURVE('',#6041,#6031,#6045,.T.);
#6045=LINE('',#6042,#6047);
#6047=VECTOR('',#6048,0.4572);
#6048=DIRECTION('',(0.0,-1.0,0.0));
#6039=ORIENTED_EDGE('',*,*,#6040,.F.);
#6052=CARTESIAN_POINT('',(43.561,-45.06,1.651));
#6051=VERTEX_POINT('',#6052);
#6050=EDGE_CURVE('',#6051,#6041,#6055,.T.);
#6055=LINE('',#6052,#6057);
#6057=VECTOR('',#6058,1.651);
#6058=DIRECTION('',(0.0,0.0,-1.0));
#6049=ORIENTED_EDGE('',*,*,#6050,.F.);
#6062=CARTESIAN_POINT('',(43.561,-46.38,1.651));
#6061=VERTEX_POINT('',#6062);
#6060=EDGE_CURVE('',#6061,#6051,#6065,.T.);
#6065=LINE('',#6062,#6067);
#6067=VECTOR('',#6068,1.3208);
#6068=DIRECTION('',(0.0,1.0,0.0));
#6059=ORIENTED_EDGE('',*,*,#6060,.F.);
#6072=CARTESIAN_POINT('',(43.561,-46.38,0.0));
#6071=VERTEX_POINT('',#6072);
#6070=EDGE_CURVE('',#6071,#6061,#6075,.T.);
#6075=LINE('',#6072,#6077);
#6077=VECTOR('',#6078,1.651);
#6078=DIRECTION('',(0.0,0.0,1.0));
#6069=ORIENTED_EDGE('',*,*,#6070,.F.);
#6080=EDGE_CURVE('',#5982,#6071,#6085,.T.);
#6085=LINE('',#5983,#6087);
#6087=VECTOR('',#6088,0.4572);
#6088=DIRECTION('',(0.0,-1.0,0.0));
#6079=ORIENTED_EDGE('',*,*,#6080,.F.);
#6089=ORIENTED_EDGE('',*,*,#5981,.T.);
#6099=STYLED_ITEM('',(#34),#6100);
#6100=ADVANCED_FACE('',(#6106),#6101,.T.);
#6101=PLANE('',#6102);
#6102=AXIS2_PLACEMENT_3D('',#6103,#6104,#6105);
#6103=CARTESIAN_POINT('',(43.561,-45.517,-2.54));
#6104=DIRECTION('',(0.0,1.0,0.0));
#6105=DIRECTION('',(0.,0.,1.));
#6106=FACE_OUTER_BOUND('',#6107,.T.);
#6107=EDGE_LOOP('',(#6108,#6118,#6128,#6138));
#6108=ORIENTED_EDGE('',*,*,#5932,.T.);
#6121=CARTESIAN_POINT('',(43.307,-45.517,0.0));
#6120=VERTEX_POINT('',#6121);
#6119=EDGE_CURVE('',#6120,#5923,#6124,.T.);
#6124=LINE('',#6121,#6126);
#6126=VECTOR('',#6127,2.54);
#6127=DIRECTION('',(0.0,0.0,-1.0));
#6118=ORIENTED_EDGE('',*,*,#6119,.F.);
#6129=EDGE_CURVE('',#6031,#6120,#6134,.T.);
#6134=LINE('',#6032,#6136);
#6136=VECTOR('',#6137,0.254);
#6137=DIRECTION('',(-1.0,0.0,0.0));
#6128=ORIENTED_EDGE('',*,*,#6129,.F.);
#6138=ORIENTED_EDGE('',*,*,#6030,.T.);
#6148=STYLED_ITEM('',(#34),#6149);
#6149=ADVANCED_FACE('',(#6155),#6150,.T.);
#6150=PLANE('',#6151);
#6151=AXIS2_PLACEMENT_3D('',#6152,#6153,#6154);
#6152=CARTESIAN_POINT('',(43.307,-45.517,-2.54));
#6153=DIRECTION('',(-1.0,0.0,0.0));
#6154=DIRECTION('',(0.,0.,1.));
#6155=FACE_OUTER_BOUND('',#6156,.T.);
#6156=EDGE_LOOP('',(#6157,#6167,#6177,#6187,#6197,#6207,#6217,#6227));
#6157=ORIENTED_EDGE('',*,*,#5922,.T.);
#6167=ORIENTED_EDGE('',*,*,#6001,.T.);
#6180=CARTESIAN_POINT('',(43.307,-46.38,0.0));
#6179=VERTEX_POINT('',#6180);
#6178=EDGE_CURVE('',#6179,#5992,#6183,.T.);
#6183=LINE('',#6180,#6185);
#6185=VECTOR('',#6186,0.4572);
#6186=DIRECTION('',(0.0,1.0,0.0));
#6177=ORIENTED_EDGE('',*,*,#6178,.F.);
#6190=CARTESIAN_POINT('',(43.307,-46.38,1.397));
#6189=VERTEX_POINT('',#6190);
#6188=EDGE_CURVE('',#6189,#6179,#6193,.T.);
#6193=LINE('',#6190,#6195);
#6195=VECTOR('',#6196,1.397);
#6196=DIRECTION('',(0.0,0.0,-1.0));
#6187=ORIENTED_EDGE('',*,*,#6188,.F.);
#6200=CARTESIAN_POINT('',(43.307,-45.06,1.397));
#6199=VERTEX_POINT('',#6200);
#6198=EDGE_CURVE('',#6199,#6189,#6203,.T.);
#6203=LINE('',#6200,#6205);
#6205=VECTOR('',#6206,1.3208);
#6206=DIRECTION('',(0.0,-1.0,0.0));
#6197=ORIENTED_EDGE('',*,*,#6198,.F.);
#6210=CARTESIAN_POINT('',(43.307,-45.06,0.0));
#6209=VERTEX_POINT('',#6210);
#6208=EDGE_CURVE('',#6209,#6199,#6213,.T.);
#6213=LINE('',#6210,#6215);
#6215=VECTOR('',#6216,1.397);
#6216=DIRECTION('',(0.0,0.0,1.0));
#6207=ORIENTED_EDGE('',*,*,#6208,.F.);
#6218=EDGE_CURVE('',#6120,#6209,#6223,.T.);
#6223=LINE('',#6121,#6225);
#6225=VECTOR('',#6226,0.4572);
#6226=DIRECTION('',(0.0,1.0,0.0));
#6217=ORIENTED_EDGE('',*,*,#6218,.F.);
#6227=ORIENTED_EDGE('',*,*,#6119,.T.);
#6237=STYLED_ITEM('',(#34),#6238);
#6238=ADVANCED_FACE('',(#6244),#6239,.T.);
#6239=PLANE('',#6240);
#6240=AXIS2_PLACEMENT_3D('',#6241,#6242,#6243);
#6241=CARTESIAN_POINT('',(43.307,-45.923,0.0));
#6242=DIRECTION('',(0.0,0.0,-1.0));
#6243=DIRECTION('',(0.,1.,0.));
#6244=FACE_OUTER_BOUND('',#6245,.T.);
#6245=EDGE_LOOP('',(#6246,#6256,#6266,#6276));
#6246=ORIENTED_EDGE('',*,*,#5991,.T.);
#6256=ORIENTED_EDGE('',*,*,#6080,.T.);
#6267=EDGE_CURVE('',#6179,#6071,#6272,.T.);
#6272=LINE('',#6180,#6274);
#6274=VECTOR('',#6275,0.254);
#6275=DIRECTION('',(1.0,0.0,0.0));
#6266=ORIENTED_EDGE('',*,*,#6267,.F.);
#6276=ORIENTED_EDGE('',*,*,#6178,.T.);
#6286=STYLED_ITEM('',(#34),#6287);
#6287=ADVANCED_FACE('',(#6293),#6288,.T.);
#6288=PLANE('',#6289);
#6289=AXIS2_PLACEMENT_3D('',#6290,#6291,#6292);
#6290=CARTESIAN_POINT('',(43.307,-45.06,0.0));
#6291=DIRECTION('',(0.0,0.0,-1.0));
#6292=DIRECTION('',(0.,1.,0.));
#6293=FACE_OUTER_BOUND('',#6294,.T.);
#6294=EDGE_LOOP('',(#6295,#6305,#6315,#6325));
#6296=EDGE_CURVE('',#6041,#6209,#6301,.T.);
#6301=LINE('',#6042,#6303);
#6303=VECTOR('',#6304,0.254);
#6304=DIRECTION('',(-1.0,0.0,0.0));
#6295=ORIENTED_EDGE('',*,*,#6296,.F.);
#6305=ORIENTED_EDGE('',*,*,#6040,.T.);
#6315=ORIENTED_EDGE('',*,*,#6129,.T.);
#6325=ORIENTED_EDGE('',*,*,#6218,.T.);
#6335=STYLED_ITEM('',(#34),#6336);
#6336=ADVANCED_FACE('',(#6342),#6337,.T.);
#6337=PLANE('',#6338);
#6338=AXIS2_PLACEMENT_3D('',#6339,#6340,#6341);
#6339=CARTESIAN_POINT('',(43.307,-46.38,0.0));
#6340=DIRECTION('',(0.0,-1.0,0.0));
#6341=DIRECTION('',(0.,0.,1.));
#6342=FACE_OUTER_BOUND('',#6343,.T.);
#6343=EDGE_LOOP('',(#6344,#6354,#6364,#6374,#6384,#6394));
#6344=ORIENTED_EDGE('',*,*,#6267,.T.);
#6354=ORIENTED_EDGE('',*,*,#6070,.T.);
#6367=CARTESIAN_POINT('',(43.155,-46.38,1.651));
#6366=VERTEX_POINT('',#6367);
#6365=EDGE_CURVE('',#6366,#6061,#6370,.T.);
#6370=LINE('',#6367,#6372);
#6372=VECTOR('',#6373,0.4064);
#6373=DIRECTION('',(1.0,0.0,0.0));
#6364=ORIENTED_EDGE('',*,*,#6365,.F.);
#6377=CARTESIAN_POINT('',(43.155,-46.38,1.397));
#6376=VERTEX_POINT('',#6377);
#6375=EDGE_CURVE('',#6376,#6366,#6380,.T.);
#6380=LINE('',#6377,#6382);
#6382=VECTOR('',#6383,0.254);
#6383=DIRECTION('',(0.0,0.0,1.0));
#6374=ORIENTED_EDGE('',*,*,#6375,.F.);
#6385=EDGE_CURVE('',#6189,#6376,#6390,.T.);
#6390=LINE('',#6190,#6392);
#6392=VECTOR('',#6393,0.1524);
#6393=DIRECTION('',(-1.0,0.0,0.0));
#6384=ORIENTED_EDGE('',*,*,#6385,.F.);
#6394=ORIENTED_EDGE('',*,*,#6188,.T.);
#6404=STYLED_ITEM('',(#34),#6405);
#6405=ADVANCED_FACE('',(#6411),#6406,.T.);
#6406=PLANE('',#6407);
#6407=AXIS2_PLACEMENT_3D('',#6408,#6409,#6410);
#6408=CARTESIAN_POINT('',(43.561,-45.06,0.0));
#6409=DIRECTION('',(0.0,1.0,0.0));
#6410=DIRECTION('',(0.,0.,1.));
#6411=FACE_OUTER_BOUND('',#6412,.T.);
#6412=EDGE_LOOP('',(#6413,#6423,#6433,#6443,#6453,#6463));
#6413=ORIENTED_EDGE('',*,*,#6296,.T.);
#6423=ORIENTED_EDGE('',*,*,#6208,.T.);
#6436=CARTESIAN_POINT('',(43.155,-45.06,1.397));
#6435=VERTEX_POINT('',#6436);
#6434=EDGE_CURVE('',#6435,#6199,#6439,.T.);
#6439=LINE('',#6436,#6441);
#6441=VECTOR('',#6442,0.1524);
#6442=DIRECTION('',(1.0,0.0,0.0));
#6433=ORIENTED_EDGE('',*,*,#6434,.F.);
#6446=CARTESIAN_POINT('',(43.155,-45.06,1.651));
#6445=VERTEX_POINT('',#6446);
#6444=EDGE_CURVE('',#6445,#6435,#6449,.T.);
#6449=LINE('',#6446,#6451);
#6451=VECTOR('',#6452,0.254);
#6452=DIRECTION('',(0.0,0.0,-1.0));
#6443=ORIENTED_EDGE('',*,*,#6444,.F.);
#6454=EDGE_CURVE('',#6051,#6445,#6459,.T.);
#6459=LINE('',#6052,#6461);
#6461=VECTOR('',#6462,0.4064);
#6462=DIRECTION('',(-1.0,0.0,0.0));
#6453=ORIENTED_EDGE('',*,*,#6454,.F.);
#6463=ORIENTED_EDGE('',*,*,#6050,.T.);
#6473=STYLED_ITEM('',(#34),#6474);
#6474=ADVANCED_FACE('',(#6480),#6475,.T.);
#6475=PLANE('',#6476);
#6476=AXIS2_PLACEMENT_3D('',#6477,#6478,#6479);
#6477=CARTESIAN_POINT('',(43.155,-45.06,1.397));
#6478=DIRECTION('',(0.0,0.0,-1.0));
#6479=DIRECTION('',(0.,1.,0.));
#6480=FACE_OUTER_BOUND('',#6481,.T.);
#6481=EDGE_LOOP('',(#6482,#6492,#6502,#6512));
#6482=ORIENTED_EDGE('',*,*,#6434,.T.);
#6492=ORIENTED_EDGE('',*,*,#6198,.T.);
#6502=ORIENTED_EDGE('',*,*,#6385,.T.);
#6513=EDGE_CURVE('',#6435,#6376,#6518,.T.);
#6518=LINE('',#6436,#6520);
#6520=VECTOR('',#6521,1.3208);
#6521=DIRECTION('',(0.0,-1.0,0.0));
#6512=ORIENTED_EDGE('',*,*,#6513,.F.);
#6522=STYLED_ITEM('',(#34),#6523);
#6523=ADVANCED_FACE('',(#6529),#6524,.T.);
#6524=PLANE('',#6525);
#6525=AXIS2_PLACEMENT_3D('',#6526,#6527,#6528);
#6526=CARTESIAN_POINT('',(43.155,-45.06,1.397));
#6527=DIRECTION('',(-1.0,0.0,0.0));
#6528=DIRECTION('',(0.,0.,1.));
#6529=FACE_OUTER_BOUND('',#6530,.T.);
#6530=EDGE_LOOP('',(#6531,#6541,#6551,#6561));
#6531=ORIENTED_EDGE('',*,*,#6513,.T.);
#6541=ORIENTED_EDGE('',*,*,#6375,.T.);
#6552=EDGE_CURVE('',#6445,#6366,#6557,.T.);
#6557=LINE('',#6446,#6559);
#6559=VECTOR('',#6560,1.3208);
#6560=DIRECTION('',(0.0,-1.0,0.0));
#6551=ORIENTED_EDGE('',*,*,#6552,.F.);
#6561=ORIENTED_EDGE('',*,*,#6444,.T.);
#6571=STYLED_ITEM('',(#34),#6572);
#6572=ADVANCED_FACE('',(#6578),#6573,.T.);
#6573=PLANE('',#6574);
#6574=AXIS2_PLACEMENT_3D('',#6575,#6576,#6577);
#6575=CARTESIAN_POINT('',(43.155,-46.38,1.651));
#6576=DIRECTION('',(0.0,0.0,1.0));
#6577=DIRECTION('',(0.,1.,0.));
#6578=FACE_OUTER_BOUND('',#6579,.T.);
#6579=EDGE_LOOP('',(#6580,#6590,#6600,#6610));
#6580=ORIENTED_EDGE('',*,*,#6365,.T.);
#6590=ORIENTED_EDGE('',*,*,#6060,.T.);
#6600=ORIENTED_EDGE('',*,*,#6454,.T.);
#6610=ORIENTED_EDGE('',*,*,#6552,.T.);
#6621=MANIFOLD_SOLID_BREP($,#6622);
#6622=CLOSED_SHELL('',(#6624,#6673,#6722,#6811,#6860,#6949,#6998,#7047,#7116,#7185,#7234,#7283));
#6623=STYLED_ITEM('',(#34),#6624);
#6624=ADVANCED_FACE('',(#6630),#6625,.T.);
#6625=PLANE('',#6626);
#6626=AXIS2_PLACEMENT_3D('',#6627,#6628,#6629);
#6627=CARTESIAN_POINT('',(43.307,-43.383,-2.54));
#6628=DIRECTION('',(0.0,0.0,-1.0));
#6629=DIRECTION('',(0.,1.,0.));
#6630=FACE_OUTER_BOUND('',#6631,.T.);
#6631=EDGE_LOOP('',(#6632,#6642,#6652,#6662));
#6635=CARTESIAN_POINT('',(43.307,-42.977,-2.54));
#6634=VERTEX_POINT('',#6635);
#6637=CARTESIAN_POINT('',(43.307,-43.383,-2.54));
#6636=VERTEX_POINT('',#6637);
#6633=EDGE_CURVE('',#6634,#6636,#6638,.T.);
#6638=LINE('',#6635,#6640);
#6640=VECTOR('',#6641,0.4064);
#6641=DIRECTION('',(0.0,-1.0,0.0));
#6632=ORIENTED_EDGE('',*,*,#6633,.F.);
#6645=CARTESIAN_POINT('',(43.561,-42.977,-2.54));
#6644=VERTEX_POINT('',#6645);
#6643=EDGE_CURVE('',#6644,#6634,#6648,.T.);
#6648=LINE('',#6645,#6650);
#6650=VECTOR('',#6651,0.254);
#6651=DIRECTION('',(-1.0,0.0,0.0));
#6642=ORIENTED_EDGE('',*,*,#6643,.F.);
#6655=CARTESIAN_POINT('',(43.561,-43.383,-2.54));
#6654=VERTEX_POINT('',#6655);
#6653=EDGE_CURVE('',#6654,#6644,#6658,.T.);
#6658=LINE('',#6655,#6660);
#6660=VECTOR('',#6661,0.4064);
#6661=DIRECTION('',(0.0,1.0,0.0));
#6652=ORIENTED_EDGE('',*,*,#6653,.F.);
#6663=EDGE_CURVE('',#6636,#6654,#6668,.T.);
#6668=LINE('',#6637,#6670);
#6670=VECTOR('',#6671,0.254);
#6671=DIRECTION('',(1.0,0.0,0.0));
#6662=ORIENTED_EDGE('',*,*,#6663,.F.);
#6672=STYLED_ITEM('',(#34),#6673);
#6673=ADVANCED_FACE('',(#6679),#6674,.T.);
#6674=PLANE('',#6675);
#6675=AXIS2_PLACEMENT_3D('',#6676,#6677,#6678);
#6676=CARTESIAN_POINT('',(43.307,-43.383,-2.54));
#6677=DIRECTION('',(0.0,-1.0,0.0));
#6678=DIRECTION('',(0.,0.,1.));
#6679=FACE_OUTER_BOUND('',#6680,.T.);
#6680=EDGE_LOOP('',(#6681,#6691,#6701,#6711));
#6681=ORIENTED_EDGE('',*,*,#6663,.T.);
#6694=CARTESIAN_POINT('',(43.561,-43.383,0.0));
#6693=VERTEX_POINT('',#6694);
#6692=EDGE_CURVE('',#6693,#6654,#6697,.T.);
#6697=LINE('',#6694,#6699);
#6699=VECTOR('',#6700,2.54);
#6700=DIRECTION('',(0.0,0.0,-1.0));
#6691=ORIENTED_EDGE('',*,*,#6692,.F.);
#6704=CARTESIAN_POINT('',(43.307,-43.383,0.0));
#6703=VERTEX_POINT('',#6704);
#6702=EDGE_CURVE('',#6703,#6693,#6707,.T.);
#6707=LINE('',#6704,#6709);
#6709=VECTOR('',#6710,0.254);
#6710=DIRECTION('',(1.0,0.0,0.0));
#6701=ORIENTED_EDGE('',*,*,#6702,.F.);
#6712=EDGE_CURVE('',#6636,#6703,#6717,.T.);
#6717=LINE('',#6637,#6719);
#6719=VECTOR('',#6720,2.54);
#6720=DIRECTION('',(0.0,0.0,1.0));
#6711=ORIENTED_EDGE('',*,*,#6712,.F.);
#6721=STYLED_ITEM('',(#34),#6722);
#6722=ADVANCED_FACE('',(#6728),#6723,.T.);
#6723=PLANE('',#6724);
#6724=AXIS2_PLACEMENT_3D('',#6725,#6726,#6727);
#6725=CARTESIAN_POINT('',(43.561,-43.383,-2.54));
#6726=DIRECTION('',(1.0,0.0,0.0));
#6727=DIRECTION('',(0.,0.,1.));
#6728=FACE_OUTER_BOUND('',#6729,.T.);
#6729=EDGE_LOOP('',(#6730,#6740,#6750,#6760,#6770,#6780,#6790,#6800));
#6730=ORIENTED_EDGE('',*,*,#6653,.T.);
#6743=CARTESIAN_POINT('',(43.561,-42.977,0.0));
#6742=VERTEX_POINT('',#6743);
#6741=EDGE_CURVE('',#6742,#6644,#6746,.T.);
#6746=LINE('',#6743,#6748);
#6748=VECTOR('',#6749,2.54);
#6749=DIRECTION('',(0.0,0.0,-1.0));
#6740=ORIENTED_EDGE('',*,*,#6741,.F.);
#6753=CARTESIAN_POINT('',(43.561,-42.52,0.0));
#6752=VERTEX_POINT('',#6753);
#6751=EDGE_CURVE('',#6752,#6742,#6756,.T.);
#6756=LINE('',#6753,#6758);
#6758=VECTOR('',#6759,0.4572);
#6759=DIRECTION('',(0.0,-1.0,0.0));
#6750=ORIENTED_EDGE('',*,*,#6751,.F.);
#6763=CARTESIAN_POINT('',(43.561,-42.52,1.651));
#6762=VERTEX_POINT('',#6763);
#6761=EDGE_CURVE('',#6762,#6752,#6766,.T.);
#6766=LINE('',#6763,#6768);
#6768=VECTOR('',#6769,1.651);
#6769=DIRECTION('',(0.0,0.0,-1.0));
#6760=ORIENTED_EDGE('',*,*,#6761,.F.);
#6773=CARTESIAN_POINT('',(43.561,-43.84,1.651));
#6772=VERTEX_POINT('',#6773);
#6771=EDGE_CURVE('',#6772,#6762,#6776,.T.);
#6776=LINE('',#6773,#6778);
#6778=VECTOR('',#6779,1.3208);
#6779=DIRECTION('',(0.0,1.0,0.0));
#6770=ORIENTED_EDGE('',*,*,#6771,.F.);
#6783=CARTESIAN_POINT('',(43.561,-43.84,0.0));
#6782=VERTEX_POINT('',#6783);
#6781=EDGE_CURVE('',#6782,#6772,#6786,.T.);
#6786=LINE('',#6783,#6788);
#6788=VECTOR('',#6789,1.651);
#6789=DIRECTION('',(0.0,0.0,1.0));
#6780=ORIENTED_EDGE('',*,*,#6781,.F.);
#6791=EDGE_CURVE('',#6693,#6782,#6796,.T.);
#6796=LINE('',#6694,#6798);
#6798=VECTOR('',#6799,0.4572);
#6799=DIRECTION('',(0.0,-1.0,0.0));
#6790=ORIENTED_EDGE('',*,*,#6791,.F.);
#6800=ORIENTED_EDGE('',*,*,#6692,.T.);
#6810=STYLED_ITEM('',(#34),#6811);
#6811=ADVANCED_FACE('',(#6817),#6812,.T.);
#6812=PLANE('',#6813);
#6813=AXIS2_PLACEMENT_3D('',#6814,#6815,#6816);
#6814=CARTESIAN_POINT('',(43.561,-42.977,-2.54));
#6815=DIRECTION('',(0.0,1.0,0.0));
#6816=DIRECTION('',(0.,0.,1.));
#6817=FACE_OUTER_BOUND('',#6818,.T.);
#6818=EDGE_LOOP('',(#6819,#6829,#6839,#6849));
#6819=ORIENTED_EDGE('',*,*,#6643,.T.);
#6832=CARTESIAN_POINT('',(43.307,-42.977,0.0));
#6831=VERTEX_POINT('',#6832);
#6830=EDGE_CURVE('',#6831,#6634,#6835,.T.);
#6835=LINE('',#6832,#6837);
#6837=VECTOR('',#6838,2.54);
#6838=DIRECTION('',(0.0,0.0,-1.0));
#6829=ORIENTED_EDGE('',*,*,#6830,.F.);
#6840=EDGE_CURVE('',#6742,#6831,#6845,.T.);
#6845=LINE('',#6743,#6847);
#6847=VECTOR('',#6848,0.254);
#6848=DIRECTION('',(-1.0,0.0,0.0));
#6839=ORIENTED_EDGE('',*,*,#6840,.F.);
#6849=ORIENTED_EDGE('',*,*,#6741,.T.);
#6859=STYLED_ITEM('',(#34),#6860);
#6860=ADVANCED_FACE('',(#6866),#6861,.T.);
#6861=PLANE('',#6862);
#6862=AXIS2_PLACEMENT_3D('',#6863,#6864,#6865);
#6863=CARTESIAN_POINT('',(43.307,-42.977,-2.54));
#6864=DIRECTION('',(-1.0,0.0,0.0));
#6865=DIRECTION('',(0.,0.,1.));
#6866=FACE_OUTER_BOUND('',#6867,.T.);
#6867=EDGE_LOOP('',(#6868,#6878,#6888,#6898,#6908,#6918,#6928,#6938));
#6868=ORIENTED_EDGE('',*,*,#6633,.T.);
#6878=ORIENTED_EDGE('',*,*,#6712,.T.);
#6891=CARTESIAN_POINT('',(43.307,-43.84,0.0));
#6890=VERTEX_POINT('',#6891);
#6889=EDGE_CURVE('',#6890,#6703,#6894,.T.);
#6894=LINE('',#6891,#6896);
#6896=VECTOR('',#6897,0.4572);
#6897=DIRECTION('',(0.0,1.0,0.0));
#6888=ORIENTED_EDGE('',*,*,#6889,.F.);
#6901=CARTESIAN_POINT('',(43.307,-43.84,1.397));
#6900=VERTEX_POINT('',#6901);
#6899=EDGE_CURVE('',#6900,#6890,#6904,.T.);
#6904=LINE('',#6901,#6906);
#6906=VECTOR('',#6907,1.397);
#6907=DIRECTION('',(0.0,0.0,-1.0));
#6898=ORIENTED_EDGE('',*,*,#6899,.F.);
#6911=CARTESIAN_POINT('',(43.307,-42.52,1.397));
#6910=VERTEX_POINT('',#6911);
#6909=EDGE_CURVE('',#6910,#6900,#6914,.T.);
#6914=LINE('',#6911,#6916);
#6916=VECTOR('',#6917,1.3208);
#6917=DIRECTION('',(0.0,-1.0,0.0));
#6908=ORIENTED_EDGE('',*,*,#6909,.F.);
#6921=CARTESIAN_POINT('',(43.307,-42.52,0.0));
#6920=VERTEX_POINT('',#6921);
#6919=EDGE_CURVE('',#6920,#6910,#6924,.T.);
#6924=LINE('',#6921,#6926);
#6926=VECTOR('',#6927,1.397);
#6927=DIRECTION('',(0.0,0.0,1.0));
#6918=ORIENTED_EDGE('',*,*,#6919,.F.);
#6929=EDGE_CURVE('',#6831,#6920,#6934,.T.);
#6934=LINE('',#6832,#6936);
#6936=VECTOR('',#6937,0.4572);
#6937=DIRECTION('',(0.0,1.0,0.0));
#6928=ORIENTED_EDGE('',*,*,#6929,.F.);
#6938=ORIENTED_EDGE('',*,*,#6830,.T.);
#6948=STYLED_ITEM('',(#34),#6949);
#6949=ADVANCED_FACE('',(#6955),#6950,.T.);
#6950=PLANE('',#6951);
#6951=AXIS2_PLACEMENT_3D('',#6952,#6953,#6954);
#6952=CARTESIAN_POINT('',(43.307,-43.383,0.0));
#6953=DIRECTION('',(0.0,0.0,-1.0));
#6954=DIRECTION('',(0.,1.,0.));
#6955=FACE_OUTER_BOUND('',#6956,.T.);
#6956=EDGE_LOOP('',(#6957,#6967,#6977,#6987));
#6957=ORIENTED_EDGE('',*,*,#6702,.T.);
#6967=ORIENTED_EDGE('',*,*,#6791,.T.);
#6978=EDGE_CURVE('',#6890,#6782,#6983,.T.);
#6983=LINE('',#6891,#6985);
#6985=VECTOR('',#6986,0.254);
#6986=DIRECTION('',(1.0,0.0,0.0));
#6977=ORIENTED_EDGE('',*,*,#6978,.F.);
#6987=ORIENTED_EDGE('',*,*,#6889,.T.);
#6997=STYLED_ITEM('',(#34),#6998);
#6998=ADVANCED_FACE('',(#7004),#6999,.T.);
#6999=PLANE('',#7000);
#7000=AXIS2_PLACEMENT_3D('',#7001,#7002,#7003);
#7001=CARTESIAN_POINT('',(43.307,-42.52,0.0));
#7002=DIRECTION('',(0.0,0.0,-1.0));
#7003=DIRECTION('',(0.,1.,0.));
#7004=FACE_OUTER_BOUND('',#7005,.T.);
#7005=EDGE_LOOP('',(#7006,#7016,#7026,#7036));
#7007=EDGE_CURVE('',#6752,#6920,#7012,.T.);
#7012=LINE('',#6753,#7014);
#7014=VECTOR('',#7015,0.254);
#7015=DIRECTION('',(-1.0,0.0,0.0));
#7006=ORIENTED_EDGE('',*,*,#7007,.F.);
#7016=ORIENTED_EDGE('',*,*,#6751,.T.);
#7026=ORIENTED_EDGE('',*,*,#6840,.T.);
#7036=ORIENTED_EDGE('',*,*,#6929,.T.);
#7046=STYLED_ITEM('',(#34),#7047);
#7047=ADVANCED_FACE('',(#7053),#7048,.T.);
#7048=PLANE('',#7049);
#7049=AXIS2_PLACEMENT_3D('',#7050,#7051,#7052);
#7050=CARTESIAN_POINT('',(43.307,-43.84,0.0));
#7051=DIRECTION('',(0.0,-1.0,0.0));
#7052=DIRECTION('',(0.,0.,1.));
#7053=FACE_OUTER_BOUND('',#7054,.T.);
#7054=EDGE_LOOP('',(#7055,#7065,#7075,#7085,#7095,#7105));
#7055=ORIENTED_EDGE('',*,*,#6978,.T.);
#7065=ORIENTED_EDGE('',*,*,#6781,.T.);
#7078=CARTESIAN_POINT('',(43.155,-43.84,1.651));
#7077=VERTEX_POINT('',#7078);
#7076=EDGE_CURVE('',#7077,#6772,#7081,.T.);
#7081=LINE('',#7078,#7083);
#7083=VECTOR('',#7084,0.4064);
#7084=DIRECTION('',(1.0,0.0,0.0));
#7075=ORIENTED_EDGE('',*,*,#7076,.F.);
#7088=CARTESIAN_POINT('',(43.155,-43.84,1.397));
#7087=VERTEX_POINT('',#7088);
#7086=EDGE_CURVE('',#7087,#7077,#7091,.T.);
#7091=LINE('',#7088,#7093);
#7093=VECTOR('',#7094,0.254);
#7094=DIRECTION('',(0.0,0.0,1.0));
#7085=ORIENTED_EDGE('',*,*,#7086,.F.);
#7096=EDGE_CURVE('',#6900,#7087,#7101,.T.);
#7101=LINE('',#6901,#7103);
#7103=VECTOR('',#7104,0.1524);
#7104=DIRECTION('',(-1.0,0.0,0.0));
#7095=ORIENTED_EDGE('',*,*,#7096,.F.);
#7105=ORIENTED_EDGE('',*,*,#6899,.T.);
#7115=STYLED_ITEM('',(#34),#7116);
#7116=ADVANCED_FACE('',(#7122),#7117,.T.);
#7117=PLANE('',#7118);
#7118=AXIS2_PLACEMENT_3D('',#7119,#7120,#7121);
#7119=CARTESIAN_POINT('',(43.561,-42.52,0.0));
#7120=DIRECTION('',(0.0,1.0,0.0));
#7121=DIRECTION('',(0.,0.,1.));
#7122=FACE_OUTER_BOUND('',#7123,.T.);
#7123=EDGE_LOOP('',(#7124,#7134,#7144,#7154,#7164,#7174));
#7124=ORIENTED_EDGE('',*,*,#7007,.T.);
#7134=ORIENTED_EDGE('',*,*,#6919,.T.);
#7147=CARTESIAN_POINT('',(43.155,-42.52,1.397));
#7146=VERTEX_POINT('',#7147);
#7145=EDGE_CURVE('',#7146,#6910,#7150,.T.);
#7150=LINE('',#7147,#7152);
#7152=VECTOR('',#7153,0.1524);
#7153=DIRECTION('',(1.0,0.0,0.0));
#7144=ORIENTED_EDGE('',*,*,#7145,.F.);
#7157=CARTESIAN_POINT('',(43.155,-42.52,1.651));
#7156=VERTEX_POINT('',#7157);
#7155=EDGE_CURVE('',#7156,#7146,#7160,.T.);
#7160=LINE('',#7157,#7162);
#7162=VECTOR('',#7163,0.254);
#7163=DIRECTION('',(0.0,0.0,-1.0));
#7154=ORIENTED_EDGE('',*,*,#7155,.F.);
#7165=EDGE_CURVE('',#6762,#7156,#7170,.T.);
#7170=LINE('',#6763,#7172);
#7172=VECTOR('',#7173,0.4064);
#7173=DIRECTION('',(-1.0,0.0,0.0));
#7164=ORIENTED_EDGE('',*,*,#7165,.F.);
#7174=ORIENTED_EDGE('',*,*,#6761,.T.);
#7184=STYLED_ITEM('',(#34),#7185);
#7185=ADVANCED_FACE('',(#7191),#7186,.T.);
#7186=PLANE('',#7187);
#7187=AXIS2_PLACEMENT_3D('',#7188,#7189,#7190);
#7188=CARTESIAN_POINT('',(43.155,-42.52,1.397));
#7189=DIRECTION('',(0.0,0.0,-1.0));
#7190=DIRECTION('',(0.,1.,0.));
#7191=FACE_OUTER_BOUND('',#7192,.T.);
#7192=EDGE_LOOP('',(#7193,#7203,#7213,#7223));
#7193=ORIENTED_EDGE('',*,*,#7145,.T.);
#7203=ORIENTED_EDGE('',*,*,#6909,.T.);
#7213=ORIENTED_EDGE('',*,*,#7096,.T.);
#7224=EDGE_CURVE('',#7146,#7087,#7229,.T.);
#7229=LINE('',#7147,#7231);
#7231=VECTOR('',#7232,1.3208);
#7232=DIRECTION('',(0.0,-1.0,0.0));
#7223=ORIENTED_EDGE('',*,*,#7224,.F.);
#7233=STYLED_ITEM('',(#34),#7234);
#7234=ADVANCED_FACE('',(#7240),#7235,.T.);
#7235=PLANE('',#7236);
#7236=AXIS2_PLACEMENT_3D('',#7237,#7238,#7239);
#7237=CARTESIAN_POINT('',(43.155,-42.52,1.397));
#7238=DIRECTION('',(-1.0,0.0,0.0));
#7239=DIRECTION('',(0.,0.,1.));
#7240=FACE_OUTER_BOUND('',#7241,.T.);
#7241=EDGE_LOOP('',(#7242,#7252,#7262,#7272));
#7242=ORIENTED_EDGE('',*,*,#7224,.T.);
#7252=ORIENTED_EDGE('',*,*,#7086,.T.);
#7263=EDGE_CURVE('',#7156,#7077,#7268,.T.);
#7268=LINE('',#7157,#7270);
#7270=VECTOR('',#7271,1.3208);
#7271=DIRECTION('',(0.0,-1.0,0.0));
#7262=ORIENTED_EDGE('',*,*,#7263,.F.);
#7272=ORIENTED_EDGE('',*,*,#7155,.T.);
#7282=STYLED_ITEM('',(#34),#7283);
#7283=ADVANCED_FACE('',(#7289),#7284,.T.);
#7284=PLANE('',#7285);
#7285=AXIS2_PLACEMENT_3D('',#7286,#7287,#7288);
#7286=CARTESIAN_POINT('',(43.155,-43.84,1.651));
#7287=DIRECTION('',(0.0,0.0,1.0));
#7288=DIRECTION('',(0.,1.,0.));
#7289=FACE_OUTER_BOUND('',#7290,.T.);
#7290=EDGE_LOOP('',(#7291,#7301,#7311,#7321));
#7291=ORIENTED_EDGE('',*,*,#7076,.T.);
#7301=ORIENTED_EDGE('',*,*,#6771,.T.);
#7311=ORIENTED_EDGE('',*,*,#7165,.T.);
#7321=ORIENTED_EDGE('',*,*,#7263,.T.);
#7332=MANIFOLD_SOLID_BREP($,#7333);
#7333=CLOSED_SHELL('',(#7335,#7384,#7433,#7522,#7571,#7660,#7709,#7758,#7827,#7896,#7945,#7994));
#7334=STYLED_ITEM('',(#34),#7335);
#7335=ADVANCED_FACE('',(#7341),#7336,.T.);
#7336=PLANE('',#7337);
#7337=AXIS2_PLACEMENT_3D('',#7338,#7339,#7340);
#7338=CARTESIAN_POINT('',(43.307,-40.843,-2.54));
#7339=DIRECTION('',(0.0,0.0,-1.0));
#7340=DIRECTION('',(0.,1.,0.));
#7341=FACE_OUTER_BOUND('',#7342,.T.);
#7342=EDGE_LOOP('',(#7343,#7353,#7363,#7373));
#7346=CARTESIAN_POINT('',(43.307,-40.437,-2.54));
#7345=VERTEX_POINT('',#7346);
#7348=CARTESIAN_POINT('',(43.307,-40.843,-2.54));
#7347=VERTEX_POINT('',#7348);
#7344=EDGE_CURVE('',#7345,#7347,#7349,.T.);
#7349=LINE('',#7346,#7351);
#7351=VECTOR('',#7352,0.4064);
#7352=DIRECTION('',(0.0,-1.0,0.0));
#7343=ORIENTED_EDGE('',*,*,#7344,.F.);
#7356=CARTESIAN_POINT('',(43.561,-40.437,-2.54));
#7355=VERTEX_POINT('',#7356);
#7354=EDGE_CURVE('',#7355,#7345,#7359,.T.);
#7359=LINE('',#7356,#7361);
#7361=VECTOR('',#7362,0.254);
#7362=DIRECTION('',(-1.0,0.0,0.0));
#7353=ORIENTED_EDGE('',*,*,#7354,.F.);
#7366=CARTESIAN_POINT('',(43.561,-40.843,-2.54));
#7365=VERTEX_POINT('',#7366);
#7364=EDGE_CURVE('',#7365,#7355,#7369,.T.);
#7369=LINE('',#7366,#7371);
#7371=VECTOR('',#7372,0.4064);
#7372=DIRECTION('',(0.0,1.0,0.0));
#7363=ORIENTED_EDGE('',*,*,#7364,.F.);
#7374=EDGE_CURVE('',#7347,#7365,#7379,.T.);
#7379=LINE('',#7348,#7381);
#7381=VECTOR('',#7382,0.254);
#7382=DIRECTION('',(1.0,0.0,0.0));
#7373=ORIENTED_EDGE('',*,*,#7374,.F.);
#7383=STYLED_ITEM('',(#34),#7384);
#7384=ADVANCED_FACE('',(#7390),#7385,.T.);
#7385=PLANE('',#7386);
#7386=AXIS2_PLACEMENT_3D('',#7387,#7388,#7389);
#7387=CARTESIAN_POINT('',(43.307,-40.843,-2.54));
#7388=DIRECTION('',(0.0,-1.0,0.0));
#7389=DIRECTION('',(0.,0.,1.));
#7390=FACE_OUTER_BOUND('',#7391,.T.);
#7391=EDGE_LOOP('',(#7392,#7402,#7412,#7422));
#7392=ORIENTED_EDGE('',*,*,#7374,.T.);
#7405=CARTESIAN_POINT('',(43.561,-40.843,0.0));
#7404=VERTEX_POINT('',#7405);
#7403=EDGE_CURVE('',#7404,#7365,#7408,.T.);
#7408=LINE('',#7405,#7410);
#7410=VECTOR('',#7411,2.54);
#7411=DIRECTION('',(0.0,0.0,-1.0));
#7402=ORIENTED_EDGE('',*,*,#7403,.F.);
#7415=CARTESIAN_POINT('',(43.307,-40.843,0.0));
#7414=VERTEX_POINT('',#7415);
#7413=EDGE_CURVE('',#7414,#7404,#7418,.T.);
#7418=LINE('',#7415,#7420);
#7420=VECTOR('',#7421,0.254);
#7421=DIRECTION('',(1.0,0.0,0.0));
#7412=ORIENTED_EDGE('',*,*,#7413,.F.);
#7423=EDGE_CURVE('',#7347,#7414,#7428,.T.);
#7428=LINE('',#7348,#7430);
#7430=VECTOR('',#7431,2.54);
#7431=DIRECTION('',(0.0,0.0,1.0));
#7422=ORIENTED_EDGE('',*,*,#7423,.F.);
#7432=STYLED_ITEM('',(#34),#7433);
#7433=ADVANCED_FACE('',(#7439),#7434,.T.);
#7434=PLANE('',#7435);
#7435=AXIS2_PLACEMENT_3D('',#7436,#7437,#7438);
#7436=CARTESIAN_POINT('',(43.561,-40.843,-2.54));
#7437=DIRECTION('',(1.0,0.0,0.0));
#7438=DIRECTION('',(0.,0.,1.));
#7439=FACE_OUTER_BOUND('',#7440,.T.);
#7440=EDGE_LOOP('',(#7441,#7451,#7461,#7471,#7481,#7491,#7501,#7511));
#7441=ORIENTED_EDGE('',*,*,#7364,.T.);
#7454=CARTESIAN_POINT('',(43.561,-40.437,0.0));
#7453=VERTEX_POINT('',#7454);
#7452=EDGE_CURVE('',#7453,#7355,#7457,.T.);
#7457=LINE('',#7454,#7459);
#7459=VECTOR('',#7460,2.54);
#7460=DIRECTION('',(0.0,0.0,-1.0));
#7451=ORIENTED_EDGE('',*,*,#7452,.F.);
#7464=CARTESIAN_POINT('',(43.561,-39.98,0.0));
#7463=VERTEX_POINT('',#7464);
#7462=EDGE_CURVE('',#7463,#7453,#7467,.T.);
#7467=LINE('',#7464,#7469);
#7469=VECTOR('',#7470,0.4572);
#7470=DIRECTION('',(0.0,-1.0,0.0));
#7461=ORIENTED_EDGE('',*,*,#7462,.F.);
#7474=CARTESIAN_POINT('',(43.561,-39.98,1.651));
#7473=VERTEX_POINT('',#7474);
#7472=EDGE_CURVE('',#7473,#7463,#7477,.T.);
#7477=LINE('',#7474,#7479);
#7479=VECTOR('',#7480,1.651);
#7480=DIRECTION('',(0.0,0.0,-1.0));
#7471=ORIENTED_EDGE('',*,*,#7472,.F.);
#7484=CARTESIAN_POINT('',(43.561,-41.3,1.651));
#7483=VERTEX_POINT('',#7484);
#7482=EDGE_CURVE('',#7483,#7473,#7487,.T.);
#7487=LINE('',#7484,#7489);
#7489=VECTOR('',#7490,1.3208);
#7490=DIRECTION('',(0.0,1.0,0.0));
#7481=ORIENTED_EDGE('',*,*,#7482,.F.);
#7494=CARTESIAN_POINT('',(43.561,-41.3,0.0));
#7493=VERTEX_POINT('',#7494);
#7492=EDGE_CURVE('',#7493,#7483,#7497,.T.);
#7497=LINE('',#7494,#7499);
#7499=VECTOR('',#7500,1.651);
#7500=DIRECTION('',(0.0,0.0,1.0));
#7491=ORIENTED_EDGE('',*,*,#7492,.F.);
#7502=EDGE_CURVE('',#7404,#7493,#7507,.T.);
#7507=LINE('',#7405,#7509);
#7509=VECTOR('',#7510,0.4572);
#7510=DIRECTION('',(0.0,-1.0,0.0));
#7501=ORIENTED_EDGE('',*,*,#7502,.F.);
#7511=ORIENTED_EDGE('',*,*,#7403,.T.);
#7521=STYLED_ITEM('',(#34),#7522);
#7522=ADVANCED_FACE('',(#7528),#7523,.T.);
#7523=PLANE('',#7524);
#7524=AXIS2_PLACEMENT_3D('',#7525,#7526,#7527);
#7525=CARTESIAN_POINT('',(43.561,-40.437,-2.54));
#7526=DIRECTION('',(0.0,1.0,0.0));
#7527=DIRECTION('',(0.,0.,1.));
#7528=FACE_OUTER_BOUND('',#7529,.T.);
#7529=EDGE_LOOP('',(#7530,#7540,#7550,#7560));
#7530=ORIENTED_EDGE('',*,*,#7354,.T.);
#7543=CARTESIAN_POINT('',(43.307,-40.437,0.0));
#7542=VERTEX_POINT('',#7543);
#7541=EDGE_CURVE('',#7542,#7345,#7546,.T.);
#7546=LINE('',#7543,#7548);
#7548=VECTOR('',#7549,2.54);
#7549=DIRECTION('',(0.0,0.0,-1.0));
#7540=ORIENTED_EDGE('',*,*,#7541,.F.);
#7551=EDGE_CURVE('',#7453,#7542,#7556,.T.);
#7556=LINE('',#7454,#7558);
#7558=VECTOR('',#7559,0.254);
#7559=DIRECTION('',(-1.0,0.0,0.0));
#7550=ORIENTED_EDGE('',*,*,#7551,.F.);
#7560=ORIENTED_EDGE('',*,*,#7452,.T.);
#7570=STYLED_ITEM('',(#34),#7571);
#7571=ADVANCED_FACE('',(#7577),#7572,.T.);
#7572=PLANE('',#7573);
#7573=AXIS2_PLACEMENT_3D('',#7574,#7575,#7576);
#7574=CARTESIAN_POINT('',(43.307,-40.437,-2.54));
#7575=DIRECTION('',(-1.0,0.0,0.0));
#7576=DIRECTION('',(0.,0.,1.));
#7577=FACE_OUTER_BOUND('',#7578,.T.);
#7578=EDGE_LOOP('',(#7579,#7589,#7599,#7609,#7619,#7629,#7639,#7649));
#7579=ORIENTED_EDGE('',*,*,#7344,.T.);
#7589=ORIENTED_EDGE('',*,*,#7423,.T.);
#7602=CARTESIAN_POINT('',(43.307,-41.3,0.0));
#7601=VERTEX_POINT('',#7602);
#7600=EDGE_CURVE('',#7601,#7414,#7605,.T.);
#7605=LINE('',#7602,#7607);
#7607=VECTOR('',#7608,0.4572);
#7608=DIRECTION('',(0.0,1.0,0.0));
#7599=ORIENTED_EDGE('',*,*,#7600,.F.);
#7612=CARTESIAN_POINT('',(43.307,-41.3,1.397));
#7611=VERTEX_POINT('',#7612);
#7610=EDGE_CURVE('',#7611,#7601,#7615,.T.);
#7615=LINE('',#7612,#7617);
#7617=VECTOR('',#7618,1.397);
#7618=DIRECTION('',(0.0,0.0,-1.0));
#7609=ORIENTED_EDGE('',*,*,#7610,.F.);
#7622=CARTESIAN_POINT('',(43.307,-39.98,1.397));
#7621=VERTEX_POINT('',#7622);
#7620=EDGE_CURVE('',#7621,#7611,#7625,.T.);
#7625=LINE('',#7622,#7627);
#7627=VECTOR('',#7628,1.3208);
#7628=DIRECTION('',(0.0,-1.0,0.0));
#7619=ORIENTED_EDGE('',*,*,#7620,.F.);
#7632=CARTESIAN_POINT('',(43.307,-39.98,0.0));
#7631=VERTEX_POINT('',#7632);
#7630=EDGE_CURVE('',#7631,#7621,#7635,.T.);
#7635=LINE('',#7632,#7637);
#7637=VECTOR('',#7638,1.397);
#7638=DIRECTION('',(0.0,0.0,1.0));
#7629=ORIENTED_EDGE('',*,*,#7630,.F.);
#7640=EDGE_CURVE('',#7542,#7631,#7645,.T.);
#7645=LINE('',#7543,#7647);
#7647=VECTOR('',#7648,0.4572);
#7648=DIRECTION('',(0.0,1.0,0.0));
#7639=ORIENTED_EDGE('',*,*,#7640,.F.);
#7649=ORIENTED_EDGE('',*,*,#7541,.T.);
#7659=STYLED_ITEM('',(#34),#7660);
#7660=ADVANCED_FACE('',(#7666),#7661,.T.);
#7661=PLANE('',#7662);
#7662=AXIS2_PLACEMENT_3D('',#7663,#7664,#7665);
#7663=CARTESIAN_POINT('',(43.307,-40.843,0.0));
#7664=DIRECTION('',(0.0,0.0,-1.0));
#7665=DIRECTION('',(0.,1.,0.));
#7666=FACE_OUTER_BOUND('',#7667,.T.);
#7667=EDGE_LOOP('',(#7668,#7678,#7688,#7698));
#7668=ORIENTED_EDGE('',*,*,#7413,.T.);
#7678=ORIENTED_EDGE('',*,*,#7502,.T.);
#7689=EDGE_CURVE('',#7601,#7493,#7694,.T.);
#7694=LINE('',#7602,#7696);
#7696=VECTOR('',#7697,0.254);
#7697=DIRECTION('',(1.0,0.0,0.0));
#7688=ORIENTED_EDGE('',*,*,#7689,.F.);
#7698=ORIENTED_EDGE('',*,*,#7600,.T.);
#7708=STYLED_ITEM('',(#34),#7709);
#7709=ADVANCED_FACE('',(#7715),#7710,.T.);
#7710=PLANE('',#7711);
#7711=AXIS2_PLACEMENT_3D('',#7712,#7713,#7714);
#7712=CARTESIAN_POINT('',(43.307,-39.98,0.0));
#7713=DIRECTION('',(0.0,0.0,-1.0));
#7714=DIRECTION('',(0.,1.,0.));
#7715=FACE_OUTER_BOUND('',#7716,.T.);
#7716=EDGE_LOOP('',(#7717,#7727,#7737,#7747));
#7718=EDGE_CURVE('',#7463,#7631,#7723,.T.);
#7723=LINE('',#7464,#7725);
#7725=VECTOR('',#7726,0.254);
#7726=DIRECTION('',(-1.0,0.0,0.0));
#7717=ORIENTED_EDGE('',*,*,#7718,.F.);
#7727=ORIENTED_EDGE('',*,*,#7462,.T.);
#7737=ORIENTED_EDGE('',*,*,#7551,.T.);
#7747=ORIENTED_EDGE('',*,*,#7640,.T.);
#7757=STYLED_ITEM('',(#34),#7758);
#7758=ADVANCED_FACE('',(#7764),#7759,.T.);
#7759=PLANE('',#7760);
#7760=AXIS2_PLACEMENT_3D('',#7761,#7762,#7763);
#7761=CARTESIAN_POINT('',(43.307,-41.3,0.0));
#7762=DIRECTION('',(0.0,-1.0,0.0));
#7763=DIRECTION('',(0.,0.,1.));
#7764=FACE_OUTER_BOUND('',#7765,.T.);
#7765=EDGE_LOOP('',(#7766,#7776,#7786,#7796,#7806,#7816));
#7766=ORIENTED_EDGE('',*,*,#7689,.T.);
#7776=ORIENTED_EDGE('',*,*,#7492,.T.);
#7789=CARTESIAN_POINT('',(43.155,-41.3,1.651));
#7788=VERTEX_POINT('',#7789);
#7787=EDGE_CURVE('',#7788,#7483,#7792,.T.);
#7792=LINE('',#7789,#7794);
#7794=VECTOR('',#7795,0.4064);
#7795=DIRECTION('',(1.0,0.0,0.0));
#7786=ORIENTED_EDGE('',*,*,#7787,.F.);
#7799=CARTESIAN_POINT('',(43.155,-41.3,1.397));
#7798=VERTEX_POINT('',#7799);
#7797=EDGE_CURVE('',#7798,#7788,#7802,.T.);
#7802=LINE('',#7799,#7804);
#7804=VECTOR('',#7805,0.254);
#7805=DIRECTION('',(0.0,0.0,1.0));
#7796=ORIENTED_EDGE('',*,*,#7797,.F.);
#7807=EDGE_CURVE('',#7611,#7798,#7812,.T.);
#7812=LINE('',#7612,#7814);
#7814=VECTOR('',#7815,0.1524);
#7815=DIRECTION('',(-1.0,0.0,0.0));
#7806=ORIENTED_EDGE('',*,*,#7807,.F.);
#7816=ORIENTED_EDGE('',*,*,#7610,.T.);
#7826=STYLED_ITEM('',(#34),#7827);
#7827=ADVANCED_FACE('',(#7833),#7828,.T.);
#7828=PLANE('',#7829);
#7829=AXIS2_PLACEMENT_3D('',#7830,#7831,#7832);
#7830=CARTESIAN_POINT('',(43.561,-39.98,0.0));
#7831=DIRECTION('',(0.0,1.0,0.0));
#7832=DIRECTION('',(0.,0.,1.));
#7833=FACE_OUTER_BOUND('',#7834,.T.);
#7834=EDGE_LOOP('',(#7835,#7845,#7855,#7865,#7875,#7885));
#7835=ORIENTED_EDGE('',*,*,#7718,.T.);
#7845=ORIENTED_EDGE('',*,*,#7630,.T.);
#7858=CARTESIAN_POINT('',(43.155,-39.98,1.397));
#7857=VERTEX_POINT('',#7858);
#7856=EDGE_CURVE('',#7857,#7621,#7861,.T.);
#7861=LINE('',#7858,#7863);
#7863=VECTOR('',#7864,0.1524);
#7864=DIRECTION('',(1.0,0.0,0.0));
#7855=ORIENTED_EDGE('',*,*,#7856,.F.);
#7868=CARTESIAN_POINT('',(43.155,-39.98,1.651));
#7867=VERTEX_POINT('',#7868);
#7866=EDGE_CURVE('',#7867,#7857,#7871,.T.);
#7871=LINE('',#7868,#7873);
#7873=VECTOR('',#7874,0.254);
#7874=DIRECTION('',(0.0,0.0,-1.0));
#7865=ORIENTED_EDGE('',*,*,#7866,.F.);
#7876=EDGE_CURVE('',#7473,#7867,#7881,.T.);
#7881=LINE('',#7474,#7883);
#7883=VECTOR('',#7884,0.4064);
#7884=DIRECTION('',(-1.0,0.0,0.0));
#7875=ORIENTED_EDGE('',*,*,#7876,.F.);
#7885=ORIENTED_EDGE('',*,*,#7472,.T.);
#7895=STYLED_ITEM('',(#34),#7896);
#7896=ADVANCED_FACE('',(#7902),#7897,.T.);
#7897=PLANE('',#7898);
#7898=AXIS2_PLACEMENT_3D('',#7899,#7900,#7901);
#7899=CARTESIAN_POINT('',(43.155,-39.98,1.397));
#7900=DIRECTION('',(0.0,0.0,-1.0));
#7901=DIRECTION('',(0.,1.,0.));
#7902=FACE_OUTER_BOUND('',#7903,.T.);
#7903=EDGE_LOOP('',(#7904,#7914,#7924,#7934));
#7904=ORIENTED_EDGE('',*,*,#7856,.T.);
#7914=ORIENTED_EDGE('',*,*,#7620,.T.);
#7924=ORIENTED_EDGE('',*,*,#7807,.T.);
#7935=EDGE_CURVE('',#7857,#7798,#7940,.T.);
#7940=LINE('',#7858,#7942);
#7942=VECTOR('',#7943,1.3208);
#7943=DIRECTION('',(0.0,-1.0,0.0));
#7934=ORIENTED_EDGE('',*,*,#7935,.F.);
#7944=STYLED_ITEM('',(#34),#7945);
#7945=ADVANCED_FACE('',(#7951),#7946,.T.);
#7946=PLANE('',#7947);
#7947=AXIS2_PLACEMENT_3D('',#7948,#7949,#7950);
#7948=CARTESIAN_POINT('',(43.155,-39.98,1.397));
#7949=DIRECTION('',(-1.0,0.0,0.0));
#7950=DIRECTION('',(0.,0.,1.));
#7951=FACE_OUTER_BOUND('',#7952,.T.);
#7952=EDGE_LOOP('',(#7953,#7963,#7973,#7983));
#7953=ORIENTED_EDGE('',*,*,#7935,.T.);
#7963=ORIENTED_EDGE('',*,*,#7797,.T.);
#7974=EDGE_CURVE('',#7867,#7788,#7979,.T.);
#7979=LINE('',#7868,#7981);
#7981=VECTOR('',#7982,1.3208);
#7982=DIRECTION('',(0.0,-1.0,0.0));
#7973=ORIENTED_EDGE('',*,*,#7974,.F.);
#7983=ORIENTED_EDGE('',*,*,#7866,.T.);
#7993=STYLED_ITEM('',(#34),#7994);
#7994=ADVANCED_FACE('',(#8000),#7995,.T.);
#7995=PLANE('',#7996);
#7996=AXIS2_PLACEMENT_3D('',#7997,#7998,#7999);
#7997=CARTESIAN_POINT('',(43.155,-41.3,1.651));
#7998=DIRECTION('',(0.0,0.0,1.0));
#7999=DIRECTION('',(0.,1.,0.));
#8000=FACE_OUTER_BOUND('',#8001,.T.);
#8001=EDGE_LOOP('',(#8002,#8012,#8022,#8032));
#8002=ORIENTED_EDGE('',*,*,#7787,.T.);
#8012=ORIENTED_EDGE('',*,*,#7482,.T.);
#8022=ORIENTED_EDGE('',*,*,#7876,.T.);
#8032=ORIENTED_EDGE('',*,*,#7974,.T.);
#8043=MANIFOLD_SOLID_BREP($,#8044);
#8044=CLOSED_SHELL('',(#8046,#8095,#8144,#8233,#8282,#8371,#8420,#8469,#8538,#8607,#8656,#8705));
#8045=STYLED_ITEM('',(#34),#8046);
#8046=ADVANCED_FACE('',(#8052),#8047,.T.);
#8047=PLANE('',#8048);
#8048=AXIS2_PLACEMENT_3D('',#8049,#8050,#8051);
#8049=CARTESIAN_POINT('',(43.307,-38.303,-2.54));
#8050=DIRECTION('',(0.0,0.0,-1.0));
#8051=DIRECTION('',(0.,1.,0.));
#8052=FACE_OUTER_BOUND('',#8053,.T.);
#8053=EDGE_LOOP('',(#8054,#8064,#8074,#8084));
#8057=CARTESIAN_POINT('',(43.307,-37.897,-2.54));
#8056=VERTEX_POINT('',#8057);
#8059=CARTESIAN_POINT('',(43.307,-38.303,-2.54));
#8058=VERTEX_POINT('',#8059);
#8055=EDGE_CURVE('',#8056,#8058,#8060,.T.);
#8060=LINE('',#8057,#8062);
#8062=VECTOR('',#8063,0.4064);
#8063=DIRECTION('',(0.0,-1.0,0.0));
#8054=ORIENTED_EDGE('',*,*,#8055,.F.);
#8067=CARTESIAN_POINT('',(43.561,-37.897,-2.54));
#8066=VERTEX_POINT('',#8067);
#8065=EDGE_CURVE('',#8066,#8056,#8070,.T.);
#8070=LINE('',#8067,#8072);
#8072=VECTOR('',#8073,0.254);
#8073=DIRECTION('',(-1.0,0.0,0.0));
#8064=ORIENTED_EDGE('',*,*,#8065,.F.);
#8077=CARTESIAN_POINT('',(43.561,-38.303,-2.54));
#8076=VERTEX_POINT('',#8077);
#8075=EDGE_CURVE('',#8076,#8066,#8080,.T.);
#8080=LINE('',#8077,#8082);
#8082=VECTOR('',#8083,0.4064);
#8083=DIRECTION('',(0.0,1.0,0.0));
#8074=ORIENTED_EDGE('',*,*,#8075,.F.);
#8085=EDGE_CURVE('',#8058,#8076,#8090,.T.);
#8090=LINE('',#8059,#8092);
#8092=VECTOR('',#8093,0.254);
#8093=DIRECTION('',(1.0,0.0,0.0));
#8084=ORIENTED_EDGE('',*,*,#8085,.F.);
#8094=STYLED_ITEM('',(#34),#8095);
#8095=ADVANCED_FACE('',(#8101),#8096,.T.);
#8096=PLANE('',#8097);
#8097=AXIS2_PLACEMENT_3D('',#8098,#8099,#8100);
#8098=CARTESIAN_POINT('',(43.307,-38.303,-2.54));
#8099=DIRECTION('',(0.0,-1.0,0.0));
#8100=DIRECTION('',(0.,0.,1.));
#8101=FACE_OUTER_BOUND('',#8102,.T.);
#8102=EDGE_LOOP('',(#8103,#8113,#8123,#8133));
#8103=ORIENTED_EDGE('',*,*,#8085,.T.);
#8116=CARTESIAN_POINT('',(43.561,-38.303,0.0));
#8115=VERTEX_POINT('',#8116);
#8114=EDGE_CURVE('',#8115,#8076,#8119,.T.);
#8119=LINE('',#8116,#8121);
#8121=VECTOR('',#8122,2.54);
#8122=DIRECTION('',(0.0,0.0,-1.0));
#8113=ORIENTED_EDGE('',*,*,#8114,.F.);
#8126=CARTESIAN_POINT('',(43.307,-38.303,0.0));
#8125=VERTEX_POINT('',#8126);
#8124=EDGE_CURVE('',#8125,#8115,#8129,.T.);
#8129=LINE('',#8126,#8131);
#8131=VECTOR('',#8132,0.254);
#8132=DIRECTION('',(1.0,0.0,0.0));
#8123=ORIENTED_EDGE('',*,*,#8124,.F.);
#8134=EDGE_CURVE('',#8058,#8125,#8139,.T.);
#8139=LINE('',#8059,#8141);
#8141=VECTOR('',#8142,2.54);
#8142=DIRECTION('',(0.0,0.0,1.0));
#8133=ORIENTED_EDGE('',*,*,#8134,.F.);
#8143=STYLED_ITEM('',(#34),#8144);
#8144=ADVANCED_FACE('',(#8150),#8145,.T.);
#8145=PLANE('',#8146);
#8146=AXIS2_PLACEMENT_3D('',#8147,#8148,#8149);
#8147=CARTESIAN_POINT('',(43.561,-38.303,-2.54));
#8148=DIRECTION('',(1.0,0.0,0.0));
#8149=DIRECTION('',(0.,0.,1.));
#8150=FACE_OUTER_BOUND('',#8151,.T.);
#8151=EDGE_LOOP('',(#8152,#8162,#8172,#8182,#8192,#8202,#8212,#8222));
#8152=ORIENTED_EDGE('',*,*,#8075,.T.);
#8165=CARTESIAN_POINT('',(43.561,-37.897,0.0));
#8164=VERTEX_POINT('',#8165);
#8163=EDGE_CURVE('',#8164,#8066,#8168,.T.);
#8168=LINE('',#8165,#8170);
#8170=VECTOR('',#8171,2.54);
#8171=DIRECTION('',(0.0,0.0,-1.0));
#8162=ORIENTED_EDGE('',*,*,#8163,.F.);
#8175=CARTESIAN_POINT('',(43.561,-37.44,0.0));
#8174=VERTEX_POINT('',#8175);
#8173=EDGE_CURVE('',#8174,#8164,#8178,.T.);
#8178=LINE('',#8175,#8180);
#8180=VECTOR('',#8181,0.4572);
#8181=DIRECTION('',(0.0,-1.0,0.0));
#8172=ORIENTED_EDGE('',*,*,#8173,.F.);
#8185=CARTESIAN_POINT('',(43.561,-37.44,1.651));
#8184=VERTEX_POINT('',#8185);
#8183=EDGE_CURVE('',#8184,#8174,#8188,.T.);
#8188=LINE('',#8185,#8190);
#8190=VECTOR('',#8191,1.651);
#8191=DIRECTION('',(0.0,0.0,-1.0));
#8182=ORIENTED_EDGE('',*,*,#8183,.F.);
#8195=CARTESIAN_POINT('',(43.561,-38.76,1.651));
#8194=VERTEX_POINT('',#8195);
#8193=EDGE_CURVE('',#8194,#8184,#8198,.T.);
#8198=LINE('',#8195,#8200);
#8200=VECTOR('',#8201,1.3208);
#8201=DIRECTION('',(0.0,1.0,0.0));
#8192=ORIENTED_EDGE('',*,*,#8193,.F.);
#8205=CARTESIAN_POINT('',(43.561,-38.76,0.0));
#8204=VERTEX_POINT('',#8205);
#8203=EDGE_CURVE('',#8204,#8194,#8208,.T.);
#8208=LINE('',#8205,#8210);
#8210=VECTOR('',#8211,1.651);
#8211=DIRECTION('',(0.0,0.0,1.0));
#8202=ORIENTED_EDGE('',*,*,#8203,.F.);
#8213=EDGE_CURVE('',#8115,#8204,#8218,.T.);
#8218=LINE('',#8116,#8220);
#8220=VECTOR('',#8221,0.4572);
#8221=DIRECTION('',(0.0,-1.0,0.0));
#8212=ORIENTED_EDGE('',*,*,#8213,.F.);
#8222=ORIENTED_EDGE('',*,*,#8114,.T.);
#8232=STYLED_ITEM('',(#34),#8233);
#8233=ADVANCED_FACE('',(#8239),#8234,.T.);
#8234=PLANE('',#8235);
#8235=AXIS2_PLACEMENT_3D('',#8236,#8237,#8238);
#8236=CARTESIAN_POINT('',(43.561,-37.897,-2.54));
#8237=DIRECTION('',(0.0,1.0,0.0));
#8238=DIRECTION('',(0.,0.,1.));
#8239=FACE_OUTER_BOUND('',#8240,.T.);
#8240=EDGE_LOOP('',(#8241,#8251,#8261,#8271));
#8241=ORIENTED_EDGE('',*,*,#8065,.T.);
#8254=CARTESIAN_POINT('',(43.307,-37.897,0.0));
#8253=VERTEX_POINT('',#8254);
#8252=EDGE_CURVE('',#8253,#8056,#8257,.T.);
#8257=LINE('',#8254,#8259);
#8259=VECTOR('',#8260,2.54);
#8260=DIRECTION('',(0.0,0.0,-1.0));
#8251=ORIENTED_EDGE('',*,*,#8252,.F.);
#8262=EDGE_CURVE('',#8164,#8253,#8267,.T.);
#8267=LINE('',#8165,#8269);
#8269=VECTOR('',#8270,0.254);
#8270=DIRECTION('',(-1.0,0.0,0.0));
#8261=ORIENTED_EDGE('',*,*,#8262,.F.);
#8271=ORIENTED_EDGE('',*,*,#8163,.T.);
#8281=STYLED_ITEM('',(#34),#8282);
#8282=ADVANCED_FACE('',(#8288),#8283,.T.);
#8283=PLANE('',#8284);
#8284=AXIS2_PLACEMENT_3D('',#8285,#8286,#8287);
#8285=CARTESIAN_POINT('',(43.307,-37.897,-2.54));
#8286=DIRECTION('',(-1.0,0.0,0.0));
#8287=DIRECTION('',(0.,0.,1.));
#8288=FACE_OUTER_BOUND('',#8289,.T.);
#8289=EDGE_LOOP('',(#8290,#8300,#8310,#8320,#8330,#8340,#8350,#8360));
#8290=ORIENTED_EDGE('',*,*,#8055,.T.);
#8300=ORIENTED_EDGE('',*,*,#8134,.T.);
#8313=CARTESIAN_POINT('',(43.307,-38.76,0.0));
#8312=VERTEX_POINT('',#8313);
#8311=EDGE_CURVE('',#8312,#8125,#8316,.T.);
#8316=LINE('',#8313,#8318);
#8318=VECTOR('',#8319,0.4572);
#8319=DIRECTION('',(0.0,1.0,0.0));
#8310=ORIENTED_EDGE('',*,*,#8311,.F.);
#8323=CARTESIAN_POINT('',(43.307,-38.76,1.397));
#8322=VERTEX_POINT('',#8323);
#8321=EDGE_CURVE('',#8322,#8312,#8326,.T.);
#8326=LINE('',#8323,#8328);
#8328=VECTOR('',#8329,1.397);
#8329=DIRECTION('',(0.0,0.0,-1.0));
#8320=ORIENTED_EDGE('',*,*,#8321,.F.);
#8333=CARTESIAN_POINT('',(43.307,-37.44,1.397));
#8332=VERTEX_POINT('',#8333);
#8331=EDGE_CURVE('',#8332,#8322,#8336,.T.);
#8336=LINE('',#8333,#8338);
#8338=VECTOR('',#8339,1.3208);
#8339=DIRECTION('',(0.0,-1.0,0.0));
#8330=ORIENTED_EDGE('',*,*,#8331,.F.);
#8343=CARTESIAN_POINT('',(43.307,-37.44,0.0));
#8342=VERTEX_POINT('',#8343);
#8341=EDGE_CURVE('',#8342,#8332,#8346,.T.);
#8346=LINE('',#8343,#8348);
#8348=VECTOR('',#8349,1.397);
#8349=DIRECTION('',(0.0,0.0,1.0));
#8340=ORIENTED_EDGE('',*,*,#8341,.F.);
#8351=EDGE_CURVE('',#8253,#8342,#8356,.T.);
#8356=LINE('',#8254,#8358);
#8358=VECTOR('',#8359,0.4572);
#8359=DIRECTION('',(0.0,1.0,0.0));
#8350=ORIENTED_EDGE('',*,*,#8351,.F.);
#8360=ORIENTED_EDGE('',*,*,#8252,.T.);
#8370=STYLED_ITEM('',(#34),#8371);
#8371=ADVANCED_FACE('',(#8377),#8372,.T.);
#8372=PLANE('',#8373);
#8373=AXIS2_PLACEMENT_3D('',#8374,#8375,#8376);
#8374=CARTESIAN_POINT('',(43.307,-38.303,0.0));
#8375=DIRECTION('',(0.0,0.0,-1.0));
#8376=DIRECTION('',(0.,1.,0.));
#8377=FACE_OUTER_BOUND('',#8378,.T.);
#8378=EDGE_LOOP('',(#8379,#8389,#8399,#8409));
#8379=ORIENTED_EDGE('',*,*,#8124,.T.);
#8389=ORIENTED_EDGE('',*,*,#8213,.T.);
#8400=EDGE_CURVE('',#8312,#8204,#8405,.T.);
#8405=LINE('',#8313,#8407);
#8407=VECTOR('',#8408,0.254);
#8408=DIRECTION('',(1.0,0.0,0.0));
#8399=ORIENTED_EDGE('',*,*,#8400,.F.);
#8409=ORIENTED_EDGE('',*,*,#8311,.T.);
#8419=STYLED_ITEM('',(#34),#8420);
#8420=ADVANCED_FACE('',(#8426),#8421,.T.);
#8421=PLANE('',#8422);
#8422=AXIS2_PLACEMENT_3D('',#8423,#8424,#8425);
#8423=CARTESIAN_POINT('',(43.307,-37.44,0.0));
#8424=DIRECTION('',(0.0,0.0,-1.0));
#8425=DIRECTION('',(0.,1.,0.));
#8426=FACE_OUTER_BOUND('',#8427,.T.);
#8427=EDGE_LOOP('',(#8428,#8438,#8448,#8458));
#8429=EDGE_CURVE('',#8174,#8342,#8434,.T.);
#8434=LINE('',#8175,#8436);
#8436=VECTOR('',#8437,0.254);
#8437=DIRECTION('',(-1.0,0.0,0.0));
#8428=ORIENTED_EDGE('',*,*,#8429,.F.);
#8438=ORIENTED_EDGE('',*,*,#8173,.T.);
#8448=ORIENTED_EDGE('',*,*,#8262,.T.);
#8458=ORIENTED_EDGE('',*,*,#8351,.T.);
#8468=STYLED_ITEM('',(#34),#8469);
#8469=ADVANCED_FACE('',(#8475),#8470,.T.);
#8470=PLANE('',#8471);
#8471=AXIS2_PLACEMENT_3D('',#8472,#8473,#8474);
#8472=CARTESIAN_POINT('',(43.307,-38.76,0.0));
#8473=DIRECTION('',(0.0,-1.0,0.0));
#8474=DIRECTION('',(0.,0.,1.));
#8475=FACE_OUTER_BOUND('',#8476,.T.);
#8476=EDGE_LOOP('',(#8477,#8487,#8497,#8507,#8517,#8527));
#8477=ORIENTED_EDGE('',*,*,#8400,.T.);
#8487=ORIENTED_EDGE('',*,*,#8203,.T.);
#8500=CARTESIAN_POINT('',(43.155,-38.76,1.651));
#8499=VERTEX_POINT('',#8500);
#8498=EDGE_CURVE('',#8499,#8194,#8503,.T.);
#8503=LINE('',#8500,#8505);
#8505=VECTOR('',#8506,0.4064);
#8506=DIRECTION('',(1.0,0.0,0.0));
#8497=ORIENTED_EDGE('',*,*,#8498,.F.);
#8510=CARTESIAN_POINT('',(43.155,-38.76,1.397));
#8509=VERTEX_POINT('',#8510);
#8508=EDGE_CURVE('',#8509,#8499,#8513,.T.);
#8513=LINE('',#8510,#8515);
#8515=VECTOR('',#8516,0.254);
#8516=DIRECTION('',(0.0,0.0,1.0));
#8507=ORIENTED_EDGE('',*,*,#8508,.F.);
#8518=EDGE_CURVE('',#8322,#8509,#8523,.T.);
#8523=LINE('',#8323,#8525);
#8525=VECTOR('',#8526,0.1524);
#8526=DIRECTION('',(-1.0,0.0,0.0));
#8517=ORIENTED_EDGE('',*,*,#8518,.F.);
#8527=ORIENTED_EDGE('',*,*,#8321,.T.);
#8537=STYLED_ITEM('',(#34),#8538);
#8538=ADVANCED_FACE('',(#8544),#8539,.T.);
#8539=PLANE('',#8540);
#8540=AXIS2_PLACEMENT_3D('',#8541,#8542,#8543);
#8541=CARTESIAN_POINT('',(43.561,-37.44,0.0));
#8542=DIRECTION('',(0.0,1.0,0.0));
#8543=DIRECTION('',(0.,0.,1.));
#8544=FACE_OUTER_BOUND('',#8545,.T.);
#8545=EDGE_LOOP('',(#8546,#8556,#8566,#8576,#8586,#8596));
#8546=ORIENTED_EDGE('',*,*,#8429,.T.);
#8556=ORIENTED_EDGE('',*,*,#8341,.T.);
#8569=CARTESIAN_POINT('',(43.155,-37.44,1.397));
#8568=VERTEX_POINT('',#8569);
#8567=EDGE_CURVE('',#8568,#8332,#8572,.T.);
#8572=LINE('',#8569,#8574);
#8574=VECTOR('',#8575,0.1524);
#8575=DIRECTION('',(1.0,0.0,0.0));
#8566=ORIENTED_EDGE('',*,*,#8567,.F.);
#8579=CARTESIAN_POINT('',(43.155,-37.44,1.651));
#8578=VERTEX_POINT('',#8579);
#8577=EDGE_CURVE('',#8578,#8568,#8582,.T.);
#8582=LINE('',#8579,#8584);
#8584=VECTOR('',#8585,0.254);
#8585=DIRECTION('',(0.0,0.0,-1.0));
#8576=ORIENTED_EDGE('',*,*,#8577,.F.);
#8587=EDGE_CURVE('',#8184,#8578,#8592,.T.);
#8592=LINE('',#8185,#8594);
#8594=VECTOR('',#8595,0.4064);
#8595=DIRECTION('',(-1.0,0.0,0.0));
#8586=ORIENTED_EDGE('',*,*,#8587,.F.);
#8596=ORIENTED_EDGE('',*,*,#8183,.T.);
#8606=STYLED_ITEM('',(#34),#8607);
#8607=ADVANCED_FACE('',(#8613),#8608,.T.);
#8608=PLANE('',#8609);
#8609=AXIS2_PLACEMENT_3D('',#8610,#8611,#8612);
#8610=CARTESIAN_POINT('',(43.155,-37.44,1.397));
#8611=DIRECTION('',(0.0,0.0,-1.0));
#8612=DIRECTION('',(0.,1.,0.));
#8613=FACE_OUTER_BOUND('',#8614,.T.);
#8614=EDGE_LOOP('',(#8615,#8625,#8635,#8645));
#8615=ORIENTED_EDGE('',*,*,#8567,.T.);
#8625=ORIENTED_EDGE('',*,*,#8331,.T.);
#8635=ORIENTED_EDGE('',*,*,#8518,.T.);
#8646=EDGE_CURVE('',#8568,#8509,#8651,.T.);
#8651=LINE('',#8569,#8653);
#8653=VECTOR('',#8654,1.3208);
#8654=DIRECTION('',(0.0,-1.0,0.0));
#8645=ORIENTED_EDGE('',*,*,#8646,.F.);
#8655=STYLED_ITEM('',(#34),#8656);
#8656=ADVANCED_FACE('',(#8662),#8657,.T.);
#8657=PLANE('',#8658);
#8658=AXIS2_PLACEMENT_3D('',#8659,#8660,#8661);
#8659=CARTESIAN_POINT('',(43.155,-37.44,1.397));
#8660=DIRECTION('',(-1.0,0.0,0.0));
#8661=DIRECTION('',(0.,0.,1.));
#8662=FACE_OUTER_BOUND('',#8663,.T.);
#8663=EDGE_LOOP('',(#8664,#8674,#8684,#8694));
#8664=ORIENTED_EDGE('',*,*,#8646,.T.);
#8674=ORIENTED_EDGE('',*,*,#8508,.T.);
#8685=EDGE_CURVE('',#8578,#8499,#8690,.T.);
#8690=LINE('',#8579,#8692);
#8692=VECTOR('',#8693,1.3208);
#8693=DIRECTION('',(0.0,-1.0,0.0));
#8684=ORIENTED_EDGE('',*,*,#8685,.F.);
#8694=ORIENTED_EDGE('',*,*,#8577,.T.);
#8704=STYLED_ITEM('',(#34),#8705);
#8705=ADVANCED_FACE('',(#8711),#8706,.T.);
#8706=PLANE('',#8707);
#8707=AXIS2_PLACEMENT_3D('',#8708,#8709,#8710);
#8708=CARTESIAN_POINT('',(43.155,-38.76,1.651));
#8709=DIRECTION('',(0.0,0.0,1.0));
#8710=DIRECTION('',(0.,1.,0.));
#8711=FACE_OUTER_BOUND('',#8712,.T.);
#8712=EDGE_LOOP('',(#8713,#8723,#8733,#8743));
#8713=ORIENTED_EDGE('',*,*,#8498,.T.);
#8723=ORIENTED_EDGE('',*,*,#8193,.T.);
#8733=ORIENTED_EDGE('',*,*,#8587,.T.);
#8743=ORIENTED_EDGE('',*,*,#8685,.T.);
#8754=MANIFOLD_SOLID_BREP($,#8755);
#8755=CLOSED_SHELL('',(#8757,#8806,#8855,#8944,#8993,#9082,#9131,#9180,#9249,#9318,#9367,#9416));
#8756=STYLED_ITEM('',(#34),#8757);
#8757=ADVANCED_FACE('',(#8763),#8758,.T.);
#8758=PLANE('',#8759);
#8759=AXIS2_PLACEMENT_3D('',#8760,#8761,#8762);
#8760=CARTESIAN_POINT('',(43.307,-35.763,-2.54));
#8761=DIRECTION('',(0.0,0.0,-1.0));
#8762=DIRECTION('',(0.,1.,0.));
#8763=FACE_OUTER_BOUND('',#8764,.T.);
#8764=EDGE_LOOP('',(#8765,#8775,#8785,#8795));
#8768=CARTESIAN_POINT('',(43.307,-35.357,-2.54));
#8767=VERTEX_POINT('',#8768);
#8770=CARTESIAN_POINT('',(43.307,-35.763,-2.54));
#8769=VERTEX_POINT('',#8770);
#8766=EDGE_CURVE('',#8767,#8769,#8771,.T.);
#8771=LINE('',#8768,#8773);
#8773=VECTOR('',#8774,0.4064);
#8774=DIRECTION('',(0.0,-1.0,0.0));
#8765=ORIENTED_EDGE('',*,*,#8766,.F.);
#8778=CARTESIAN_POINT('',(43.561,-35.357,-2.54));
#8777=VERTEX_POINT('',#8778);
#8776=EDGE_CURVE('',#8777,#8767,#8781,.T.);
#8781=LINE('',#8778,#8783);
#8783=VECTOR('',#8784,0.254);
#8784=DIRECTION('',(-1.0,0.0,0.0));
#8775=ORIENTED_EDGE('',*,*,#8776,.F.);
#8788=CARTESIAN_POINT('',(43.561,-35.763,-2.54));
#8787=VERTEX_POINT('',#8788);
#8786=EDGE_CURVE('',#8787,#8777,#8791,.T.);
#8791=LINE('',#8788,#8793);
#8793=VECTOR('',#8794,0.4064);
#8794=DIRECTION('',(0.0,1.0,0.0));
#8785=ORIENTED_EDGE('',*,*,#8786,.F.);
#8796=EDGE_CURVE('',#8769,#8787,#8801,.T.);
#8801=LINE('',#8770,#8803);
#8803=VECTOR('',#8804,0.254);
#8804=DIRECTION('',(1.0,0.0,0.0));
#8795=ORIENTED_EDGE('',*,*,#8796,.F.);
#8805=STYLED_ITEM('',(#34),#8806);
#8806=ADVANCED_FACE('',(#8812),#8807,.T.);
#8807=PLANE('',#8808);
#8808=AXIS2_PLACEMENT_3D('',#8809,#8810,#8811);
#8809=CARTESIAN_POINT('',(43.307,-35.763,-2.54));
#8810=DIRECTION('',(0.0,-1.0,0.0));
#8811=DIRECTION('',(0.,0.,1.));
#8812=FACE_OUTER_BOUND('',#8813,.T.);
#8813=EDGE_LOOP('',(#8814,#8824,#8834,#8844));
#8814=ORIENTED_EDGE('',*,*,#8796,.T.);
#8827=CARTESIAN_POINT('',(43.561,-35.763,0.0));
#8826=VERTEX_POINT('',#8827);
#8825=EDGE_CURVE('',#8826,#8787,#8830,.T.);
#8830=LINE('',#8827,#8832);
#8832=VECTOR('',#8833,2.54);
#8833=DIRECTION('',(0.0,0.0,-1.0));
#8824=ORIENTED_EDGE('',*,*,#8825,.F.);
#8837=CARTESIAN_POINT('',(43.307,-35.763,0.0));
#8836=VERTEX_POINT('',#8837);
#8835=EDGE_CURVE('',#8836,#8826,#8840,.T.);
#8840=LINE('',#8837,#8842);
#8842=VECTOR('',#8843,0.254);
#8843=DIRECTION('',(1.0,0.0,0.0));
#8834=ORIENTED_EDGE('',*,*,#8835,.F.);
#8845=EDGE_CURVE('',#8769,#8836,#8850,.T.);
#8850=LINE('',#8770,#8852);
#8852=VECTOR('',#8853,2.54);
#8853=DIRECTION('',(0.0,0.0,1.0));
#8844=ORIENTED_EDGE('',*,*,#8845,.F.);
#8854=STYLED_ITEM('',(#34),#8855);
#8855=ADVANCED_FACE('',(#8861),#8856,.T.);
#8856=PLANE('',#8857);
#8857=AXIS2_PLACEMENT_3D('',#8858,#8859,#8860);
#8858=CARTESIAN_POINT('',(43.561,-35.763,-2.54));
#8859=DIRECTION('',(1.0,0.0,0.0));
#8860=DIRECTION('',(0.,0.,1.));
#8861=FACE_OUTER_BOUND('',#8862,.T.);
#8862=EDGE_LOOP('',(#8863,#8873,#8883,#8893,#8903,#8913,#8923,#8933));
#8863=ORIENTED_EDGE('',*,*,#8786,.T.);
#8876=CARTESIAN_POINT('',(43.561,-35.357,0.0));
#8875=VERTEX_POINT('',#8876);
#8874=EDGE_CURVE('',#8875,#8777,#8879,.T.);
#8879=LINE('',#8876,#8881);
#8881=VECTOR('',#8882,2.54);
#8882=DIRECTION('',(0.0,0.0,-1.0));
#8873=ORIENTED_EDGE('',*,*,#8874,.F.);
#8886=CARTESIAN_POINT('',(43.561,-34.9,0.0));
#8885=VERTEX_POINT('',#8886);
#8884=EDGE_CURVE('',#8885,#8875,#8889,.T.);
#8889=LINE('',#8886,#8891);
#8891=VECTOR('',#8892,0.4572);
#8892=DIRECTION('',(0.0,-1.0,0.0));
#8883=ORIENTED_EDGE('',*,*,#8884,.F.);
#8896=CARTESIAN_POINT('',(43.561,-34.9,1.651));
#8895=VERTEX_POINT('',#8896);
#8894=EDGE_CURVE('',#8895,#8885,#8899,.T.);
#8899=LINE('',#8896,#8901);
#8901=VECTOR('',#8902,1.651);
#8902=DIRECTION('',(0.0,0.0,-1.0));
#8893=ORIENTED_EDGE('',*,*,#8894,.F.);
#8906=CARTESIAN_POINT('',(43.561,-36.22,1.651));
#8905=VERTEX_POINT('',#8906);
#8904=EDGE_CURVE('',#8905,#8895,#8909,.T.);
#8909=LINE('',#8906,#8911);
#8911=VECTOR('',#8912,1.3208);
#8912=DIRECTION('',(0.0,1.0,0.0));
#8903=ORIENTED_EDGE('',*,*,#8904,.F.);
#8916=CARTESIAN_POINT('',(43.561,-36.22,0.0));
#8915=VERTEX_POINT('',#8916);
#8914=EDGE_CURVE('',#8915,#8905,#8919,.T.);
#8919=LINE('',#8916,#8921);
#8921=VECTOR('',#8922,1.651);
#8922=DIRECTION('',(0.0,0.0,1.0));
#8913=ORIENTED_EDGE('',*,*,#8914,.F.);
#8924=EDGE_CURVE('',#8826,#8915,#8929,.T.);
#8929=LINE('',#8827,#8931);
#8931=VECTOR('',#8932,0.4572);
#8932=DIRECTION('',(0.0,-1.0,0.0));
#8923=ORIENTED_EDGE('',*,*,#8924,.F.);
#8933=ORIENTED_EDGE('',*,*,#8825,.T.);
#8943=STYLED_ITEM('',(#34),#8944);
#8944=ADVANCED_FACE('',(#8950),#8945,.T.);
#8945=PLANE('',#8946);
#8946=AXIS2_PLACEMENT_3D('',#8947,#8948,#8949);
#8947=CARTESIAN_POINT('',(43.561,-35.357,-2.54));
#8948=DIRECTION('',(0.0,1.0,0.0));
#8949=DIRECTION('',(0.,0.,1.));
#8950=FACE_OUTER_BOUND('',#8951,.T.);
#8951=EDGE_LOOP('',(#8952,#8962,#8972,#8982));
#8952=ORIENTED_EDGE('',*,*,#8776,.T.);
#8965=CARTESIAN_POINT('',(43.307,-35.357,0.0));
#8964=VERTEX_POINT('',#8965);
#8963=EDGE_CURVE('',#8964,#8767,#8968,.T.);
#8968=LINE('',#8965,#8970);
#8970=VECTOR('',#8971,2.54);
#8971=DIRECTION('',(0.0,0.0,-1.0));
#8962=ORIENTED_EDGE('',*,*,#8963,.F.);
#8973=EDGE_CURVE('',#8875,#8964,#8978,.T.);
#8978=LINE('',#8876,#8980);
#8980=VECTOR('',#8981,0.254);
#8981=DIRECTION('',(-1.0,0.0,0.0));
#8972=ORIENTED_EDGE('',*,*,#8973,.F.);
#8982=ORIENTED_EDGE('',*,*,#8874,.T.);
#8992=STYLED_ITEM('',(#34),#8993);
#8993=ADVANCED_FACE('',(#8999),#8994,.T.);
#8994=PLANE('',#8995);
#8995=AXIS2_PLACEMENT_3D('',#8996,#8997,#8998);
#8996=CARTESIAN_POINT('',(43.307,-35.357,-2.54));
#8997=DIRECTION('',(-1.0,0.0,0.0));
#8998=DIRECTION('',(0.,0.,1.));
#8999=FACE_OUTER_BOUND('',#9000,.T.);
#9000=EDGE_LOOP('',(#9001,#9011,#9021,#9031,#9041,#9051,#9061,#9071));
#9001=ORIENTED_EDGE('',*,*,#8766,.T.);
#9011=ORIENTED_EDGE('',*,*,#8845,.T.);
#9024=CARTESIAN_POINT('',(43.307,-36.22,0.0));
#9023=VERTEX_POINT('',#9024);
#9022=EDGE_CURVE('',#9023,#8836,#9027,.T.);
#9027=LINE('',#9024,#9029);
#9029=VECTOR('',#9030,0.4572);
#9030=DIRECTION('',(0.0,1.0,0.0));
#9021=ORIENTED_EDGE('',*,*,#9022,.F.);
#9034=CARTESIAN_POINT('',(43.307,-36.22,1.397));
#9033=VERTEX_POINT('',#9034);
#9032=EDGE_CURVE('',#9033,#9023,#9037,.T.);
#9037=LINE('',#9034,#9039);
#9039=VECTOR('',#9040,1.397);
#9040=DIRECTION('',(0.0,0.0,-1.0));
#9031=ORIENTED_EDGE('',*,*,#9032,.F.);
#9044=CARTESIAN_POINT('',(43.307,-34.9,1.397));
#9043=VERTEX_POINT('',#9044);
#9042=EDGE_CURVE('',#9043,#9033,#9047,.T.);
#9047=LINE('',#9044,#9049);
#9049=VECTOR('',#9050,1.3208);
#9050=DIRECTION('',(0.0,-1.0,0.0));
#9041=ORIENTED_EDGE('',*,*,#9042,.F.);
#9054=CARTESIAN_POINT('',(43.307,-34.9,0.0));
#9053=VERTEX_POINT('',#9054);
#9052=EDGE_CURVE('',#9053,#9043,#9057,.T.);
#9057=LINE('',#9054,#9059);
#9059=VECTOR('',#9060,1.397);
#9060=DIRECTION('',(0.0,0.0,1.0));
#9051=ORIENTED_EDGE('',*,*,#9052,.F.);
#9062=EDGE_CURVE('',#8964,#9053,#9067,.T.);
#9067=LINE('',#8965,#9069);
#9069=VECTOR('',#9070,0.4572);
#9070=DIRECTION('',(0.0,1.0,0.0));
#9061=ORIENTED_EDGE('',*,*,#9062,.F.);
#9071=ORIENTED_EDGE('',*,*,#8963,.T.);
#9081=STYLED_ITEM('',(#34),#9082);
#9082=ADVANCED_FACE('',(#9088),#9083,.T.);
#9083=PLANE('',#9084);
#9084=AXIS2_PLACEMENT_3D('',#9085,#9086,#9087);
#9085=CARTESIAN_POINT('',(43.307,-35.763,0.0));
#9086=DIRECTION('',(0.0,0.0,-1.0));
#9087=DIRECTION('',(0.,1.,0.));
#9088=FACE_OUTER_BOUND('',#9089,.T.);
#9089=EDGE_LOOP('',(#9090,#9100,#9110,#9120));
#9090=ORIENTED_EDGE('',*,*,#8835,.T.);
#9100=ORIENTED_EDGE('',*,*,#8924,.T.);
#9111=EDGE_CURVE('',#9023,#8915,#9116,.T.);
#9116=LINE('',#9024,#9118);
#9118=VECTOR('',#9119,0.254);
#9119=DIRECTION('',(1.0,0.0,0.0));
#9110=ORIENTED_EDGE('',*,*,#9111,.F.);
#9120=ORIENTED_EDGE('',*,*,#9022,.T.);
#9130=STYLED_ITEM('',(#34),#9131);
#9131=ADVANCED_FACE('',(#9137),#9132,.T.);
#9132=PLANE('',#9133);
#9133=AXIS2_PLACEMENT_3D('',#9134,#9135,#9136);
#9134=CARTESIAN_POINT('',(43.307,-34.9,0.0));
#9135=DIRECTION('',(0.0,0.0,-1.0));
#9136=DIRECTION('',(0.,1.,0.));
#9137=FACE_OUTER_BOUND('',#9138,.T.);
#9138=EDGE_LOOP('',(#9139,#9149,#9159,#9169));
#9140=EDGE_CURVE('',#8885,#9053,#9145,.T.);
#9145=LINE('',#8886,#9147);
#9147=VECTOR('',#9148,0.254);
#9148=DIRECTION('',(-1.0,0.0,0.0));
#9139=ORIENTED_EDGE('',*,*,#9140,.F.);
#9149=ORIENTED_EDGE('',*,*,#8884,.T.);
#9159=ORIENTED_EDGE('',*,*,#8973,.T.);
#9169=ORIENTED_EDGE('',*,*,#9062,.T.);
#9179=STYLED_ITEM('',(#34),#9180);
#9180=ADVANCED_FACE('',(#9186),#9181,.T.);
#9181=PLANE('',#9182);
#9182=AXIS2_PLACEMENT_3D('',#9183,#9184,#9185);
#9183=CARTESIAN_POINT('',(43.307,-36.22,0.0));
#9184=DIRECTION('',(0.0,-1.0,0.0));
#9185=DIRECTION('',(0.,0.,1.));
#9186=FACE_OUTER_BOUND('',#9187,.T.);
#9187=EDGE_LOOP('',(#9188,#9198,#9208,#9218,#9228,#9238));
#9188=ORIENTED_EDGE('',*,*,#9111,.T.);
#9198=ORIENTED_EDGE('',*,*,#8914,.T.);
#9211=CARTESIAN_POINT('',(43.155,-36.22,1.651));
#9210=VERTEX_POINT('',#9211);
#9209=EDGE_CURVE('',#9210,#8905,#9214,.T.);
#9214=LINE('',#9211,#9216);
#9216=VECTOR('',#9217,0.4064);
#9217=DIRECTION('',(1.0,0.0,0.0));
#9208=ORIENTED_EDGE('',*,*,#9209,.F.);
#9221=CARTESIAN_POINT('',(43.155,-36.22,1.397));
#9220=VERTEX_POINT('',#9221);
#9219=EDGE_CURVE('',#9220,#9210,#9224,.T.);
#9224=LINE('',#9221,#9226);
#9226=VECTOR('',#9227,0.254);
#9227=DIRECTION('',(0.0,0.0,1.0));
#9218=ORIENTED_EDGE('',*,*,#9219,.F.);
#9229=EDGE_CURVE('',#9033,#9220,#9234,.T.);
#9234=LINE('',#9034,#9236);
#9236=VECTOR('',#9237,0.1524);
#9237=DIRECTION('',(-1.0,0.0,0.0));
#9228=ORIENTED_EDGE('',*,*,#9229,.F.);
#9238=ORIENTED_EDGE('',*,*,#9032,.T.);
#9248=STYLED_ITEM('',(#34),#9249);
#9249=ADVANCED_FACE('',(#9255),#9250,.T.);
#9250=PLANE('',#9251);
#9251=AXIS2_PLACEMENT_3D('',#9252,#9253,#9254);
#9252=CARTESIAN_POINT('',(43.561,-34.9,0.0));
#9253=DIRECTION('',(0.0,1.0,0.0));
#9254=DIRECTION('',(0.,0.,1.));
#9255=FACE_OUTER_BOUND('',#9256,.T.);
#9256=EDGE_LOOP('',(#9257,#9267,#9277,#9287,#9297,#9307));
#9257=ORIENTED_EDGE('',*,*,#9140,.T.);
#9267=ORIENTED_EDGE('',*,*,#9052,.T.);
#9280=CARTESIAN_POINT('',(43.155,-34.9,1.397));
#9279=VERTEX_POINT('',#9280);
#9278=EDGE_CURVE('',#9279,#9043,#9283,.T.);
#9283=LINE('',#9280,#9285);
#9285=VECTOR('',#9286,0.1524);
#9286=DIRECTION('',(1.0,0.0,0.0));
#9277=ORIENTED_EDGE('',*,*,#9278,.F.);
#9290=CARTESIAN_POINT('',(43.155,-34.9,1.651));
#9289=VERTEX_POINT('',#9290);
#9288=EDGE_CURVE('',#9289,#9279,#9293,.T.);
#9293=LINE('',#9290,#9295);
#9295=VECTOR('',#9296,0.254);
#9296=DIRECTION('',(0.0,0.0,-1.0));
#9287=ORIENTED_EDGE('',*,*,#9288,.F.);
#9298=EDGE_CURVE('',#8895,#9289,#9303,.T.);
#9303=LINE('',#8896,#9305);
#9305=VECTOR('',#9306,0.4064);
#9306=DIRECTION('',(-1.0,0.0,0.0));
#9297=ORIENTED_EDGE('',*,*,#9298,.F.);
#9307=ORIENTED_EDGE('',*,*,#8894,.T.);
#9317=STYLED_ITEM('',(#34),#9318);
#9318=ADVANCED_FACE('',(#9324),#9319,.T.);
#9319=PLANE('',#9320);
#9320=AXIS2_PLACEMENT_3D('',#9321,#9322,#9323);
#9321=CARTESIAN_POINT('',(43.155,-34.9,1.397));
#9322=DIRECTION('',(0.0,0.0,-1.0));
#9323=DIRECTION('',(0.,1.,0.));
#9324=FACE_OUTER_BOUND('',#9325,.T.);
#9325=EDGE_LOOP('',(#9326,#9336,#9346,#9356));
#9326=ORIENTED_EDGE('',*,*,#9278,.T.);
#9336=ORIENTED_EDGE('',*,*,#9042,.T.);
#9346=ORIENTED_EDGE('',*,*,#9229,.T.);
#9357=EDGE_CURVE('',#9279,#9220,#9362,.T.);
#9362=LINE('',#9280,#9364);
#9364=VECTOR('',#9365,1.3208);
#9365=DIRECTION('',(0.0,-1.0,0.0));
#9356=ORIENTED_EDGE('',*,*,#9357,.F.);
#9366=STYLED_ITEM('',(#34),#9367);
#9367=ADVANCED_FACE('',(#9373),#9368,.T.);
#9368=PLANE('',#9369);
#9369=AXIS2_PLACEMENT_3D('',#9370,#9371,#9372);
#9370=CARTESIAN_POINT('',(43.155,-34.9,1.397));
#9371=DIRECTION('',(-1.0,0.0,0.0));
#9372=DIRECTION('',(0.,0.,1.));
#9373=FACE_OUTER_BOUND('',#9374,.T.);
#9374=EDGE_LOOP('',(#9375,#9385,#9395,#9405));
#9375=ORIENTED_EDGE('',*,*,#9357,.T.);
#9385=ORIENTED_EDGE('',*,*,#9219,.T.);
#9396=EDGE_CURVE('',#9289,#9210,#9401,.T.);
#9401=LINE('',#9290,#9403);
#9403=VECTOR('',#9404,1.3208);
#9404=DIRECTION('',(0.0,-1.0,0.0));
#9395=ORIENTED_EDGE('',*,*,#9396,.F.);
#9405=ORIENTED_EDGE('',*,*,#9288,.T.);
#9415=STYLED_ITEM('',(#34),#9416);
#9416=ADVANCED_FACE('',(#9422),#9417,.T.);
#9417=PLANE('',#9418);
#9418=AXIS2_PLACEMENT_3D('',#9419,#9420,#9421);
#9419=CARTESIAN_POINT('',(43.155,-36.22,1.651));
#9420=DIRECTION('',(0.0,0.0,1.0));
#9421=DIRECTION('',(0.,1.,0.));
#9422=FACE_OUTER_BOUND('',#9423,.T.);
#9423=EDGE_LOOP('',(#9424,#9434,#9444,#9454));
#9424=ORIENTED_EDGE('',*,*,#9209,.T.);
#9434=ORIENTED_EDGE('',*,*,#8904,.T.);
#9444=ORIENTED_EDGE('',*,*,#9298,.T.);
#9454=ORIENTED_EDGE('',*,*,#9396,.T.);
#9465=MANIFOLD_SOLID_BREP($,#9466);
#9466=CLOSED_SHELL('',(#9468,#9517,#9566,#9655,#9704,#9793,#9842,#9891,#9960,#10029,#10078,#10127));
#9467=STYLED_ITEM('',(#34),#9468);
#9468=ADVANCED_FACE('',(#9474),#9469,.T.);
#9469=PLANE('',#9470);
#9470=AXIS2_PLACEMENT_3D('',#9471,#9472,#9473);
#9471=CARTESIAN_POINT('',(43.307,-33.223,-2.54));
#9472=DIRECTION('',(0.0,0.0,-1.0));
#9473=DIRECTION('',(0.,1.,0.));
#9474=FACE_OUTER_BOUND('',#9475,.T.);
#9475=EDGE_LOOP('',(#9476,#9486,#9496,#9506));
#9479=CARTESIAN_POINT('',(43.307,-32.817,-2.54));
#9478=VERTEX_POINT('',#9479);
#9481=CARTESIAN_POINT('',(43.307,-33.223,-2.54));
#9480=VERTEX_POINT('',#9481);
#9477=EDGE_CURVE('',#9478,#9480,#9482,.T.);
#9482=LINE('',#9479,#9484);
#9484=VECTOR('',#9485,0.4064);
#9485=DIRECTION('',(0.0,-1.0,0.0));
#9476=ORIENTED_EDGE('',*,*,#9477,.F.);
#9489=CARTESIAN_POINT('',(43.561,-32.817,-2.54));
#9488=VERTEX_POINT('',#9489);
#9487=EDGE_CURVE('',#9488,#9478,#9492,.T.);
#9492=LINE('',#9489,#9494);
#9494=VECTOR('',#9495,0.254);
#9495=DIRECTION('',(-1.0,0.0,0.0));
#9486=ORIENTED_EDGE('',*,*,#9487,.F.);
#9499=CARTESIAN_POINT('',(43.561,-33.223,-2.54));
#9498=VERTEX_POINT('',#9499);
#9497=EDGE_CURVE('',#9498,#9488,#9502,.T.);
#9502=LINE('',#9499,#9504);
#9504=VECTOR('',#9505,0.4064);
#9505=DIRECTION('',(0.0,1.0,0.0));
#9496=ORIENTED_EDGE('',*,*,#9497,.F.);
#9507=EDGE_CURVE('',#9480,#9498,#9512,.T.);
#9512=LINE('',#9481,#9514);
#9514=VECTOR('',#9515,0.254);
#9515=DIRECTION('',(1.0,0.0,0.0));
#9506=ORIENTED_EDGE('',*,*,#9507,.F.);
#9516=STYLED_ITEM('',(#34),#9517);
#9517=ADVANCED_FACE('',(#9523),#9518,.T.);
#9518=PLANE('',#9519);
#9519=AXIS2_PLACEMENT_3D('',#9520,#9521,#9522);
#9520=CARTESIAN_POINT('',(43.307,-33.223,-2.54));
#9521=DIRECTION('',(0.0,-1.0,0.0));
#9522=DIRECTION('',(0.,0.,1.));
#9523=FACE_OUTER_BOUND('',#9524,.T.);
#9524=EDGE_LOOP('',(#9525,#9535,#9545,#9555));
#9525=ORIENTED_EDGE('',*,*,#9507,.T.);
#9538=CARTESIAN_POINT('',(43.561,-33.223,0.0));
#9537=VERTEX_POINT('',#9538);
#9536=EDGE_CURVE('',#9537,#9498,#9541,.T.);
#9541=LINE('',#9538,#9543);
#9543=VECTOR('',#9544,2.54);
#9544=DIRECTION('',(0.0,0.0,-1.0));
#9535=ORIENTED_EDGE('',*,*,#9536,.F.);
#9548=CARTESIAN_POINT('',(43.307,-33.223,0.0));
#9547=VERTEX_POINT('',#9548);
#9546=EDGE_CURVE('',#9547,#9537,#9551,.T.);
#9551=LINE('',#9548,#9553);
#9553=VECTOR('',#9554,0.254);
#9554=DIRECTION('',(1.0,0.0,0.0));
#9545=ORIENTED_EDGE('',*,*,#9546,.F.);
#9556=EDGE_CURVE('',#9480,#9547,#9561,.T.);
#9561=LINE('',#9481,#9563);
#9563=VECTOR('',#9564,2.54);
#9564=DIRECTION('',(0.0,0.0,1.0));
#9555=ORIENTED_EDGE('',*,*,#9556,.F.);
#9565=STYLED_ITEM('',(#34),#9566);
#9566=ADVANCED_FACE('',(#9572),#9567,.T.);
#9567=PLANE('',#9568);
#9568=AXIS2_PLACEMENT_3D('',#9569,#9570,#9571);
#9569=CARTESIAN_POINT('',(43.561,-33.223,-2.54));
#9570=DIRECTION('',(1.0,0.0,0.0));
#9571=DIRECTION('',(0.,0.,1.));
#9572=FACE_OUTER_BOUND('',#9573,.T.);
#9573=EDGE_LOOP('',(#9574,#9584,#9594,#9604,#9614,#9624,#9634,#9644));
#9574=ORIENTED_EDGE('',*,*,#9497,.T.);
#9587=CARTESIAN_POINT('',(43.561,-32.817,0.0));
#9586=VERTEX_POINT('',#9587);
#9585=EDGE_CURVE('',#9586,#9488,#9590,.T.);
#9590=LINE('',#9587,#9592);
#9592=VECTOR('',#9593,2.54);
#9593=DIRECTION('',(0.0,0.0,-1.0));
#9584=ORIENTED_EDGE('',*,*,#9585,.F.);
#9597=CARTESIAN_POINT('',(43.561,-32.36,0.0));
#9596=VERTEX_POINT('',#9597);
#9595=EDGE_CURVE('',#9596,#9586,#9600,.T.);
#9600=LINE('',#9597,#9602);
#9602=VECTOR('',#9603,0.4572);
#9603=DIRECTION('',(0.0,-1.0,0.0));
#9594=ORIENTED_EDGE('',*,*,#9595,.F.);
#9607=CARTESIAN_POINT('',(43.561,-32.36,1.651));
#9606=VERTEX_POINT('',#9607);
#9605=EDGE_CURVE('',#9606,#9596,#9610,.T.);
#9610=LINE('',#9607,#9612);
#9612=VECTOR('',#9613,1.651);
#9613=DIRECTION('',(0.0,0.0,-1.0));
#9604=ORIENTED_EDGE('',*,*,#9605,.F.);
#9617=CARTESIAN_POINT('',(43.561,-33.68,1.651));
#9616=VERTEX_POINT('',#9617);
#9615=EDGE_CURVE('',#9616,#9606,#9620,.T.);
#9620=LINE('',#9617,#9622);
#9622=VECTOR('',#9623,1.3208);
#9623=DIRECTION('',(0.0,1.0,0.0));
#9614=ORIENTED_EDGE('',*,*,#9615,.F.);
#9627=CARTESIAN_POINT('',(43.561,-33.68,0.0));
#9626=VERTEX_POINT('',#9627);
#9625=EDGE_CURVE('',#9626,#9616,#9630,.T.);
#9630=LINE('',#9627,#9632);
#9632=VECTOR('',#9633,1.651);
#9633=DIRECTION('',(0.0,0.0,1.0));
#9624=ORIENTED_EDGE('',*,*,#9625,.F.);
#9635=EDGE_CURVE('',#9537,#9626,#9640,.T.);
#9640=LINE('',#9538,#9642);
#9642=VECTOR('',#9643,0.4572);
#9643=DIRECTION('',(0.0,-1.0,0.0));
#9634=ORIENTED_EDGE('',*,*,#9635,.F.);
#9644=ORIENTED_EDGE('',*,*,#9536,.T.);
#9654=STYLED_ITEM('',(#34),#9655);
#9655=ADVANCED_FACE('',(#9661),#9656,.T.);
#9656=PLANE('',#9657);
#9657=AXIS2_PLACEMENT_3D('',#9658,#9659,#9660);
#9658=CARTESIAN_POINT('',(43.561,-32.817,-2.54));
#9659=DIRECTION('',(0.0,1.0,0.0));
#9660=DIRECTION('',(0.,0.,1.));
#9661=FACE_OUTER_BOUND('',#9662,.T.);
#9662=EDGE_LOOP('',(#9663,#9673,#9683,#9693));
#9663=ORIENTED_EDGE('',*,*,#9487,.T.);
#9676=CARTESIAN_POINT('',(43.307,-32.817,0.0));
#9675=VERTEX_POINT('',#9676);
#9674=EDGE_CURVE('',#9675,#9478,#9679,.T.);
#9679=LINE('',#9676,#9681);
#9681=VECTOR('',#9682,2.54);
#9682=DIRECTION('',(0.0,0.0,-1.0));
#9673=ORIENTED_EDGE('',*,*,#9674,.F.);
#9684=EDGE_CURVE('',#9586,#9675,#9689,.T.);
#9689=LINE('',#9587,#9691);
#9691=VECTOR('',#9692,0.254);
#9692=DIRECTION('',(-1.0,0.0,0.0));
#9683=ORIENTED_EDGE('',*,*,#9684,.F.);
#9693=ORIENTED_EDGE('',*,*,#9585,.T.);
#9703=STYLED_ITEM('',(#34),#9704);
#9704=ADVANCED_FACE('',(#9710),#9705,.T.);
#9705=PLANE('',#9706);
#9706=AXIS2_PLACEMENT_3D('',#9707,#9708,#9709);
#9707=CARTESIAN_POINT('',(43.307,-32.817,-2.54));
#9708=DIRECTION('',(-1.0,0.0,0.0));
#9709=DIRECTION('',(0.,0.,1.));
#9710=FACE_OUTER_BOUND('',#9711,.T.);
#9711=EDGE_LOOP('',(#9712,#9722,#9732,#9742,#9752,#9762,#9772,#9782));
#9712=ORIENTED_EDGE('',*,*,#9477,.T.);
#9722=ORIENTED_EDGE('',*,*,#9556,.T.);
#9735=CARTESIAN_POINT('',(43.307,-33.68,0.0));
#9734=VERTEX_POINT('',#9735);
#9733=EDGE_CURVE('',#9734,#9547,#9738,.T.);
#9738=LINE('',#9735,#9740);
#9740=VECTOR('',#9741,0.4572);
#9741=DIRECTION('',(0.0,1.0,0.0));
#9732=ORIENTED_EDGE('',*,*,#9733,.F.);
#9745=CARTESIAN_POINT('',(43.307,-33.68,1.397));
#9744=VERTEX_POINT('',#9745);
#9743=EDGE_CURVE('',#9744,#9734,#9748,.T.);
#9748=LINE('',#9745,#9750);
#9750=VECTOR('',#9751,1.397);
#9751=DIRECTION('',(0.0,0.0,-1.0));
#9742=ORIENTED_EDGE('',*,*,#9743,.F.);
#9755=CARTESIAN_POINT('',(43.307,-32.36,1.397));
#9754=VERTEX_POINT('',#9755);
#9753=EDGE_CURVE('',#9754,#9744,#9758,.T.);
#9758=LINE('',#9755,#9760);
#9760=VECTOR('',#9761,1.3208);
#9761=DIRECTION('',(0.0,-1.0,0.0));
#9752=ORIENTED_EDGE('',*,*,#9753,.F.);
#9765=CARTESIAN_POINT('',(43.307,-32.36,0.0));
#9764=VERTEX_POINT('',#9765);
#9763=EDGE_CURVE('',#9764,#9754,#9768,.T.);
#9768=LINE('',#9765,#9770);
#9770=VECTOR('',#9771,1.397);
#9771=DIRECTION('',(0.0,0.0,1.0));
#9762=ORIENTED_EDGE('',*,*,#9763,.F.);
#9773=EDGE_CURVE('',#9675,#9764,#9778,.T.);
#9778=LINE('',#9676,#9780);
#9780=VECTOR('',#9781,0.4572);
#9781=DIRECTION('',(0.0,1.0,0.0));
#9772=ORIENTED_EDGE('',*,*,#9773,.F.);
#9782=ORIENTED_EDGE('',*,*,#9674,.T.);
#9792=STYLED_ITEM('',(#34),#9793);
#9793=ADVANCED_FACE('',(#9799),#9794,.T.);
#9794=PLANE('',#9795);
#9795=AXIS2_PLACEMENT_3D('',#9796,#9797,#9798);
#9796=CARTESIAN_POINT('',(43.307,-33.223,0.0));
#9797=DIRECTION('',(0.0,0.0,-1.0));
#9798=DIRECTION('',(0.,1.,0.));
#9799=FACE_OUTER_BOUND('',#9800,.T.);
#9800=EDGE_LOOP('',(#9801,#9811,#9821,#9831));
#9801=ORIENTED_EDGE('',*,*,#9546,.T.);
#9811=ORIENTED_EDGE('',*,*,#9635,.T.);
#9822=EDGE_CURVE('',#9734,#9626,#9827,.T.);
#9827=LINE('',#9735,#9829);
#9829=VECTOR('',#9830,0.254);
#9830=DIRECTION('',(1.0,0.0,0.0));
#9821=ORIENTED_EDGE('',*,*,#9822,.F.);
#9831=ORIENTED_EDGE('',*,*,#9733,.T.);
#9841=STYLED_ITEM('',(#34),#9842);
#9842=ADVANCED_FACE('',(#9848),#9843,.T.);
#9843=PLANE('',#9844);
#9844=AXIS2_PLACEMENT_3D('',#9845,#9846,#9847);
#9845=CARTESIAN_POINT('',(43.307,-32.36,0.0));
#9846=DIRECTION('',(0.0,0.0,-1.0));
#9847=DIRECTION('',(0.,1.,0.));
#9848=FACE_OUTER_BOUND('',#9849,.T.);
#9849=EDGE_LOOP('',(#9850,#9860,#9870,#9880));
#9851=EDGE_CURVE('',#9596,#9764,#9856,.T.);
#9856=LINE('',#9597,#9858);
#9858=VECTOR('',#9859,0.254);
#9859=DIRECTION('',(-1.0,0.0,0.0));
#9850=ORIENTED_EDGE('',*,*,#9851,.F.);
#9860=ORIENTED_EDGE('',*,*,#9595,.T.);
#9870=ORIENTED_EDGE('',*,*,#9684,.T.);
#9880=ORIENTED_EDGE('',*,*,#9773,.T.);
#9890=STYLED_ITEM('',(#34),#9891);
#9891=ADVANCED_FACE('',(#9897),#9892,.T.);
#9892=PLANE('',#9893);
#9893=AXIS2_PLACEMENT_3D('',#9894,#9895,#9896);
#9894=CARTESIAN_POINT('',(43.307,-33.68,0.0));
#9895=DIRECTION('',(0.0,-1.0,0.0));
#9896=DIRECTION('',(0.,0.,1.));
#9897=FACE_OUTER_BOUND('',#9898,.T.);
#9898=EDGE_LOOP('',(#9899,#9909,#9919,#9929,#9939,#9949));
#9899=ORIENTED_EDGE('',*,*,#9822,.T.);
#9909=ORIENTED_EDGE('',*,*,#9625,.T.);
#9922=CARTESIAN_POINT('',(43.155,-33.68,1.651));
#9921=VERTEX_POINT('',#9922);
#9920=EDGE_CURVE('',#9921,#9616,#9925,.T.);
#9925=LINE('',#9922,#9927);
#9927=VECTOR('',#9928,0.4064);
#9928=DIRECTION('',(1.0,0.0,0.0));
#9919=ORIENTED_EDGE('',*,*,#9920,.F.);
#9932=CARTESIAN_POINT('',(43.155,-33.68,1.397));
#9931=VERTEX_POINT('',#9932);
#9930=EDGE_CURVE('',#9931,#9921,#9935,.T.);
#9935=LINE('',#9932,#9937);
#9937=VECTOR('',#9938,0.254);
#9938=DIRECTION('',(0.0,0.0,1.0));
#9929=ORIENTED_EDGE('',*,*,#9930,.F.);
#9940=EDGE_CURVE('',#9744,#9931,#9945,.T.);
#9945=LINE('',#9745,#9947);
#9947=VECTOR('',#9948,0.1524);
#9948=DIRECTION('',(-1.0,0.0,0.0));
#9939=ORIENTED_EDGE('',*,*,#9940,.F.);
#9949=ORIENTED_EDGE('',*,*,#9743,.T.);
#9959=STYLED_ITEM('',(#34),#9960);
#9960=ADVANCED_FACE('',(#9966),#9961,.T.);
#9961=PLANE('',#9962);
#9962=AXIS2_PLACEMENT_3D('',#9963,#9964,#9965);
#9963=CARTESIAN_POINT('',(43.561,-32.36,0.0));
#9964=DIRECTION('',(0.0,1.0,0.0));
#9965=DIRECTION('',(0.,0.,1.));
#9966=FACE_OUTER_BOUND('',#9967,.T.);
#9967=EDGE_LOOP('',(#9968,#9978,#9988,#9998,#10008,#10018));
#9968=ORIENTED_EDGE('',*,*,#9851,.T.);
#9978=ORIENTED_EDGE('',*,*,#9763,.T.);
#9991=CARTESIAN_POINT('',(43.155,-32.36,1.397));
#9990=VERTEX_POINT('',#9991);
#9989=EDGE_CURVE('',#9990,#9754,#9994,.T.);
#9994=LINE('',#9991,#9996);
#9996=VECTOR('',#9997,0.1524);
#9997=DIRECTION('',(1.0,0.0,0.0));
#9988=ORIENTED_EDGE('',*,*,#9989,.F.);
#10001=CARTESIAN_POINT('',(43.155,-32.36,1.651));
#10000=VERTEX_POINT('',#10001);
#9999=EDGE_CURVE('',#10000,#9990,#10004,.T.);
#10004=LINE('',#10001,#10006);
#10006=VECTOR('',#10007,0.254);
#10007=DIRECTION('',(0.0,0.0,-1.0));
#9998=ORIENTED_EDGE('',*,*,#9999,.F.);
#10009=EDGE_CURVE('',#9606,#10000,#10014,.T.);
#10014=LINE('',#9607,#10016);
#10016=VECTOR('',#10017,0.4064);
#10017=DIRECTION('',(-1.0,0.0,0.0));
#10008=ORIENTED_EDGE('',*,*,#10009,.F.);
#10018=ORIENTED_EDGE('',*,*,#9605,.T.);
#10028=STYLED_ITEM('',(#34),#10029);
#10029=ADVANCED_FACE('',(#10035),#10030,.T.);
#10030=PLANE('',#10031);
#10031=AXIS2_PLACEMENT_3D('',#10032,#10033,#10034);
#10032=CARTESIAN_POINT('',(43.155,-32.36,1.397));
#10033=DIRECTION('',(0.0,0.0,-1.0));
#10034=DIRECTION('',(0.,1.,0.));
#10035=FACE_OUTER_BOUND('',#10036,.T.);
#10036=EDGE_LOOP('',(#10037,#10047,#10057,#10067));
#10037=ORIENTED_EDGE('',*,*,#9989,.T.);
#10047=ORIENTED_EDGE('',*,*,#9753,.T.);
#10057=ORIENTED_EDGE('',*,*,#9940,.T.);
#10068=EDGE_CURVE('',#9990,#9931,#10073,.T.);
#10073=LINE('',#9991,#10075);
#10075=VECTOR('',#10076,1.3208);
#10076=DIRECTION('',(0.0,-1.0,0.0));
#10067=ORIENTED_EDGE('',*,*,#10068,.F.);
#10077=STYLED_ITEM('',(#34),#10078);
#10078=ADVANCED_FACE('',(#10084),#10079,.T.);
#10079=PLANE('',#10080);
#10080=AXIS2_PLACEMENT_3D('',#10081,#10082,#10083);
#10081=CARTESIAN_POINT('',(43.155,-32.36,1.397));
#10082=DIRECTION('',(-1.0,0.0,0.0));
#10083=DIRECTION('',(0.,0.,1.));
#10084=FACE_OUTER_BOUND('',#10085,.T.);
#10085=EDGE_LOOP('',(#10086,#10096,#10106,#10116));
#10086=ORIENTED_EDGE('',*,*,#10068,.T.);
#10096=ORIENTED_EDGE('',*,*,#9930,.T.);
#10107=EDGE_CURVE('',#10000,#9921,#10112,.T.);
#10112=LINE('',#10001,#10114);
#10114=VECTOR('',#10115,1.3208);
#10115=DIRECTION('',(0.0,-1.0,0.0));
#10106=ORIENTED_EDGE('',*,*,#10107,.F.);
#10116=ORIENTED_EDGE('',*,*,#9999,.T.);
#10126=STYLED_ITEM('',(#34),#10127);
#10127=ADVANCED_FACE('',(#10133),#10128,.T.);
#10128=PLANE('',#10129);
#10129=AXIS2_PLACEMENT_3D('',#10130,#10131,#10132);
#10130=CARTESIAN_POINT('',(43.155,-33.68,1.651));
#10131=DIRECTION('',(0.0,0.0,1.0));
#10132=DIRECTION('',(0.,1.,0.));
#10133=FACE_OUTER_BOUND('',#10134,.T.);
#10134=EDGE_LOOP('',(#10135,#10145,#10155,#10165));
#10135=ORIENTED_EDGE('',*,*,#9920,.T.);
#10145=ORIENTED_EDGE('',*,*,#9615,.T.);
#10155=ORIENTED_EDGE('',*,*,#10009,.T.);
#10165=ORIENTED_EDGE('',*,*,#10107,.T.);
#10176=MANIFOLD_SOLID_BREP($,#10177);
#10177=CLOSED_SHELL('',(#10179,#10228,#10277,#10366,#10415,#10504,#10553,#10602,#10671,#10740,#10789,#10838));
#10178=STYLED_ITEM('',(#34),#10179);
#10179=ADVANCED_FACE('',(#10185),#10180,.T.);
#10180=PLANE('',#10181);
#10181=AXIS2_PLACEMENT_3D('',#10182,#10183,#10184);
#10182=CARTESIAN_POINT('',(43.307,-30.683,-2.54));
#10183=DIRECTION('',(0.0,0.0,-1.0));
#10184=DIRECTION('',(0.,1.,0.));
#10185=FACE_OUTER_BOUND('',#10186,.T.);
#10186=EDGE_LOOP('',(#10187,#10197,#10207,#10217));
#10190=CARTESIAN_POINT('',(43.307,-30.277,-2.54));
#10189=VERTEX_POINT('',#10190);
#10192=CARTESIAN_POINT('',(43.307,-30.683,-2.54));
#10191=VERTEX_POINT('',#10192);
#10188=EDGE_CURVE('',#10189,#10191,#10193,.T.);
#10193=LINE('',#10190,#10195);
#10195=VECTOR('',#10196,0.4064);
#10196=DIRECTION('',(0.0,-1.0,0.0));
#10187=ORIENTED_EDGE('',*,*,#10188,.F.);
#10200=CARTESIAN_POINT('',(43.561,-30.277,-2.54));
#10199=VERTEX_POINT('',#10200);
#10198=EDGE_CURVE('',#10199,#10189,#10203,.T.);
#10203=LINE('',#10200,#10205);
#10205=VECTOR('',#10206,0.254);
#10206=DIRECTION('',(-1.0,0.0,0.0));
#10197=ORIENTED_EDGE('',*,*,#10198,.F.);
#10210=CARTESIAN_POINT('',(43.561,-30.683,-2.54));
#10209=VERTEX_POINT('',#10210);
#10208=EDGE_CURVE('',#10209,#10199,#10213,.T.);
#10213=LINE('',#10210,#10215);
#10215=VECTOR('',#10216,0.4064);
#10216=DIRECTION('',(0.0,1.0,0.0));
#10207=ORIENTED_EDGE('',*,*,#10208,.F.);
#10218=EDGE_CURVE('',#10191,#10209,#10223,.T.);
#10223=LINE('',#10192,#10225);
#10225=VECTOR('',#10226,0.254);
#10226=DIRECTION('',(1.0,0.0,0.0));
#10217=ORIENTED_EDGE('',*,*,#10218,.F.);
#10227=STYLED_ITEM('',(#34),#10228);
#10228=ADVANCED_FACE('',(#10234),#10229,.T.);
#10229=PLANE('',#10230);
#10230=AXIS2_PLACEMENT_3D('',#10231,#10232,#10233);
#10231=CARTESIAN_POINT('',(43.307,-30.683,-2.54));
#10232=DIRECTION('',(0.0,-1.0,0.0));
#10233=DIRECTION('',(0.,0.,1.));
#10234=FACE_OUTER_BOUND('',#10235,.T.);
#10235=EDGE_LOOP('',(#10236,#10246,#10256,#10266));
#10236=ORIENTED_EDGE('',*,*,#10218,.T.);
#10249=CARTESIAN_POINT('',(43.561,-30.683,0.0));
#10248=VERTEX_POINT('',#10249);
#10247=EDGE_CURVE('',#10248,#10209,#10252,.T.);
#10252=LINE('',#10249,#10254);
#10254=VECTOR('',#10255,2.54);
#10255=DIRECTION('',(0.0,0.0,-1.0));
#10246=ORIENTED_EDGE('',*,*,#10247,.F.);
#10259=CARTESIAN_POINT('',(43.307,-30.683,0.0));
#10258=VERTEX_POINT('',#10259);
#10257=EDGE_CURVE('',#10258,#10248,#10262,.T.);
#10262=LINE('',#10259,#10264);
#10264=VECTOR('',#10265,0.254);
#10265=DIRECTION('',(1.0,0.0,0.0));
#10256=ORIENTED_EDGE('',*,*,#10257,.F.);
#10267=EDGE_CURVE('',#10191,#10258,#10272,.T.);
#10272=LINE('',#10192,#10274);
#10274=VECTOR('',#10275,2.54);
#10275=DIRECTION('',(0.0,0.0,1.0));
#10266=ORIENTED_EDGE('',*,*,#10267,.F.);
#10276=STYLED_ITEM('',(#34),#10277);
#10277=ADVANCED_FACE('',(#10283),#10278,.T.);
#10278=PLANE('',#10279);
#10279=AXIS2_PLACEMENT_3D('',#10280,#10281,#10282);
#10280=CARTESIAN_POINT('',(43.561,-30.683,-2.54));
#10281=DIRECTION('',(1.0,0.0,0.0));
#10282=DIRECTION('',(0.,0.,1.));
#10283=FACE_OUTER_BOUND('',#10284,.T.);
#10284=EDGE_LOOP('',(#10285,#10295,#10305,#10315,#10325,#10335,#10345,#10355));
#10285=ORIENTED_EDGE('',*,*,#10208,.T.);
#10298=CARTESIAN_POINT('',(43.561,-30.277,0.0));
#10297=VERTEX_POINT('',#10298);
#10296=EDGE_CURVE('',#10297,#10199,#10301,.T.);
#10301=LINE('',#10298,#10303);
#10303=VECTOR('',#10304,2.54);
#10304=DIRECTION('',(0.0,0.0,-1.0));
#10295=ORIENTED_EDGE('',*,*,#10296,.F.);
#10308=CARTESIAN_POINT('',(43.561,-29.82,0.0));
#10307=VERTEX_POINT('',#10308);
#10306=EDGE_CURVE('',#10307,#10297,#10311,.T.);
#10311=LINE('',#10308,#10313);
#10313=VECTOR('',#10314,0.4572);
#10314=DIRECTION('',(0.0,-1.0,0.0));
#10305=ORIENTED_EDGE('',*,*,#10306,.F.);
#10318=CARTESIAN_POINT('',(43.561,-29.82,1.651));
#10317=VERTEX_POINT('',#10318);
#10316=EDGE_CURVE('',#10317,#10307,#10321,.T.);
#10321=LINE('',#10318,#10323);
#10323=VECTOR('',#10324,1.651);
#10324=DIRECTION('',(0.0,0.0,-1.0));
#10315=ORIENTED_EDGE('',*,*,#10316,.F.);
#10328=CARTESIAN_POINT('',(43.561,-31.14,1.651));
#10327=VERTEX_POINT('',#10328);
#10326=EDGE_CURVE('',#10327,#10317,#10331,.T.);
#10331=LINE('',#10328,#10333);
#10333=VECTOR('',#10334,1.3208);
#10334=DIRECTION('',(0.0,1.0,0.0));
#10325=ORIENTED_EDGE('',*,*,#10326,.F.);
#10338=CARTESIAN_POINT('',(43.561,-31.14,0.0));
#10337=VERTEX_POINT('',#10338);
#10336=EDGE_CURVE('',#10337,#10327,#10341,.T.);
#10341=LINE('',#10338,#10343);
#10343=VECTOR('',#10344,1.651);
#10344=DIRECTION('',(0.0,0.0,1.0));
#10335=ORIENTED_EDGE('',*,*,#10336,.F.);
#10346=EDGE_CURVE('',#10248,#10337,#10351,.T.);
#10351=LINE('',#10249,#10353);
#10353=VECTOR('',#10354,0.4572);
#10354=DIRECTION('',(0.0,-1.0,0.0));
#10345=ORIENTED_EDGE('',*,*,#10346,.F.);
#10355=ORIENTED_EDGE('',*,*,#10247,.T.);
#10365=STYLED_ITEM('',(#34),#10366);
#10366=ADVANCED_FACE('',(#10372),#10367,.T.);
#10367=PLANE('',#10368);
#10368=AXIS2_PLACEMENT_3D('',#10369,#10370,#10371);
#10369=CARTESIAN_POINT('',(43.561,-30.277,-2.54));
#10370=DIRECTION('',(0.0,1.0,0.0));
#10371=DIRECTION('',(0.,0.,1.));
#10372=FACE_OUTER_BOUND('',#10373,.T.);
#10373=EDGE_LOOP('',(#10374,#10384,#10394,#10404));
#10374=ORIENTED_EDGE('',*,*,#10198,.T.);
#10387=CARTESIAN_POINT('',(43.307,-30.277,0.0));
#10386=VERTEX_POINT('',#10387);
#10385=EDGE_CURVE('',#10386,#10189,#10390,.T.);
#10390=LINE('',#10387,#10392);
#10392=VECTOR('',#10393,2.54);
#10393=DIRECTION('',(0.0,0.0,-1.0));
#10384=ORIENTED_EDGE('',*,*,#10385,.F.);
#10395=EDGE_CURVE('',#10297,#10386,#10400,.T.);
#10400=LINE('',#10298,#10402);
#10402=VECTOR('',#10403,0.254);
#10403=DIRECTION('',(-1.0,0.0,0.0));
#10394=ORIENTED_EDGE('',*,*,#10395,.F.);
#10404=ORIENTED_EDGE('',*,*,#10296,.T.);
#10414=STYLED_ITEM('',(#34),#10415);
#10415=ADVANCED_FACE('',(#10421),#10416,.T.);
#10416=PLANE('',#10417);
#10417=AXIS2_PLACEMENT_3D('',#10418,#10419,#10420);
#10418=CARTESIAN_POINT('',(43.307,-30.277,-2.54));
#10419=DIRECTION('',(-1.0,0.0,0.0));
#10420=DIRECTION('',(0.,0.,1.));
#10421=FACE_OUTER_BOUND('',#10422,.T.);
#10422=EDGE_LOOP('',(#10423,#10433,#10443,#10453,#10463,#10473,#10483,#10493));
#10423=ORIENTED_EDGE('',*,*,#10188,.T.);
#10433=ORIENTED_EDGE('',*,*,#10267,.T.);
#10446=CARTESIAN_POINT('',(43.307,-31.14,0.0));
#10445=VERTEX_POINT('',#10446);
#10444=EDGE_CURVE('',#10445,#10258,#10449,.T.);
#10449=LINE('',#10446,#10451);
#10451=VECTOR('',#10452,0.4572);
#10452=DIRECTION('',(0.0,1.0,0.0));
#10443=ORIENTED_EDGE('',*,*,#10444,.F.);
#10456=CARTESIAN_POINT('',(43.307,-31.14,1.397));
#10455=VERTEX_POINT('',#10456);
#10454=EDGE_CURVE('',#10455,#10445,#10459,.T.);
#10459=LINE('',#10456,#10461);
#10461=VECTOR('',#10462,1.397);
#10462=DIRECTION('',(0.0,0.0,-1.0));
#10453=ORIENTED_EDGE('',*,*,#10454,.F.);
#10466=CARTESIAN_POINT('',(43.307,-29.82,1.397));
#10465=VERTEX_POINT('',#10466);
#10464=EDGE_CURVE('',#10465,#10455,#10469,.T.);
#10469=LINE('',#10466,#10471);
#10471=VECTOR('',#10472,1.3208);
#10472=DIRECTION('',(0.0,-1.0,0.0));
#10463=ORIENTED_EDGE('',*,*,#10464,.F.);
#10476=CARTESIAN_POINT('',(43.307,-29.82,0.0));
#10475=VERTEX_POINT('',#10476);
#10474=EDGE_CURVE('',#10475,#10465,#10479,.T.);
#10479=LINE('',#10476,#10481);
#10481=VECTOR('',#10482,1.397);
#10482=DIRECTION('',(0.0,0.0,1.0));
#10473=ORIENTED_EDGE('',*,*,#10474,.F.);
#10484=EDGE_CURVE('',#10386,#10475,#10489,.T.);
#10489=LINE('',#10387,#10491);
#10491=VECTOR('',#10492,0.4572);
#10492=DIRECTION('',(0.0,1.0,0.0));
#10483=ORIENTED_EDGE('',*,*,#10484,.F.);
#10493=ORIENTED_EDGE('',*,*,#10385,.T.);
#10503=STYLED_ITEM('',(#34),#10504);
#10504=ADVANCED_FACE('',(#10510),#10505,.T.);
#10505=PLANE('',#10506);
#10506=AXIS2_PLACEMENT_3D('',#10507,#10508,#10509);
#10507=CARTESIAN_POINT('',(43.307,-30.683,0.0));
#10508=DIRECTION('',(0.0,0.0,-1.0));
#10509=DIRECTION('',(0.,1.,0.));
#10510=FACE_OUTER_BOUND('',#10511,.T.);
#10511=EDGE_LOOP('',(#10512,#10522,#10532,#10542));
#10512=ORIENTED_EDGE('',*,*,#10257,.T.);
#10522=ORIENTED_EDGE('',*,*,#10346,.T.);
#10533=EDGE_CURVE('',#10445,#10337,#10538,.T.);
#10538=LINE('',#10446,#10540);
#10540=VECTOR('',#10541,0.254);
#10541=DIRECTION('',(1.0,0.0,0.0));
#10532=ORIENTED_EDGE('',*,*,#10533,.F.);
#10542=ORIENTED_EDGE('',*,*,#10444,.T.);
#10552=STYLED_ITEM('',(#34),#10553);
#10553=ADVANCED_FACE('',(#10559),#10554,.T.);
#10554=PLANE('',#10555);
#10555=AXIS2_PLACEMENT_3D('',#10556,#10557,#10558);
#10556=CARTESIAN_POINT('',(43.307,-29.82,0.0));
#10557=DIRECTION('',(0.0,0.0,-1.0));
#10558=DIRECTION('',(0.,1.,0.));
#10559=FACE_OUTER_BOUND('',#10560,.T.);
#10560=EDGE_LOOP('',(#10561,#10571,#10581,#10591));
#10562=EDGE_CURVE('',#10307,#10475,#10567,.T.);
#10567=LINE('',#10308,#10569);
#10569=VECTOR('',#10570,0.254);
#10570=DIRECTION('',(-1.0,0.0,0.0));
#10561=ORIENTED_EDGE('',*,*,#10562,.F.);
#10571=ORIENTED_EDGE('',*,*,#10306,.T.);
#10581=ORIENTED_EDGE('',*,*,#10395,.T.);
#10591=ORIENTED_EDGE('',*,*,#10484,.T.);
#10601=STYLED_ITEM('',(#34),#10602);
#10602=ADVANCED_FACE('',(#10608),#10603,.T.);
#10603=PLANE('',#10604);
#10604=AXIS2_PLACEMENT_3D('',#10605,#10606,#10607);
#10605=CARTESIAN_POINT('',(43.307,-31.14,0.0));
#10606=DIRECTION('',(0.0,-1.0,0.0));
#10607=DIRECTION('',(0.,0.,1.));
#10608=FACE_OUTER_BOUND('',#10609,.T.);
#10609=EDGE_LOOP('',(#10610,#10620,#10630,#10640,#10650,#10660));
#10610=ORIENTED_EDGE('',*,*,#10533,.T.);
#10620=ORIENTED_EDGE('',*,*,#10336,.T.);
#10633=CARTESIAN_POINT('',(43.155,-31.14,1.651));
#10632=VERTEX_POINT('',#10633);
#10631=EDGE_CURVE('',#10632,#10327,#10636,.T.);
#10636=LINE('',#10633,#10638);
#10638=VECTOR('',#10639,0.4064);
#10639=DIRECTION('',(1.0,0.0,0.0));
#10630=ORIENTED_EDGE('',*,*,#10631,.F.);
#10643=CARTESIAN_POINT('',(43.155,-31.14,1.397));
#10642=VERTEX_POINT('',#10643);
#10641=EDGE_CURVE('',#10642,#10632,#10646,.T.);
#10646=LINE('',#10643,#10648);
#10648=VECTOR('',#10649,0.254);
#10649=DIRECTION('',(0.0,0.0,1.0));
#10640=ORIENTED_EDGE('',*,*,#10641,.F.);
#10651=EDGE_CURVE('',#10455,#10642,#10656,.T.);
#10656=LINE('',#10456,#10658);
#10658=VECTOR('',#10659,0.1524);
#10659=DIRECTION('',(-1.0,0.0,0.0));
#10650=ORIENTED_EDGE('',*,*,#10651,.F.);
#10660=ORIENTED_EDGE('',*,*,#10454,.T.);
#10670=STYLED_ITEM('',(#34),#10671);
#10671=ADVANCED_FACE('',(#10677),#10672,.T.);
#10672=PLANE('',#10673);
#10673=AXIS2_PLACEMENT_3D('',#10674,#10675,#10676);
#10674=CARTESIAN_POINT('',(43.561,-29.82,0.0));
#10675=DIRECTION('',(0.0,1.0,0.0));
#10676=DIRECTION('',(0.,0.,1.));
#10677=FACE_OUTER_BOUND('',#10678,.T.);
#10678=EDGE_LOOP('',(#10679,#10689,#10699,#10709,#10719,#10729));
#10679=ORIENTED_EDGE('',*,*,#10562,.T.);
#10689=ORIENTED_EDGE('',*,*,#10474,.T.);
#10702=CARTESIAN_POINT('',(43.155,-29.82,1.397));
#10701=VERTEX_POINT('',#10702);
#10700=EDGE_CURVE('',#10701,#10465,#10705,.T.);
#10705=LINE('',#10702,#10707);
#10707=VECTOR('',#10708,0.1524);
#10708=DIRECTION('',(1.0,0.0,0.0));
#10699=ORIENTED_EDGE('',*,*,#10700,.F.);
#10712=CARTESIAN_POINT('',(43.155,-29.82,1.651));
#10711=VERTEX_POINT('',#10712);
#10710=EDGE_CURVE('',#10711,#10701,#10715,.T.);
#10715=LINE('',#10712,#10717);
#10717=VECTOR('',#10718,0.254);
#10718=DIRECTION('',(0.0,0.0,-1.0));
#10709=ORIENTED_EDGE('',*,*,#10710,.F.);
#10720=EDGE_CURVE('',#10317,#10711,#10725,.T.);
#10725=LINE('',#10318,#10727);
#10727=VECTOR('',#10728,0.4064);
#10728=DIRECTION('',(-1.0,0.0,0.0));
#10719=ORIENTED_EDGE('',*,*,#10720,.F.);
#10729=ORIENTED_EDGE('',*,*,#10316,.T.);
#10739=STYLED_ITEM('',(#34),#10740);
#10740=ADVANCED_FACE('',(#10746),#10741,.T.);
#10741=PLANE('',#10742);
#10742=AXIS2_PLACEMENT_3D('',#10743,#10744,#10745);
#10743=CARTESIAN_POINT('',(43.155,-29.82,1.397));
#10744=DIRECTION('',(0.0,0.0,-1.0));
#10745=DIRECTION('',(0.,1.,0.));
#10746=FACE_OUTER_BOUND('',#10747,.T.);
#10747=EDGE_LOOP('',(#10748,#10758,#10768,#10778));
#10748=ORIENTED_EDGE('',*,*,#10700,.T.);
#10758=ORIENTED_EDGE('',*,*,#10464,.T.);
#10768=ORIENTED_EDGE('',*,*,#10651,.T.);
#10779=EDGE_CURVE('',#10701,#10642,#10784,.T.);
#10784=LINE('',#10702,#10786);
#10786=VECTOR('',#10787,1.3208);
#10787=DIRECTION('',(0.0,-1.0,0.0));
#10778=ORIENTED_EDGE('',*,*,#10779,.F.);
#10788=STYLED_ITEM('',(#34),#10789);
#10789=ADVANCED_FACE('',(#10795),#10790,.T.);
#10790=PLANE('',#10791);
#10791=AXIS2_PLACEMENT_3D('',#10792,#10793,#10794);
#10792=CARTESIAN_POINT('',(43.155,-29.82,1.397));
#10793=DIRECTION('',(-1.0,0.0,0.0));
#10794=DIRECTION('',(0.,0.,1.));
#10795=FACE_OUTER_BOUND('',#10796,.T.);
#10796=EDGE_LOOP('',(#10797,#10807,#10817,#10827));
#10797=ORIENTED_EDGE('',*,*,#10779,.T.);
#10807=ORIENTED_EDGE('',*,*,#10641,.T.);
#10818=EDGE_CURVE('',#10711,#10632,#10823,.T.);
#10823=LINE('',#10712,#10825);
#10825=VECTOR('',#10826,1.3208);
#10826=DIRECTION('',(0.0,-1.0,0.0));
#10817=ORIENTED_EDGE('',*,*,#10818,.F.);
#10827=ORIENTED_EDGE('',*,*,#10710,.T.);
#10837=STYLED_ITEM('',(#34),#10838);
#10838=ADVANCED_FACE('',(#10844),#10839,.T.);
#10839=PLANE('',#10840);
#10840=AXIS2_PLACEMENT_3D('',#10841,#10842,#10843);
#10841=CARTESIAN_POINT('',(43.155,-31.14,1.651));
#10842=DIRECTION('',(0.0,0.0,1.0));
#10843=DIRECTION('',(0.,1.,0.));
#10844=FACE_OUTER_BOUND('',#10845,.T.);
#10845=EDGE_LOOP('',(#10846,#10856,#10866,#10876));
#10846=ORIENTED_EDGE('',*,*,#10631,.T.);
#10856=ORIENTED_EDGE('',*,*,#10326,.T.);
#10866=ORIENTED_EDGE('',*,*,#10720,.T.);
#10876=ORIENTED_EDGE('',*,*,#10818,.T.);
#10887=MANIFOLD_SOLID_BREP($,#10888);
#10888=CLOSED_SHELL('',(#10890,#10939,#10988,#11077,#11126,#11215,#11264,#11313,#11382,#11451,#11500,#11549));
#10889=STYLED_ITEM('',(#34),#10890);
#10890=ADVANCED_FACE('',(#10896),#10891,.T.);
#10891=PLANE('',#10892);
#10892=AXIS2_PLACEMENT_3D('',#10893,#10894,#10895);
#10893=CARTESIAN_POINT('',(43.307,-28.143,-2.54));
#10894=DIRECTION('',(0.0,0.0,-1.0));
#10895=DIRECTION('',(0.,1.,0.));
#10896=FACE_OUTER_BOUND('',#10897,.T.);
#10897=EDGE_LOOP('',(#10898,#10908,#10918,#10928));
#10901=CARTESIAN_POINT('',(43.307,-27.737,-2.54));
#10900=VERTEX_POINT('',#10901);
#10903=CARTESIAN_POINT('',(43.307,-28.143,-2.54));
#10902=VERTEX_POINT('',#10903);
#10899=EDGE_CURVE('',#10900,#10902,#10904,.T.);
#10904=LINE('',#10901,#10906);
#10906=VECTOR('',#10907,0.4064);
#10907=DIRECTION('',(0.0,-1.0,0.0));
#10898=ORIENTED_EDGE('',*,*,#10899,.F.);
#10911=CARTESIAN_POINT('',(43.561,-27.737,-2.54));
#10910=VERTEX_POINT('',#10911);
#10909=EDGE_CURVE('',#10910,#10900,#10914,.T.);
#10914=LINE('',#10911,#10916);
#10916=VECTOR('',#10917,0.254);
#10917=DIRECTION('',(-1.0,0.0,0.0));
#10908=ORIENTED_EDGE('',*,*,#10909,.F.);
#10921=CARTESIAN_POINT('',(43.561,-28.143,-2.54));
#10920=VERTEX_POINT('',#10921);
#10919=EDGE_CURVE('',#10920,#10910,#10924,.T.);
#10924=LINE('',#10921,#10926);
#10926=VECTOR('',#10927,0.4064);
#10927=DIRECTION('',(0.0,1.0,0.0));
#10918=ORIENTED_EDGE('',*,*,#10919,.F.);
#10929=EDGE_CURVE('',#10902,#10920,#10934,.T.);
#10934=LINE('',#10903,#10936);
#10936=VECTOR('',#10937,0.254);
#10937=DIRECTION('',(1.0,0.0,0.0));
#10928=ORIENTED_EDGE('',*,*,#10929,.F.);
#10938=STYLED_ITEM('',(#34),#10939);
#10939=ADVANCED_FACE('',(#10945),#10940,.T.);
#10940=PLANE('',#10941);
#10941=AXIS2_PLACEMENT_3D('',#10942,#10943,#10944);
#10942=CARTESIAN_POINT('',(43.307,-28.143,-2.54));
#10943=DIRECTION('',(0.0,-1.0,0.0));
#10944=DIRECTION('',(0.,0.,1.));
#10945=FACE_OUTER_BOUND('',#10946,.T.);
#10946=EDGE_LOOP('',(#10947,#10957,#10967,#10977));
#10947=ORIENTED_EDGE('',*,*,#10929,.T.);
#10960=CARTESIAN_POINT('',(43.561,-28.143,0.0));
#10959=VERTEX_POINT('',#10960);
#10958=EDGE_CURVE('',#10959,#10920,#10963,.T.);
#10963=LINE('',#10960,#10965);
#10965=VECTOR('',#10966,2.54);
#10966=DIRECTION('',(0.0,0.0,-1.0));
#10957=ORIENTED_EDGE('',*,*,#10958,.F.);
#10970=CARTESIAN_POINT('',(43.307,-28.143,0.0));
#10969=VERTEX_POINT('',#10970);
#10968=EDGE_CURVE('',#10969,#10959,#10973,.T.);
#10973=LINE('',#10970,#10975);
#10975=VECTOR('',#10976,0.254);
#10976=DIRECTION('',(1.0,0.0,0.0));
#10967=ORIENTED_EDGE('',*,*,#10968,.F.);
#10978=EDGE_CURVE('',#10902,#10969,#10983,.T.);
#10983=LINE('',#10903,#10985);
#10985=VECTOR('',#10986,2.54);
#10986=DIRECTION('',(0.0,0.0,1.0));
#10977=ORIENTED_EDGE('',*,*,#10978,.F.);
#10987=STYLED_ITEM('',(#34),#10988);
#10988=ADVANCED_FACE('',(#10994),#10989,.T.);
#10989=PLANE('',#10990);
#10990=AXIS2_PLACEMENT_3D('',#10991,#10992,#10993);
#10991=CARTESIAN_POINT('',(43.561,-28.143,-2.54));
#10992=DIRECTION('',(1.0,0.0,0.0));
#10993=DIRECTION('',(0.,0.,1.));
#10994=FACE_OUTER_BOUND('',#10995,.T.);
#10995=EDGE_LOOP('',(#10996,#11006,#11016,#11026,#11036,#11046,#11056,#11066));
#10996=ORIENTED_EDGE('',*,*,#10919,.T.);
#11009=CARTESIAN_POINT('',(43.561,-27.737,0.0));
#11008=VERTEX_POINT('',#11009);
#11007=EDGE_CURVE('',#11008,#10910,#11012,.T.);
#11012=LINE('',#11009,#11014);
#11014=VECTOR('',#11015,2.54);
#11015=DIRECTION('',(0.0,0.0,-1.0));
#11006=ORIENTED_EDGE('',*,*,#11007,.F.);
#11019=CARTESIAN_POINT('',(43.561,-27.28,0.0));
#11018=VERTEX_POINT('',#11019);
#11017=EDGE_CURVE('',#11018,#11008,#11022,.T.);
#11022=LINE('',#11019,#11024);
#11024=VECTOR('',#11025,0.4572);
#11025=DIRECTION('',(0.0,-1.0,0.0));
#11016=ORIENTED_EDGE('',*,*,#11017,.F.);
#11029=CARTESIAN_POINT('',(43.561,-27.28,1.651));
#11028=VERTEX_POINT('',#11029);
#11027=EDGE_CURVE('',#11028,#11018,#11032,.T.);
#11032=LINE('',#11029,#11034);
#11034=VECTOR('',#11035,1.651);
#11035=DIRECTION('',(0.0,0.0,-1.0));
#11026=ORIENTED_EDGE('',*,*,#11027,.F.);
#11039=CARTESIAN_POINT('',(43.561,-28.6,1.651));
#11038=VERTEX_POINT('',#11039);
#11037=EDGE_CURVE('',#11038,#11028,#11042,.T.);
#11042=LINE('',#11039,#11044);
#11044=VECTOR('',#11045,1.3208);
#11045=DIRECTION('',(0.0,1.0,0.0));
#11036=ORIENTED_EDGE('',*,*,#11037,.F.);
#11049=CARTESIAN_POINT('',(43.561,-28.6,0.0));
#11048=VERTEX_POINT('',#11049);
#11047=EDGE_CURVE('',#11048,#11038,#11052,.T.);
#11052=LINE('',#11049,#11054);
#11054=VECTOR('',#11055,1.651);
#11055=DIRECTION('',(0.0,0.0,1.0));
#11046=ORIENTED_EDGE('',*,*,#11047,.F.);
#11057=EDGE_CURVE('',#10959,#11048,#11062,.T.);
#11062=LINE('',#10960,#11064);
#11064=VECTOR('',#11065,0.4572);
#11065=DIRECTION('',(0.0,-1.0,0.0));
#11056=ORIENTED_EDGE('',*,*,#11057,.F.);
#11066=ORIENTED_EDGE('',*,*,#10958,.T.);
#11076=STYLED_ITEM('',(#34),#11077);
#11077=ADVANCED_FACE('',(#11083),#11078,.T.);
#11078=PLANE('',#11079);
#11079=AXIS2_PLACEMENT_3D('',#11080,#11081,#11082);
#11080=CARTESIAN_POINT('',(43.561,-27.737,-2.54));
#11081=DIRECTION('',(0.0,1.0,0.0));
#11082=DIRECTION('',(0.,0.,1.));
#11083=FACE_OUTER_BOUND('',#11084,.T.);
#11084=EDGE_LOOP('',(#11085,#11095,#11105,#11115));
#11085=ORIENTED_EDGE('',*,*,#10909,.T.);
#11098=CARTESIAN_POINT('',(43.307,-27.737,0.0));
#11097=VERTEX_POINT('',#11098);
#11096=EDGE_CURVE('',#11097,#10900,#11101,.T.);
#11101=LINE('',#11098,#11103);
#11103=VECTOR('',#11104,2.54);
#11104=DIRECTION('',(0.0,0.0,-1.0));
#11095=ORIENTED_EDGE('',*,*,#11096,.F.);
#11106=EDGE_CURVE('',#11008,#11097,#11111,.T.);
#11111=LINE('',#11009,#11113);
#11113=VECTOR('',#11114,0.254);
#11114=DIRECTION('',(-1.0,0.0,0.0));
#11105=ORIENTED_EDGE('',*,*,#11106,.F.);
#11115=ORIENTED_EDGE('',*,*,#11007,.T.);
#11125=STYLED_ITEM('',(#34),#11126);
#11126=ADVANCED_FACE('',(#11132),#11127,.T.);
#11127=PLANE('',#11128);
#11128=AXIS2_PLACEMENT_3D('',#11129,#11130,#11131);
#11129=CARTESIAN_POINT('',(43.307,-27.737,-2.54));
#11130=DIRECTION('',(-1.0,0.0,0.0));
#11131=DIRECTION('',(0.,0.,1.));
#11132=FACE_OUTER_BOUND('',#11133,.T.);
#11133=EDGE_LOOP('',(#11134,#11144,#11154,#11164,#11174,#11184,#11194,#11204));
#11134=ORIENTED_EDGE('',*,*,#10899,.T.);
#11144=ORIENTED_EDGE('',*,*,#10978,.T.);
#11157=CARTESIAN_POINT('',(43.307,-28.6,0.0));
#11156=VERTEX_POINT('',#11157);
#11155=EDGE_CURVE('',#11156,#10969,#11160,.T.);
#11160=LINE('',#11157,#11162);
#11162=VECTOR('',#11163,0.4572);
#11163=DIRECTION('',(0.0,1.0,0.0));
#11154=ORIENTED_EDGE('',*,*,#11155,.F.);
#11167=CARTESIAN_POINT('',(43.307,-28.6,1.397));
#11166=VERTEX_POINT('',#11167);
#11165=EDGE_CURVE('',#11166,#11156,#11170,.T.);
#11170=LINE('',#11167,#11172);
#11172=VECTOR('',#11173,1.397);
#11173=DIRECTION('',(0.0,0.0,-1.0));
#11164=ORIENTED_EDGE('',*,*,#11165,.F.);
#11177=CARTESIAN_POINT('',(43.307,-27.28,1.397));
#11176=VERTEX_POINT('',#11177);
#11175=EDGE_CURVE('',#11176,#11166,#11180,.T.);
#11180=LINE('',#11177,#11182);
#11182=VECTOR('',#11183,1.3208);
#11183=DIRECTION('',(0.0,-1.0,0.0));
#11174=ORIENTED_EDGE('',*,*,#11175,.F.);
#11187=CARTESIAN_POINT('',(43.307,-27.28,0.0));
#11186=VERTEX_POINT('',#11187);
#11185=EDGE_CURVE('',#11186,#11176,#11190,.T.);
#11190=LINE('',#11187,#11192);
#11192=VECTOR('',#11193,1.397);
#11193=DIRECTION('',(0.0,0.0,1.0));
#11184=ORIENTED_EDGE('',*,*,#11185,.F.);
#11195=EDGE_CURVE('',#11097,#11186,#11200,.T.);
#11200=LINE('',#11098,#11202);
#11202=VECTOR('',#11203,0.4572);
#11203=DIRECTION('',(0.0,1.0,0.0));
#11194=ORIENTED_EDGE('',*,*,#11195,.F.);
#11204=ORIENTED_EDGE('',*,*,#11096,.T.);
#11214=STYLED_ITEM('',(#34),#11215);
#11215=ADVANCED_FACE('',(#11221),#11216,.T.);
#11216=PLANE('',#11217);
#11217=AXIS2_PLACEMENT_3D('',#11218,#11219,#11220);
#11218=CARTESIAN_POINT('',(43.307,-28.143,0.0));
#11219=DIRECTION('',(0.0,0.0,-1.0));
#11220=DIRECTION('',(0.,1.,0.));
#11221=FACE_OUTER_BOUND('',#11222,.T.);
#11222=EDGE_LOOP('',(#11223,#11233,#11243,#11253));
#11223=ORIENTED_EDGE('',*,*,#10968,.T.);
#11233=ORIENTED_EDGE('',*,*,#11057,.T.);
#11244=EDGE_CURVE('',#11156,#11048,#11249,.T.);
#11249=LINE('',#11157,#11251);
#11251=VECTOR('',#11252,0.254);
#11252=DIRECTION('',(1.0,0.0,0.0));
#11243=ORIENTED_EDGE('',*,*,#11244,.F.);
#11253=ORIENTED_EDGE('',*,*,#11155,.T.);
#11263=STYLED_ITEM('',(#34),#11264);
#11264=ADVANCED_FACE('',(#11270),#11265,.T.);
#11265=PLANE('',#11266);
#11266=AXIS2_PLACEMENT_3D('',#11267,#11268,#11269);
#11267=CARTESIAN_POINT('',(43.307,-27.28,0.0));
#11268=DIRECTION('',(0.0,0.0,-1.0));
#11269=DIRECTION('',(0.,1.,0.));
#11270=FACE_OUTER_BOUND('',#11271,.T.);
#11271=EDGE_LOOP('',(#11272,#11282,#11292,#11302));
#11273=EDGE_CURVE('',#11018,#11186,#11278,.T.);
#11278=LINE('',#11019,#11280);
#11280=VECTOR('',#11281,0.254);
#11281=DIRECTION('',(-1.0,0.0,0.0));
#11272=ORIENTED_EDGE('',*,*,#11273,.F.);
#11282=ORIENTED_EDGE('',*,*,#11017,.T.);
#11292=ORIENTED_EDGE('',*,*,#11106,.T.);
#11302=ORIENTED_EDGE('',*,*,#11195,.T.);
#11312=STYLED_ITEM('',(#34),#11313);
#11313=ADVANCED_FACE('',(#11319),#11314,.T.);
#11314=PLANE('',#11315);
#11315=AXIS2_PLACEMENT_3D('',#11316,#11317,#11318);
#11316=CARTESIAN_POINT('',(43.307,-28.6,0.0));
#11317=DIRECTION('',(0.0,-1.0,0.0));
#11318=DIRECTION('',(0.,0.,1.));
#11319=FACE_OUTER_BOUND('',#11320,.T.);
#11320=EDGE_LOOP('',(#11321,#11331,#11341,#11351,#11361,#11371));
#11321=ORIENTED_EDGE('',*,*,#11244,.T.);
#11331=ORIENTED_EDGE('',*,*,#11047,.T.);
#11344=CARTESIAN_POINT('',(43.155,-28.6,1.651));
#11343=VERTEX_POINT('',#11344);
#11342=EDGE_CURVE('',#11343,#11038,#11347,.T.);
#11347=LINE('',#11344,#11349);
#11349=VECTOR('',#11350,0.4064);
#11350=DIRECTION('',(1.0,0.0,0.0));
#11341=ORIENTED_EDGE('',*,*,#11342,.F.);
#11354=CARTESIAN_POINT('',(43.155,-28.6,1.397));
#11353=VERTEX_POINT('',#11354);
#11352=EDGE_CURVE('',#11353,#11343,#11357,.T.);
#11357=LINE('',#11354,#11359);
#11359=VECTOR('',#11360,0.254);
#11360=DIRECTION('',(0.0,0.0,1.0));
#11351=ORIENTED_EDGE('',*,*,#11352,.F.);
#11362=EDGE_CURVE('',#11166,#11353,#11367,.T.);
#11367=LINE('',#11167,#11369);
#11369=VECTOR('',#11370,0.1524);
#11370=DIRECTION('',(-1.0,0.0,0.0));
#11361=ORIENTED_EDGE('',*,*,#11362,.F.);
#11371=ORIENTED_EDGE('',*,*,#11165,.T.);
#11381=STYLED_ITEM('',(#34),#11382);
#11382=ADVANCED_FACE('',(#11388),#11383,.T.);
#11383=PLANE('',#11384);
#11384=AXIS2_PLACEMENT_3D('',#11385,#11386,#11387);
#11385=CARTESIAN_POINT('',(43.561,-27.28,0.0));
#11386=DIRECTION('',(0.0,1.0,0.0));
#11387=DIRECTION('',(0.,0.,1.));
#11388=FACE_OUTER_BOUND('',#11389,.T.);
#11389=EDGE_LOOP('',(#11390,#11400,#11410,#11420,#11430,#11440));
#11390=ORIENTED_EDGE('',*,*,#11273,.T.);
#11400=ORIENTED_EDGE('',*,*,#11185,.T.);
#11413=CARTESIAN_POINT('',(43.155,-27.28,1.397));
#11412=VERTEX_POINT('',#11413);
#11411=EDGE_CURVE('',#11412,#11176,#11416,.T.);
#11416=LINE('',#11413,#11418);
#11418=VECTOR('',#11419,0.1524);
#11419=DIRECTION('',(1.0,0.0,0.0));
#11410=ORIENTED_EDGE('',*,*,#11411,.F.);
#11423=CARTESIAN_POINT('',(43.155,-27.28,1.651));
#11422=VERTEX_POINT('',#11423);
#11421=EDGE_CURVE('',#11422,#11412,#11426,.T.);
#11426=LINE('',#11423,#11428);
#11428=VECTOR('',#11429,0.254);
#11429=DIRECTION('',(0.0,0.0,-1.0));
#11420=ORIENTED_EDGE('',*,*,#11421,.F.);
#11431=EDGE_CURVE('',#11028,#11422,#11436,.T.);
#11436=LINE('',#11029,#11438);
#11438=VECTOR('',#11439,0.4064);
#11439=DIRECTION('',(-1.0,0.0,0.0));
#11430=ORIENTED_EDGE('',*,*,#11431,.F.);
#11440=ORIENTED_EDGE('',*,*,#11027,.T.);
#11450=STYLED_ITEM('',(#34),#11451);
#11451=ADVANCED_FACE('',(#11457),#11452,.T.);
#11452=PLANE('',#11453);
#11453=AXIS2_PLACEMENT_3D('',#11454,#11455,#11456);
#11454=CARTESIAN_POINT('',(43.155,-27.28,1.397));
#11455=DIRECTION('',(0.0,0.0,-1.0));
#11456=DIRECTION('',(0.,1.,0.));
#11457=FACE_OUTER_BOUND('',#11458,.T.);
#11458=EDGE_LOOP('',(#11459,#11469,#11479,#11489));
#11459=ORIENTED_EDGE('',*,*,#11411,.T.);
#11469=ORIENTED_EDGE('',*,*,#11175,.T.);
#11479=ORIENTED_EDGE('',*,*,#11362,.T.);
#11490=EDGE_CURVE('',#11412,#11353,#11495,.T.);
#11495=LINE('',#11413,#11497);
#11497=VECTOR('',#11498,1.3208);
#11498=DIRECTION('',(0.0,-1.0,0.0));
#11489=ORIENTED_EDGE('',*,*,#11490,.F.);
#11499=STYLED_ITEM('',(#34),#11500);
#11500=ADVANCED_FACE('',(#11506),#11501,.T.);
#11501=PLANE('',#11502);
#11502=AXIS2_PLACEMENT_3D('',#11503,#11504,#11505);
#11503=CARTESIAN_POINT('',(43.155,-27.28,1.397));
#11504=DIRECTION('',(-1.0,0.0,0.0));
#11505=DIRECTION('',(0.,0.,1.));
#11506=FACE_OUTER_BOUND('',#11507,.T.);
#11507=EDGE_LOOP('',(#11508,#11518,#11528,#11538));
#11508=ORIENTED_EDGE('',*,*,#11490,.T.);
#11518=ORIENTED_EDGE('',*,*,#11352,.T.);
#11529=EDGE_CURVE('',#11422,#11343,#11534,.T.);
#11534=LINE('',#11423,#11536);
#11536=VECTOR('',#11537,1.3208);
#11537=DIRECTION('',(0.0,-1.0,0.0));
#11528=ORIENTED_EDGE('',*,*,#11529,.F.);
#11538=ORIENTED_EDGE('',*,*,#11421,.T.);
#11548=STYLED_ITEM('',(#34),#11549);
#11549=ADVANCED_FACE('',(#11555),#11550,.T.);
#11550=PLANE('',#11551);
#11551=AXIS2_PLACEMENT_3D('',#11552,#11553,#11554);
#11552=CARTESIAN_POINT('',(43.155,-28.6,1.651));
#11553=DIRECTION('',(0.0,0.0,1.0));
#11554=DIRECTION('',(0.,1.,0.));
#11555=FACE_OUTER_BOUND('',#11556,.T.);
#11556=EDGE_LOOP('',(#11557,#11567,#11577,#11587));
#11557=ORIENTED_EDGE('',*,*,#11342,.T.);
#11567=ORIENTED_EDGE('',*,*,#11037,.T.);
#11577=ORIENTED_EDGE('',*,*,#11431,.T.);
#11587=ORIENTED_EDGE('',*,*,#11529,.T.);
#11598=MANIFOLD_SOLID_BREP($,#11599);
#11599=CLOSED_SHELL('',(#11601,#11650,#11699,#11788,#11837,#11926,#11975,#12024,#12093,#12162,#12211,#12260));
#11600=STYLED_ITEM('',(#34),#11601);
#11601=ADVANCED_FACE('',(#11607),#11602,.T.);
#11602=PLANE('',#11603);
#11603=AXIS2_PLACEMENT_3D('',#11604,#11605,#11606);
#11604=CARTESIAN_POINT('',(43.307,-25.603,-2.54));
#11605=DIRECTION('',(0.0,0.0,-1.0));
#11606=DIRECTION('',(0.,1.,0.));
#11607=FACE_OUTER_BOUND('',#11608,.T.);
#11608=EDGE_LOOP('',(#11609,#11619,#11629,#11639));
#11612=CARTESIAN_POINT('',(43.307,-25.197,-2.54));
#11611=VERTEX_POINT('',#11612);
#11614=CARTESIAN_POINT('',(43.307,-25.603,-2.54));
#11613=VERTEX_POINT('',#11614);
#11610=EDGE_CURVE('',#11611,#11613,#11615,.T.);
#11615=LINE('',#11612,#11617);
#11617=VECTOR('',#11618,0.4064);
#11618=DIRECTION('',(0.0,-1.0,0.0));
#11609=ORIENTED_EDGE('',*,*,#11610,.F.);
#11622=CARTESIAN_POINT('',(43.561,-25.197,-2.54));
#11621=VERTEX_POINT('',#11622);
#11620=EDGE_CURVE('',#11621,#11611,#11625,.T.);
#11625=LINE('',#11622,#11627);
#11627=VECTOR('',#11628,0.254);
#11628=DIRECTION('',(-1.0,0.0,0.0));
#11619=ORIENTED_EDGE('',*,*,#11620,.F.);
#11632=CARTESIAN_POINT('',(43.561,-25.603,-2.54));
#11631=VERTEX_POINT('',#11632);
#11630=EDGE_CURVE('',#11631,#11621,#11635,.T.);
#11635=LINE('',#11632,#11637);
#11637=VECTOR('',#11638,0.4064);
#11638=DIRECTION('',(0.0,1.0,0.0));
#11629=ORIENTED_EDGE('',*,*,#11630,.F.);
#11640=EDGE_CURVE('',#11613,#11631,#11645,.T.);
#11645=LINE('',#11614,#11647);
#11647=VECTOR('',#11648,0.254);
#11648=DIRECTION('',(1.0,0.0,0.0));
#11639=ORIENTED_EDGE('',*,*,#11640,.F.);
#11649=STYLED_ITEM('',(#34),#11650);
#11650=ADVANCED_FACE('',(#11656),#11651,.T.);
#11651=PLANE('',#11652);
#11652=AXIS2_PLACEMENT_3D('',#11653,#11654,#11655);
#11653=CARTESIAN_POINT('',(43.307,-25.603,-2.54));
#11654=DIRECTION('',(0.0,-1.0,0.0));
#11655=DIRECTION('',(0.,0.,1.));
#11656=FACE_OUTER_BOUND('',#11657,.T.);
#11657=EDGE_LOOP('',(#11658,#11668,#11678,#11688));
#11658=ORIENTED_EDGE('',*,*,#11640,.T.);
#11671=CARTESIAN_POINT('',(43.561,-25.603,0.0));
#11670=VERTEX_POINT('',#11671);
#11669=EDGE_CURVE('',#11670,#11631,#11674,.T.);
#11674=LINE('',#11671,#11676);
#11676=VECTOR('',#11677,2.54);
#11677=DIRECTION('',(0.0,0.0,-1.0));
#11668=ORIENTED_EDGE('',*,*,#11669,.F.);
#11681=CARTESIAN_POINT('',(43.307,-25.603,0.0));
#11680=VERTEX_POINT('',#11681);
#11679=EDGE_CURVE('',#11680,#11670,#11684,.T.);
#11684=LINE('',#11681,#11686);
#11686=VECTOR('',#11687,0.254);
#11687=DIRECTION('',(1.0,0.0,0.0));
#11678=ORIENTED_EDGE('',*,*,#11679,.F.);
#11689=EDGE_CURVE('',#11613,#11680,#11694,.T.);
#11694=LINE('',#11614,#11696);
#11696=VECTOR('',#11697,2.54);
#11697=DIRECTION('',(0.0,0.0,1.0));
#11688=ORIENTED_EDGE('',*,*,#11689,.F.);
#11698=STYLED_ITEM('',(#34),#11699);
#11699=ADVANCED_FACE('',(#11705),#11700,.T.);
#11700=PLANE('',#11701);
#11701=AXIS2_PLACEMENT_3D('',#11702,#11703,#11704);
#11702=CARTESIAN_POINT('',(43.561,-25.603,-2.54));
#11703=DIRECTION('',(1.0,0.0,0.0));
#11704=DIRECTION('',(0.,0.,1.));
#11705=FACE_OUTER_BOUND('',#11706,.T.);
#11706=EDGE_LOOP('',(#11707,#11717,#11727,#11737,#11747,#11757,#11767,#11777));
#11707=ORIENTED_EDGE('',*,*,#11630,.T.);
#11720=CARTESIAN_POINT('',(43.561,-25.197,0.0));
#11719=VERTEX_POINT('',#11720);
#11718=EDGE_CURVE('',#11719,#11621,#11723,.T.);
#11723=LINE('',#11720,#11725);
#11725=VECTOR('',#11726,2.54);
#11726=DIRECTION('',(0.0,0.0,-1.0));
#11717=ORIENTED_EDGE('',*,*,#11718,.F.);
#11730=CARTESIAN_POINT('',(43.561,-24.74,0.0));
#11729=VERTEX_POINT('',#11730);
#11728=EDGE_CURVE('',#11729,#11719,#11733,.T.);
#11733=LINE('',#11730,#11735);
#11735=VECTOR('',#11736,0.4572);
#11736=DIRECTION('',(0.0,-1.0,0.0));
#11727=ORIENTED_EDGE('',*,*,#11728,.F.);
#11740=CARTESIAN_POINT('',(43.561,-24.74,1.651));
#11739=VERTEX_POINT('',#11740);
#11738=EDGE_CURVE('',#11739,#11729,#11743,.T.);
#11743=LINE('',#11740,#11745);
#11745=VECTOR('',#11746,1.651);
#11746=DIRECTION('',(0.0,0.0,-1.0));
#11737=ORIENTED_EDGE('',*,*,#11738,.F.);
#11750=CARTESIAN_POINT('',(43.561,-26.06,1.651));
#11749=VERTEX_POINT('',#11750);
#11748=EDGE_CURVE('',#11749,#11739,#11753,.T.);
#11753=LINE('',#11750,#11755);
#11755=VECTOR('',#11756,1.3208);
#11756=DIRECTION('',(0.0,1.0,0.0));
#11747=ORIENTED_EDGE('',*,*,#11748,.F.);
#11760=CARTESIAN_POINT('',(43.561,-26.06,0.0));
#11759=VERTEX_POINT('',#11760);
#11758=EDGE_CURVE('',#11759,#11749,#11763,.T.);
#11763=LINE('',#11760,#11765);
#11765=VECTOR('',#11766,1.651);
#11766=DIRECTION('',(0.0,0.0,1.0));
#11757=ORIENTED_EDGE('',*,*,#11758,.F.);
#11768=EDGE_CURVE('',#11670,#11759,#11773,.T.);
#11773=LINE('',#11671,#11775);
#11775=VECTOR('',#11776,0.4572);
#11776=DIRECTION('',(0.0,-1.0,0.0));
#11767=ORIENTED_EDGE('',*,*,#11768,.F.);
#11777=ORIENTED_EDGE('',*,*,#11669,.T.);
#11787=STYLED_ITEM('',(#34),#11788);
#11788=ADVANCED_FACE('',(#11794),#11789,.T.);
#11789=PLANE('',#11790);
#11790=AXIS2_PLACEMENT_3D('',#11791,#11792,#11793);
#11791=CARTESIAN_POINT('',(43.561,-25.197,-2.54));
#11792=DIRECTION('',(0.0,1.0,0.0));
#11793=DIRECTION('',(0.,0.,1.));
#11794=FACE_OUTER_BOUND('',#11795,.T.);
#11795=EDGE_LOOP('',(#11796,#11806,#11816,#11826));
#11796=ORIENTED_EDGE('',*,*,#11620,.T.);
#11809=CARTESIAN_POINT('',(43.307,-25.197,0.0));
#11808=VERTEX_POINT('',#11809);
#11807=EDGE_CURVE('',#11808,#11611,#11812,.T.);
#11812=LINE('',#11809,#11814);
#11814=VECTOR('',#11815,2.54);
#11815=DIRECTION('',(0.0,0.0,-1.0));
#11806=ORIENTED_EDGE('',*,*,#11807,.F.);
#11817=EDGE_CURVE('',#11719,#11808,#11822,.T.);
#11822=LINE('',#11720,#11824);
#11824=VECTOR('',#11825,0.254);
#11825=DIRECTION('',(-1.0,0.0,0.0));
#11816=ORIENTED_EDGE('',*,*,#11817,.F.);
#11826=ORIENTED_EDGE('',*,*,#11718,.T.);
#11836=STYLED_ITEM('',(#34),#11837);
#11837=ADVANCED_FACE('',(#11843),#11838,.T.);
#11838=PLANE('',#11839);
#11839=AXIS2_PLACEMENT_3D('',#11840,#11841,#11842);
#11840=CARTESIAN_POINT('',(43.307,-25.197,-2.54));
#11841=DIRECTION('',(-1.0,0.0,0.0));
#11842=DIRECTION('',(0.,0.,1.));
#11843=FACE_OUTER_BOUND('',#11844,.T.);
#11844=EDGE_LOOP('',(#11845,#11855,#11865,#11875,#11885,#11895,#11905,#11915));
#11845=ORIENTED_EDGE('',*,*,#11610,.T.);
#11855=ORIENTED_EDGE('',*,*,#11689,.T.);
#11868=CARTESIAN_POINT('',(43.307,-26.06,0.0));
#11867=VERTEX_POINT('',#11868);
#11866=EDGE_CURVE('',#11867,#11680,#11871,.T.);
#11871=LINE('',#11868,#11873);
#11873=VECTOR('',#11874,0.4572);
#11874=DIRECTION('',(0.0,1.0,0.0));
#11865=ORIENTED_EDGE('',*,*,#11866,.F.);
#11878=CARTESIAN_POINT('',(43.307,-26.06,1.397));
#11877=VERTEX_POINT('',#11878);
#11876=EDGE_CURVE('',#11877,#11867,#11881,.T.);
#11881=LINE('',#11878,#11883);
#11883=VECTOR('',#11884,1.397);
#11884=DIRECTION('',(0.0,0.0,-1.0));
#11875=ORIENTED_EDGE('',*,*,#11876,.F.);
#11888=CARTESIAN_POINT('',(43.307,-24.74,1.397));
#11887=VERTEX_POINT('',#11888);
#11886=EDGE_CURVE('',#11887,#11877,#11891,.T.);
#11891=LINE('',#11888,#11893);
#11893=VECTOR('',#11894,1.3208);
#11894=DIRECTION('',(0.0,-1.0,0.0));
#11885=ORIENTED_EDGE('',*,*,#11886,.F.);
#11898=CARTESIAN_POINT('',(43.307,-24.74,0.0));
#11897=VERTEX_POINT('',#11898);
#11896=EDGE_CURVE('',#11897,#11887,#11901,.T.);
#11901=LINE('',#11898,#11903);
#11903=VECTOR('',#11904,1.397);
#11904=DIRECTION('',(0.0,0.0,1.0));
#11895=ORIENTED_EDGE('',*,*,#11896,.F.);
#11906=EDGE_CURVE('',#11808,#11897,#11911,.T.);
#11911=LINE('',#11809,#11913);
#11913=VECTOR('',#11914,0.4572);
#11914=DIRECTION('',(0.0,1.0,0.0));
#11905=ORIENTED_EDGE('',*,*,#11906,.F.);
#11915=ORIENTED_EDGE('',*,*,#11807,.T.);
#11925=STYLED_ITEM('',(#34),#11926);
#11926=ADVANCED_FACE('',(#11932),#11927,.T.);
#11927=PLANE('',#11928);
#11928=AXIS2_PLACEMENT_3D('',#11929,#11930,#11931);
#11929=CARTESIAN_POINT('',(43.307,-25.603,0.0));
#11930=DIRECTION('',(0.0,0.0,-1.0));
#11931=DIRECTION('',(0.,1.,0.));
#11932=FACE_OUTER_BOUND('',#11933,.T.);
#11933=EDGE_LOOP('',(#11934,#11944,#11954,#11964));
#11934=ORIENTED_EDGE('',*,*,#11679,.T.);
#11944=ORIENTED_EDGE('',*,*,#11768,.T.);
#11955=EDGE_CURVE('',#11867,#11759,#11960,.T.);
#11960=LINE('',#11868,#11962);
#11962=VECTOR('',#11963,0.254);
#11963=DIRECTION('',(1.0,0.0,0.0));
#11954=ORIENTED_EDGE('',*,*,#11955,.F.);
#11964=ORIENTED_EDGE('',*,*,#11866,.T.);
#11974=STYLED_ITEM('',(#34),#11975);
#11975=ADVANCED_FACE('',(#11981),#11976,.T.);
#11976=PLANE('',#11977);
#11977=AXIS2_PLACEMENT_3D('',#11978,#11979,#11980);
#11978=CARTESIAN_POINT('',(43.307,-24.74,0.0));
#11979=DIRECTION('',(0.0,0.0,-1.0));
#11980=DIRECTION('',(0.,1.,0.));
#11981=FACE_OUTER_BOUND('',#11982,.T.);
#11982=EDGE_LOOP('',(#11983,#11993,#12003,#12013));
#11984=EDGE_CURVE('',#11729,#11897,#11989,.T.);
#11989=LINE('',#11730,#11991);
#11991=VECTOR('',#11992,0.254);
#11992=DIRECTION('',(-1.0,0.0,0.0));
#11983=ORIENTED_EDGE('',*,*,#11984,.F.);
#11993=ORIENTED_EDGE('',*,*,#11728,.T.);
#12003=ORIENTED_EDGE('',*,*,#11817,.T.);
#12013=ORIENTED_EDGE('',*,*,#11906,.T.);
#12023=STYLED_ITEM('',(#34),#12024);
#12024=ADVANCED_FACE('',(#12030),#12025,.T.);
#12025=PLANE('',#12026);
#12026=AXIS2_PLACEMENT_3D('',#12027,#12028,#12029);
#12027=CARTESIAN_POINT('',(43.307,-26.06,0.0));
#12028=DIRECTION('',(0.0,-1.0,0.0));
#12029=DIRECTION('',(0.,0.,1.));
#12030=FACE_OUTER_BOUND('',#12031,.T.);
#12031=EDGE_LOOP('',(#12032,#12042,#12052,#12062,#12072,#12082));
#12032=ORIENTED_EDGE('',*,*,#11955,.T.);
#12042=ORIENTED_EDGE('',*,*,#11758,.T.);
#12055=CARTESIAN_POINT('',(43.155,-26.06,1.651));
#12054=VERTEX_POINT('',#12055);
#12053=EDGE_CURVE('',#12054,#11749,#12058,.T.);
#12058=LINE('',#12055,#12060);
#12060=VECTOR('',#12061,0.4064);
#12061=DIRECTION('',(1.0,0.0,0.0));
#12052=ORIENTED_EDGE('',*,*,#12053,.F.);
#12065=CARTESIAN_POINT('',(43.155,-26.06,1.397));
#12064=VERTEX_POINT('',#12065);
#12063=EDGE_CURVE('',#12064,#12054,#12068,.T.);
#12068=LINE('',#12065,#12070);
#12070=VECTOR('',#12071,0.254);
#12071=DIRECTION('',(0.0,0.0,1.0));
#12062=ORIENTED_EDGE('',*,*,#12063,.F.);
#12073=EDGE_CURVE('',#11877,#12064,#12078,.T.);
#12078=LINE('',#11878,#12080);
#12080=VECTOR('',#12081,0.1524);
#12081=DIRECTION('',(-1.0,0.0,0.0));
#12072=ORIENTED_EDGE('',*,*,#12073,.F.);
#12082=ORIENTED_EDGE('',*,*,#11876,.T.);
#12092=STYLED_ITEM('',(#34),#12093);
#12093=ADVANCED_FACE('',(#12099),#12094,.T.);
#12094=PLANE('',#12095);
#12095=AXIS2_PLACEMENT_3D('',#12096,#12097,#12098);
#12096=CARTESIAN_POINT('',(43.561,-24.74,0.0));
#12097=DIRECTION('',(0.0,1.0,0.0));
#12098=DIRECTION('',(0.,0.,1.));
#12099=FACE_OUTER_BOUND('',#12100,.T.);
#12100=EDGE_LOOP('',(#12101,#12111,#12121,#12131,#12141,#12151));
#12101=ORIENTED_EDGE('',*,*,#11984,.T.);
#12111=ORIENTED_EDGE('',*,*,#11896,.T.);
#12124=CARTESIAN_POINT('',(43.155,-24.74,1.397));
#12123=VERTEX_POINT('',#12124);
#12122=EDGE_CURVE('',#12123,#11887,#12127,.T.);
#12127=LINE('',#12124,#12129);
#12129=VECTOR('',#12130,0.1524);
#12130=DIRECTION('',(1.0,0.0,0.0));
#12121=ORIENTED_EDGE('',*,*,#12122,.F.);
#12134=CARTESIAN_POINT('',(43.155,-24.74,1.651));
#12133=VERTEX_POINT('',#12134);
#12132=EDGE_CURVE('',#12133,#12123,#12137,.T.);
#12137=LINE('',#12134,#12139);
#12139=VECTOR('',#12140,0.254);
#12140=DIRECTION('',(0.0,0.0,-1.0));
#12131=ORIENTED_EDGE('',*,*,#12132,.F.);
#12142=EDGE_CURVE('',#11739,#12133,#12147,.T.);
#12147=LINE('',#11740,#12149);
#12149=VECTOR('',#12150,0.4064);
#12150=DIRECTION('',(-1.0,0.0,0.0));
#12141=ORIENTED_EDGE('',*,*,#12142,.F.);
#12151=ORIENTED_EDGE('',*,*,#11738,.T.);
#12161=STYLED_ITEM('',(#34),#12162);
#12162=ADVANCED_FACE('',(#12168),#12163,.T.);
#12163=PLANE('',#12164);
#12164=AXIS2_PLACEMENT_3D('',#12165,#12166,#12167);
#12165=CARTESIAN_POINT('',(43.155,-24.74,1.397));
#12166=DIRECTION('',(0.0,0.0,-1.0));
#12167=DIRECTION('',(0.,1.,0.));
#12168=FACE_OUTER_BOUND('',#12169,.T.);
#12169=EDGE_LOOP('',(#12170,#12180,#12190,#12200));
#12170=ORIENTED_EDGE('',*,*,#12122,.T.);
#12180=ORIENTED_EDGE('',*,*,#11886,.T.);
#12190=ORIENTED_EDGE('',*,*,#12073,.T.);
#12201=EDGE_CURVE('',#12123,#12064,#12206,.T.);
#12206=LINE('',#12124,#12208);
#12208=VECTOR('',#12209,1.3208);
#12209=DIRECTION('',(0.0,-1.0,0.0));
#12200=ORIENTED_EDGE('',*,*,#12201,.F.);
#12210=STYLED_ITEM('',(#34),#12211);
#12211=ADVANCED_FACE('',(#12217),#12212,.T.);
#12212=PLANE('',#12213);
#12213=AXIS2_PLACEMENT_3D('',#12214,#12215,#12216);
#12214=CARTESIAN_POINT('',(43.155,-24.74,1.397));
#12215=DIRECTION('',(-1.0,0.0,0.0));
#12216=DIRECTION('',(0.,0.,1.));
#12217=FACE_OUTER_BOUND('',#12218,.T.);
#12218=EDGE_LOOP('',(#12219,#12229,#12239,#12249));
#12219=ORIENTED_EDGE('',*,*,#12201,.T.);
#12229=ORIENTED_EDGE('',*,*,#12063,.T.);
#12240=EDGE_CURVE('',#12133,#12054,#12245,.T.);
#12245=LINE('',#12134,#12247);
#12247=VECTOR('',#12248,1.3208);
#12248=DIRECTION('',(0.0,-1.0,0.0));
#12239=ORIENTED_EDGE('',*,*,#12240,.F.);
#12249=ORIENTED_EDGE('',*,*,#12132,.T.);
#12259=STYLED_ITEM('',(#34),#12260);
#12260=ADVANCED_FACE('',(#12266),#12261,.T.);
#12261=PLANE('',#12262);
#12262=AXIS2_PLACEMENT_3D('',#12263,#12264,#12265);
#12263=CARTESIAN_POINT('',(43.155,-26.06,1.651));
#12264=DIRECTION('',(0.0,0.0,1.0));
#12265=DIRECTION('',(0.,1.,0.));
#12266=FACE_OUTER_BOUND('',#12267,.T.);
#12267=EDGE_LOOP('',(#12268,#12278,#12288,#12298));
#12268=ORIENTED_EDGE('',*,*,#12053,.T.);
#12278=ORIENTED_EDGE('',*,*,#11748,.T.);
#12288=ORIENTED_EDGE('',*,*,#12142,.T.);
#12298=ORIENTED_EDGE('',*,*,#12240,.T.);
#12309=MANIFOLD_SOLID_BREP($,#12310);
#12310=CLOSED_SHELL('',(#12312,#12361,#12410,#12499,#12548,#12637,#12686,#12735,#12804,#12873,#12922,#12971));
#12311=STYLED_ITEM('',(#34),#12312);
#12312=ADVANCED_FACE('',(#12318),#12313,.T.);
#12313=PLANE('',#12314);
#12314=AXIS2_PLACEMENT_3D('',#12315,#12316,#12317);
#12315=CARTESIAN_POINT('',(43.307,-23.063,-2.54));
#12316=DIRECTION('',(0.0,0.0,-1.0));
#12317=DIRECTION('',(0.,1.,0.));
#12318=FACE_OUTER_BOUND('',#12319,.T.);
#12319=EDGE_LOOP('',(#12320,#12330,#12340,#12350));
#12323=CARTESIAN_POINT('',(43.307,-22.657,-2.54));
#12322=VERTEX_POINT('',#12323);
#12325=CARTESIAN_POINT('',(43.307,-23.063,-2.54));
#12324=VERTEX_POINT('',#12325);
#12321=EDGE_CURVE('',#12322,#12324,#12326,.T.);
#12326=LINE('',#12323,#12328);
#12328=VECTOR('',#12329,0.4064);
#12329=DIRECTION('',(0.0,-1.0,0.0));
#12320=ORIENTED_EDGE('',*,*,#12321,.F.);
#12333=CARTESIAN_POINT('',(43.561,-22.657,-2.54));
#12332=VERTEX_POINT('',#12333);
#12331=EDGE_CURVE('',#12332,#12322,#12336,.T.);
#12336=LINE('',#12333,#12338);
#12338=VECTOR('',#12339,0.254);
#12339=DIRECTION('',(-1.0,0.0,0.0));
#12330=ORIENTED_EDGE('',*,*,#12331,.F.);
#12343=CARTESIAN_POINT('',(43.561,-23.063,-2.54));
#12342=VERTEX_POINT('',#12343);
#12341=EDGE_CURVE('',#12342,#12332,#12346,.T.);
#12346=LINE('',#12343,#12348);
#12348=VECTOR('',#12349,0.4064);
#12349=DIRECTION('',(0.0,1.0,0.0));
#12340=ORIENTED_EDGE('',*,*,#12341,.F.);
#12351=EDGE_CURVE('',#12324,#12342,#12356,.T.);
#12356=LINE('',#12325,#12358);
#12358=VECTOR('',#12359,0.254);
#12359=DIRECTION('',(1.0,0.0,0.0));
#12350=ORIENTED_EDGE('',*,*,#12351,.F.);
#12360=STYLED_ITEM('',(#34),#12361);
#12361=ADVANCED_FACE('',(#12367),#12362,.T.);
#12362=PLANE('',#12363);
#12363=AXIS2_PLACEMENT_3D('',#12364,#12365,#12366);
#12364=CARTESIAN_POINT('',(43.307,-23.063,-2.54));
#12365=DIRECTION('',(0.0,-1.0,0.0));
#12366=DIRECTION('',(0.,0.,1.));
#12367=FACE_OUTER_BOUND('',#12368,.T.);
#12368=EDGE_LOOP('',(#12369,#12379,#12389,#12399));
#12369=ORIENTED_EDGE('',*,*,#12351,.T.);
#12382=CARTESIAN_POINT('',(43.561,-23.063,0.0));
#12381=VERTEX_POINT('',#12382);
#12380=EDGE_CURVE('',#12381,#12342,#12385,.T.);
#12385=LINE('',#12382,#12387);
#12387=VECTOR('',#12388,2.54);
#12388=DIRECTION('',(0.0,0.0,-1.0));
#12379=ORIENTED_EDGE('',*,*,#12380,.F.);
#12392=CARTESIAN_POINT('',(43.307,-23.063,0.0));
#12391=VERTEX_POINT('',#12392);
#12390=EDGE_CURVE('',#12391,#12381,#12395,.T.);
#12395=LINE('',#12392,#12397);
#12397=VECTOR('',#12398,0.254);
#12398=DIRECTION('',(1.0,0.0,0.0));
#12389=ORIENTED_EDGE('',*,*,#12390,.F.);
#12400=EDGE_CURVE('',#12324,#12391,#12405,.T.);
#12405=LINE('',#12325,#12407);
#12407=VECTOR('',#12408,2.54);
#12408=DIRECTION('',(0.0,0.0,1.0));
#12399=ORIENTED_EDGE('',*,*,#12400,.F.);
#12409=STYLED_ITEM('',(#34),#12410);
#12410=ADVANCED_FACE('',(#12416),#12411,.T.);
#12411=PLANE('',#12412);
#12412=AXIS2_PLACEMENT_3D('',#12413,#12414,#12415);
#12413=CARTESIAN_POINT('',(43.561,-23.063,-2.54));
#12414=DIRECTION('',(1.0,0.0,0.0));
#12415=DIRECTION('',(0.,0.,1.));
#12416=FACE_OUTER_BOUND('',#12417,.T.);
#12417=EDGE_LOOP('',(#12418,#12428,#12438,#12448,#12458,#12468,#12478,#12488));
#12418=ORIENTED_EDGE('',*,*,#12341,.T.);
#12431=CARTESIAN_POINT('',(43.561,-22.657,0.0));
#12430=VERTEX_POINT('',#12431);
#12429=EDGE_CURVE('',#12430,#12332,#12434,.T.);
#12434=LINE('',#12431,#12436);
#12436=VECTOR('',#12437,2.54);
#12437=DIRECTION('',(0.0,0.0,-1.0));
#12428=ORIENTED_EDGE('',*,*,#12429,.F.);
#12441=CARTESIAN_POINT('',(43.561,-22.2,0.0));
#12440=VERTEX_POINT('',#12441);
#12439=EDGE_CURVE('',#12440,#12430,#12444,.T.);
#12444=LINE('',#12441,#12446);
#12446=VECTOR('',#12447,0.4572);
#12447=DIRECTION('',(0.0,-1.0,0.0));
#12438=ORIENTED_EDGE('',*,*,#12439,.F.);
#12451=CARTESIAN_POINT('',(43.561,-22.2,1.651));
#12450=VERTEX_POINT('',#12451);
#12449=EDGE_CURVE('',#12450,#12440,#12454,.T.);
#12454=LINE('',#12451,#12456);
#12456=VECTOR('',#12457,1.651);
#12457=DIRECTION('',(0.0,0.0,-1.0));
#12448=ORIENTED_EDGE('',*,*,#12449,.F.);
#12461=CARTESIAN_POINT('',(43.561,-23.52,1.651));
#12460=VERTEX_POINT('',#12461);
#12459=EDGE_CURVE('',#12460,#12450,#12464,.T.);
#12464=LINE('',#12461,#12466);
#12466=VECTOR('',#12467,1.3208);
#12467=DIRECTION('',(0.0,1.0,0.0));
#12458=ORIENTED_EDGE('',*,*,#12459,.F.);
#12471=CARTESIAN_POINT('',(43.561,-23.52,0.0));
#12470=VERTEX_POINT('',#12471);
#12469=EDGE_CURVE('',#12470,#12460,#12474,.T.);
#12474=LINE('',#12471,#12476);
#12476=VECTOR('',#12477,1.651);
#12477=DIRECTION('',(0.0,0.0,1.0));
#12468=ORIENTED_EDGE('',*,*,#12469,.F.);
#12479=EDGE_CURVE('',#12381,#12470,#12484,.T.);
#12484=LINE('',#12382,#12486);
#12486=VECTOR('',#12487,0.4572);
#12487=DIRECTION('',(0.0,-1.0,0.0));
#12478=ORIENTED_EDGE('',*,*,#12479,.F.);
#12488=ORIENTED_EDGE('',*,*,#12380,.T.);
#12498=STYLED_ITEM('',(#34),#12499);
#12499=ADVANCED_FACE('',(#12505),#12500,.T.);
#12500=PLANE('',#12501);
#12501=AXIS2_PLACEMENT_3D('',#12502,#12503,#12504);
#12502=CARTESIAN_POINT('',(43.561,-22.657,-2.54));
#12503=DIRECTION('',(0.0,1.0,0.0));
#12504=DIRECTION('',(0.,0.,1.));
#12505=FACE_OUTER_BOUND('',#12506,.T.);
#12506=EDGE_LOOP('',(#12507,#12517,#12527,#12537));
#12507=ORIENTED_EDGE('',*,*,#12331,.T.);
#12520=CARTESIAN_POINT('',(43.307,-22.657,0.0));
#12519=VERTEX_POINT('',#12520);
#12518=EDGE_CURVE('',#12519,#12322,#12523,.T.);
#12523=LINE('',#12520,#12525);
#12525=VECTOR('',#12526,2.54);
#12526=DIRECTION('',(0.0,0.0,-1.0));
#12517=ORIENTED_EDGE('',*,*,#12518,.F.);
#12528=EDGE_CURVE('',#12430,#12519,#12533,.T.);
#12533=LINE('',#12431,#12535);
#12535=VECTOR('',#12536,0.254);
#12536=DIRECTION('',(-1.0,0.0,0.0));
#12527=ORIENTED_EDGE('',*,*,#12528,.F.);
#12537=ORIENTED_EDGE('',*,*,#12429,.T.);
#12547=STYLED_ITEM('',(#34),#12548);
#12548=ADVANCED_FACE('',(#12554),#12549,.T.);
#12549=PLANE('',#12550);
#12550=AXIS2_PLACEMENT_3D('',#12551,#12552,#12553);
#12551=CARTESIAN_POINT('',(43.307,-22.657,-2.54));
#12552=DIRECTION('',(-1.0,0.0,0.0));
#12553=DIRECTION('',(0.,0.,1.));
#12554=FACE_OUTER_BOUND('',#12555,.T.);
#12555=EDGE_LOOP('',(#12556,#12566,#12576,#12586,#12596,#12606,#12616,#12626));
#12556=ORIENTED_EDGE('',*,*,#12321,.T.);
#12566=ORIENTED_EDGE('',*,*,#12400,.T.);
#12579=CARTESIAN_POINT('',(43.307,-23.52,0.0));
#12578=VERTEX_POINT('',#12579);
#12577=EDGE_CURVE('',#12578,#12391,#12582,.T.);
#12582=LINE('',#12579,#12584);
#12584=VECTOR('',#12585,0.4572);
#12585=DIRECTION('',(0.0,1.0,0.0));
#12576=ORIENTED_EDGE('',*,*,#12577,.F.);
#12589=CARTESIAN_POINT('',(43.307,-23.52,1.397));
#12588=VERTEX_POINT('',#12589);
#12587=EDGE_CURVE('',#12588,#12578,#12592,.T.);
#12592=LINE('',#12589,#12594);
#12594=VECTOR('',#12595,1.397);
#12595=DIRECTION('',(0.0,0.0,-1.0));
#12586=ORIENTED_EDGE('',*,*,#12587,.F.);
#12599=CARTESIAN_POINT('',(43.307,-22.2,1.397));
#12598=VERTEX_POINT('',#12599);
#12597=EDGE_CURVE('',#12598,#12588,#12602,.T.);
#12602=LINE('',#12599,#12604);
#12604=VECTOR('',#12605,1.3208);
#12605=DIRECTION('',(0.0,-1.0,0.0));
#12596=ORIENTED_EDGE('',*,*,#12597,.F.);
#12609=CARTESIAN_POINT('',(43.307,-22.2,0.0));
#12608=VERTEX_POINT('',#12609);
#12607=EDGE_CURVE('',#12608,#12598,#12612,.T.);
#12612=LINE('',#12609,#12614);
#12614=VECTOR('',#12615,1.397);
#12615=DIRECTION('',(0.0,0.0,1.0));
#12606=ORIENTED_EDGE('',*,*,#12607,.F.);
#12617=EDGE_CURVE('',#12519,#12608,#12622,.T.);
#12622=LINE('',#12520,#12624);
#12624=VECTOR('',#12625,0.4572);
#12625=DIRECTION('',(0.0,1.0,0.0));
#12616=ORIENTED_EDGE('',*,*,#12617,.F.);
#12626=ORIENTED_EDGE('',*,*,#12518,.T.);
#12636=STYLED_ITEM('',(#34),#12637);
#12637=ADVANCED_FACE('',(#12643),#12638,.T.);
#12638=PLANE('',#12639);
#12639=AXIS2_PLACEMENT_3D('',#12640,#12641,#12642);
#12640=CARTESIAN_POINT('',(43.307,-23.063,0.0));
#12641=DIRECTION('',(0.0,0.0,-1.0));
#12642=DIRECTION('',(0.,1.,0.));
#12643=FACE_OUTER_BOUND('',#12644,.T.);
#12644=EDGE_LOOP('',(#12645,#12655,#12665,#12675));
#12645=ORIENTED_EDGE('',*,*,#12390,.T.);
#12655=ORIENTED_EDGE('',*,*,#12479,.T.);
#12666=EDGE_CURVE('',#12578,#12470,#12671,.T.);
#12671=LINE('',#12579,#12673);
#12673=VECTOR('',#12674,0.254);
#12674=DIRECTION('',(1.0,0.0,0.0));
#12665=ORIENTED_EDGE('',*,*,#12666,.F.);
#12675=ORIENTED_EDGE('',*,*,#12577,.T.);
#12685=STYLED_ITEM('',(#34),#12686);
#12686=ADVANCED_FACE('',(#12692),#12687,.T.);
#12687=PLANE('',#12688);
#12688=AXIS2_PLACEMENT_3D('',#12689,#12690,#12691);
#12689=CARTESIAN_POINT('',(43.307,-22.2,0.0));
#12690=DIRECTION('',(0.0,0.0,-1.0));
#12691=DIRECTION('',(0.,1.,0.));
#12692=FACE_OUTER_BOUND('',#12693,.T.);
#12693=EDGE_LOOP('',(#12694,#12704,#12714,#12724));
#12695=EDGE_CURVE('',#12440,#12608,#12700,.T.);
#12700=LINE('',#12441,#12702);
#12702=VECTOR('',#12703,0.254);
#12703=DIRECTION('',(-1.0,0.0,0.0));
#12694=ORIENTED_EDGE('',*,*,#12695,.F.);
#12704=ORIENTED_EDGE('',*,*,#12439,.T.);
#12714=ORIENTED_EDGE('',*,*,#12528,.T.);
#12724=ORIENTED_EDGE('',*,*,#12617,.T.);
#12734=STYLED_ITEM('',(#34),#12735);
#12735=ADVANCED_FACE('',(#12741),#12736,.T.);
#12736=PLANE('',#12737);
#12737=AXIS2_PLACEMENT_3D('',#12738,#12739,#12740);
#12738=CARTESIAN_POINT('',(43.307,-23.52,0.0));
#12739=DIRECTION('',(0.0,-1.0,0.0));
#12740=DIRECTION('',(0.,0.,1.));
#12741=FACE_OUTER_BOUND('',#12742,.T.);
#12742=EDGE_LOOP('',(#12743,#12753,#12763,#12773,#12783,#12793));
#12743=ORIENTED_EDGE('',*,*,#12666,.T.);
#12753=ORIENTED_EDGE('',*,*,#12469,.T.);
#12766=CARTESIAN_POINT('',(43.155,-23.52,1.651));
#12765=VERTEX_POINT('',#12766);
#12764=EDGE_CURVE('',#12765,#12460,#12769,.T.);
#12769=LINE('',#12766,#12771);
#12771=VECTOR('',#12772,0.4064);
#12772=DIRECTION('',(1.0,0.0,0.0));
#12763=ORIENTED_EDGE('',*,*,#12764,.F.);
#12776=CARTESIAN_POINT('',(43.155,-23.52,1.397));
#12775=VERTEX_POINT('',#12776);
#12774=EDGE_CURVE('',#12775,#12765,#12779,.T.);
#12779=LINE('',#12776,#12781);
#12781=VECTOR('',#12782,0.254);
#12782=DIRECTION('',(0.0,0.0,1.0));
#12773=ORIENTED_EDGE('',*,*,#12774,.F.);
#12784=EDGE_CURVE('',#12588,#12775,#12789,.T.);
#12789=LINE('',#12589,#12791);
#12791=VECTOR('',#12792,0.1524);
#12792=DIRECTION('',(-1.0,0.0,0.0));
#12783=ORIENTED_EDGE('',*,*,#12784,.F.);
#12793=ORIENTED_EDGE('',*,*,#12587,.T.);
#12803=STYLED_ITEM('',(#34),#12804);
#12804=ADVANCED_FACE('',(#12810),#12805,.T.);
#12805=PLANE('',#12806);
#12806=AXIS2_PLACEMENT_3D('',#12807,#12808,#12809);
#12807=CARTESIAN_POINT('',(43.561,-22.2,0.0));
#12808=DIRECTION('',(0.0,1.0,0.0));
#12809=DIRECTION('',(0.,0.,1.));
#12810=FACE_OUTER_BOUND('',#12811,.T.);
#12811=EDGE_LOOP('',(#12812,#12822,#12832,#12842,#12852,#12862));
#12812=ORIENTED_EDGE('',*,*,#12695,.T.);
#12822=ORIENTED_EDGE('',*,*,#12607,.T.);
#12835=CARTESIAN_POINT('',(43.155,-22.2,1.397));
#12834=VERTEX_POINT('',#12835);
#12833=EDGE_CURVE('',#12834,#12598,#12838,.T.);
#12838=LINE('',#12835,#12840);
#12840=VECTOR('',#12841,0.1524);
#12841=DIRECTION('',(1.0,0.0,0.0));
#12832=ORIENTED_EDGE('',*,*,#12833,.F.);
#12845=CARTESIAN_POINT('',(43.155,-22.2,1.651));
#12844=VERTEX_POINT('',#12845);
#12843=EDGE_CURVE('',#12844,#12834,#12848,.T.);
#12848=LINE('',#12845,#12850);
#12850=VECTOR('',#12851,0.254);
#12851=DIRECTION('',(0.0,0.0,-1.0));
#12842=ORIENTED_EDGE('',*,*,#12843,.F.);
#12853=EDGE_CURVE('',#12450,#12844,#12858,.T.);
#12858=LINE('',#12451,#12860);
#12860=VECTOR('',#12861,0.4064);
#12861=DIRECTION('',(-1.0,0.0,0.0));
#12852=ORIENTED_EDGE('',*,*,#12853,.F.);
#12862=ORIENTED_EDGE('',*,*,#12449,.T.);
#12872=STYLED_ITEM('',(#34),#12873);
#12873=ADVANCED_FACE('',(#12879),#12874,.T.);
#12874=PLANE('',#12875);
#12875=AXIS2_PLACEMENT_3D('',#12876,#12877,#12878);
#12876=CARTESIAN_POINT('',(43.155,-22.2,1.397));
#12877=DIRECTION('',(0.0,0.0,-1.0));
#12878=DIRECTION('',(0.,1.,0.));
#12879=FACE_OUTER_BOUND('',#12880,.T.);
#12880=EDGE_LOOP('',(#12881,#12891,#12901,#12911));
#12881=ORIENTED_EDGE('',*,*,#12833,.T.);
#12891=ORIENTED_EDGE('',*,*,#12597,.T.);
#12901=ORIENTED_EDGE('',*,*,#12784,.T.);
#12912=EDGE_CURVE('',#12834,#12775,#12917,.T.);
#12917=LINE('',#12835,#12919);
#12919=VECTOR('',#12920,1.3208);
#12920=DIRECTION('',(0.0,-1.0,0.0));
#12911=ORIENTED_EDGE('',*,*,#12912,.F.);
#12921=STYLED_ITEM('',(#34),#12922);
#12922=ADVANCED_FACE('',(#12928),#12923,.T.);
#12923=PLANE('',#12924);
#12924=AXIS2_PLACEMENT_3D('',#12925,#12926,#12927);
#12925=CARTESIAN_POINT('',(43.155,-22.2,1.397));
#12926=DIRECTION('',(-1.0,0.0,0.0));
#12927=DIRECTION('',(0.,0.,1.));
#12928=FACE_OUTER_BOUND('',#12929,.T.);
#12929=EDGE_LOOP('',(#12930,#12940,#12950,#12960));
#12930=ORIENTED_EDGE('',*,*,#12912,.T.);
#12940=ORIENTED_EDGE('',*,*,#12774,.T.);
#12951=EDGE_CURVE('',#12844,#12765,#12956,.T.);
#12956=LINE('',#12845,#12958);
#12958=VECTOR('',#12959,1.3208);
#12959=DIRECTION('',(0.0,-1.0,0.0));
#12950=ORIENTED_EDGE('',*,*,#12951,.F.);
#12960=ORIENTED_EDGE('',*,*,#12843,.T.);
#12970=STYLED_ITEM('',(#34),#12971);
#12971=ADVANCED_FACE('',(#12977),#12972,.T.);
#12972=PLANE('',#12973);
#12973=AXIS2_PLACEMENT_3D('',#12974,#12975,#12976);
#12974=CARTESIAN_POINT('',(43.155,-23.52,1.651));
#12975=DIRECTION('',(0.0,0.0,1.0));
#12976=DIRECTION('',(0.,1.,0.));
#12977=FACE_OUTER_BOUND('',#12978,.T.);
#12978=EDGE_LOOP('',(#12979,#12989,#12999,#13009));
#12979=ORIENTED_EDGE('',*,*,#12764,.T.);
#12989=ORIENTED_EDGE('',*,*,#12459,.T.);
#12999=ORIENTED_EDGE('',*,*,#12853,.T.);
#13009=ORIENTED_EDGE('',*,*,#12951,.T.);
#13020=MANIFOLD_SOLID_BREP($,#13021);
#13021=CLOSED_SHELL('',(#13023,#13072,#13121,#13210,#13259,#13348,#13397,#13446,#13515,#13584,#13633,#13682));
#13022=STYLED_ITEM('',(#34),#13023);
#13023=ADVANCED_FACE('',(#13029),#13024,.T.);
#13024=PLANE('',#13025);
#13025=AXIS2_PLACEMENT_3D('',#13026,#13027,#13028);
#13026=CARTESIAN_POINT('',(43.307,-20.523,-2.54));
#13027=DIRECTION('',(0.0,0.0,-1.0));
#13028=DIRECTION('',(0.,1.,0.));
#13029=FACE_OUTER_BOUND('',#13030,.T.);
#13030=EDGE_LOOP('',(#13031,#13041,#13051,#13061));
#13034=CARTESIAN_POINT('',(43.307,-20.117,-2.54));
#13033=VERTEX_POINT('',#13034);
#13036=CARTESIAN_POINT('',(43.307,-20.523,-2.54));
#13035=VERTEX_POINT('',#13036);
#13032=EDGE_CURVE('',#13033,#13035,#13037,.T.);
#13037=LINE('',#13034,#13039);
#13039=VECTOR('',#13040,0.4064);
#13040=DIRECTION('',(0.0,-1.0,0.0));
#13031=ORIENTED_EDGE('',*,*,#13032,.F.);
#13044=CARTESIAN_POINT('',(43.561,-20.117,-2.54));
#13043=VERTEX_POINT('',#13044);
#13042=EDGE_CURVE('',#13043,#13033,#13047,.T.);
#13047=LINE('',#13044,#13049);
#13049=VECTOR('',#13050,0.254);
#13050=DIRECTION('',(-1.0,0.0,0.0));
#13041=ORIENTED_EDGE('',*,*,#13042,.F.);
#13054=CARTESIAN_POINT('',(43.561,-20.523,-2.54));
#13053=VERTEX_POINT('',#13054);
#13052=EDGE_CURVE('',#13053,#13043,#13057,.T.);
#13057=LINE('',#13054,#13059);
#13059=VECTOR('',#13060,0.4064);
#13060=DIRECTION('',(0.0,1.0,0.0));
#13051=ORIENTED_EDGE('',*,*,#13052,.F.);
#13062=EDGE_CURVE('',#13035,#13053,#13067,.T.);
#13067=LINE('',#13036,#13069);
#13069=VECTOR('',#13070,0.254);
#13070=DIRECTION('',(1.0,0.0,0.0));
#13061=ORIENTED_EDGE('',*,*,#13062,.F.);
#13071=STYLED_ITEM('',(#34),#13072);
#13072=ADVANCED_FACE('',(#13078),#13073,.T.);
#13073=PLANE('',#13074);
#13074=AXIS2_PLACEMENT_3D('',#13075,#13076,#13077);
#13075=CARTESIAN_POINT('',(43.307,-20.523,-2.54));
#13076=DIRECTION('',(0.0,-1.0,0.0));
#13077=DIRECTION('',(0.,0.,1.));
#13078=FACE_OUTER_BOUND('',#13079,.T.);
#13079=EDGE_LOOP('',(#13080,#13090,#13100,#13110));
#13080=ORIENTED_EDGE('',*,*,#13062,.T.);
#13093=CARTESIAN_POINT('',(43.561,-20.523,0.0));
#13092=VERTEX_POINT('',#13093);
#13091=EDGE_CURVE('',#13092,#13053,#13096,.T.);
#13096=LINE('',#13093,#13098);
#13098=VECTOR('',#13099,2.54);
#13099=DIRECTION('',(0.0,0.0,-1.0));
#13090=ORIENTED_EDGE('',*,*,#13091,.F.);
#13103=CARTESIAN_POINT('',(43.307,-20.523,0.0));
#13102=VERTEX_POINT('',#13103);
#13101=EDGE_CURVE('',#13102,#13092,#13106,.T.);
#13106=LINE('',#13103,#13108);
#13108=VECTOR('',#13109,0.254);
#13109=DIRECTION('',(1.0,0.0,0.0));
#13100=ORIENTED_EDGE('',*,*,#13101,.F.);
#13111=EDGE_CURVE('',#13035,#13102,#13116,.T.);
#13116=LINE('',#13036,#13118);
#13118=VECTOR('',#13119,2.54);
#13119=DIRECTION('',(0.0,0.0,1.0));
#13110=ORIENTED_EDGE('',*,*,#13111,.F.);
#13120=STYLED_ITEM('',(#34),#13121);
#13121=ADVANCED_FACE('',(#13127),#13122,.T.);
#13122=PLANE('',#13123);
#13123=AXIS2_PLACEMENT_3D('',#13124,#13125,#13126);
#13124=CARTESIAN_POINT('',(43.561,-20.523,-2.54));
#13125=DIRECTION('',(1.0,0.0,0.0));
#13126=DIRECTION('',(0.,0.,1.));
#13127=FACE_OUTER_BOUND('',#13128,.T.);
#13128=EDGE_LOOP('',(#13129,#13139,#13149,#13159,#13169,#13179,#13189,#13199));
#13129=ORIENTED_EDGE('',*,*,#13052,.T.);
#13142=CARTESIAN_POINT('',(43.561,-20.117,0.0));
#13141=VERTEX_POINT('',#13142);
#13140=EDGE_CURVE('',#13141,#13043,#13145,.T.);
#13145=LINE('',#13142,#13147);
#13147=VECTOR('',#13148,2.54);
#13148=DIRECTION('',(0.0,0.0,-1.0));
#13139=ORIENTED_EDGE('',*,*,#13140,.F.);
#13152=CARTESIAN_POINT('',(43.561,-19.66,0.0));
#13151=VERTEX_POINT('',#13152);
#13150=EDGE_CURVE('',#13151,#13141,#13155,.T.);
#13155=LINE('',#13152,#13157);
#13157=VECTOR('',#13158,0.4572);
#13158=DIRECTION('',(0.0,-1.0,0.0));
#13149=ORIENTED_EDGE('',*,*,#13150,.F.);
#13162=CARTESIAN_POINT('',(43.561,-19.66,1.651));
#13161=VERTEX_POINT('',#13162);
#13160=EDGE_CURVE('',#13161,#13151,#13165,.T.);
#13165=LINE('',#13162,#13167);
#13167=VECTOR('',#13168,1.651);
#13168=DIRECTION('',(0.0,0.0,-1.0));
#13159=ORIENTED_EDGE('',*,*,#13160,.F.);
#13172=CARTESIAN_POINT('',(43.561,-20.98,1.651));
#13171=VERTEX_POINT('',#13172);
#13170=EDGE_CURVE('',#13171,#13161,#13175,.T.);
#13175=LINE('',#13172,#13177);
#13177=VECTOR('',#13178,1.3208);
#13178=DIRECTION('',(0.0,1.0,0.0));
#13169=ORIENTED_EDGE('',*,*,#13170,.F.);
#13182=CARTESIAN_POINT('',(43.561,-20.98,0.0));
#13181=VERTEX_POINT('',#13182);
#13180=EDGE_CURVE('',#13181,#13171,#13185,.T.);
#13185=LINE('',#13182,#13187);
#13187=VECTOR('',#13188,1.651);
#13188=DIRECTION('',(0.0,0.0,1.0));
#13179=ORIENTED_EDGE('',*,*,#13180,.F.);
#13190=EDGE_CURVE('',#13092,#13181,#13195,.T.);
#13195=LINE('',#13093,#13197);
#13197=VECTOR('',#13198,0.4572);
#13198=DIRECTION('',(0.0,-1.0,0.0));
#13189=ORIENTED_EDGE('',*,*,#13190,.F.);
#13199=ORIENTED_EDGE('',*,*,#13091,.T.);
#13209=STYLED_ITEM('',(#34),#13210);
#13210=ADVANCED_FACE('',(#13216),#13211,.T.);
#13211=PLANE('',#13212);
#13212=AXIS2_PLACEMENT_3D('',#13213,#13214,#13215);
#13213=CARTESIAN_POINT('',(43.561,-20.117,-2.54));
#13214=DIRECTION('',(0.0,1.0,0.0));
#13215=DIRECTION('',(0.,0.,1.));
#13216=FACE_OUTER_BOUND('',#13217,.T.);
#13217=EDGE_LOOP('',(#13218,#13228,#13238,#13248));
#13218=ORIENTED_EDGE('',*,*,#13042,.T.);
#13231=CARTESIAN_POINT('',(43.307,-20.117,0.0));
#13230=VERTEX_POINT('',#13231);
#13229=EDGE_CURVE('',#13230,#13033,#13234,.T.);
#13234=LINE('',#13231,#13236);
#13236=VECTOR('',#13237,2.54);
#13237=DIRECTION('',(0.0,0.0,-1.0));
#13228=ORIENTED_EDGE('',*,*,#13229,.F.);
#13239=EDGE_CURVE('',#13141,#13230,#13244,.T.);
#13244=LINE('',#13142,#13246);
#13246=VECTOR('',#13247,0.254);
#13247=DIRECTION('',(-1.0,0.0,0.0));
#13238=ORIENTED_EDGE('',*,*,#13239,.F.);
#13248=ORIENTED_EDGE('',*,*,#13140,.T.);
#13258=STYLED_ITEM('',(#34),#13259);
#13259=ADVANCED_FACE('',(#13265),#13260,.T.);
#13260=PLANE('',#13261);
#13261=AXIS2_PLACEMENT_3D('',#13262,#13263,#13264);
#13262=CARTESIAN_POINT('',(43.307,-20.117,-2.54));
#13263=DIRECTION('',(-1.0,0.0,0.0));
#13264=DIRECTION('',(0.,0.,1.));
#13265=FACE_OUTER_BOUND('',#13266,.T.);
#13266=EDGE_LOOP('',(#13267,#13277,#13287,#13297,#13307,#13317,#13327,#13337));
#13267=ORIENTED_EDGE('',*,*,#13032,.T.);
#13277=ORIENTED_EDGE('',*,*,#13111,.T.);
#13290=CARTESIAN_POINT('',(43.307,-20.98,0.0));
#13289=VERTEX_POINT('',#13290);
#13288=EDGE_CURVE('',#13289,#13102,#13293,.T.);
#13293=LINE('',#13290,#13295);
#13295=VECTOR('',#13296,0.4572);
#13296=DIRECTION('',(0.0,1.0,0.0));
#13287=ORIENTED_EDGE('',*,*,#13288,.F.);
#13300=CARTESIAN_POINT('',(43.307,-20.98,1.397));
#13299=VERTEX_POINT('',#13300);
#13298=EDGE_CURVE('',#13299,#13289,#13303,.T.);
#13303=LINE('',#13300,#13305);
#13305=VECTOR('',#13306,1.397);
#13306=DIRECTION('',(0.0,0.0,-1.0));
#13297=ORIENTED_EDGE('',*,*,#13298,.F.);
#13310=CARTESIAN_POINT('',(43.307,-19.66,1.397));
#13309=VERTEX_POINT('',#13310);
#13308=EDGE_CURVE('',#13309,#13299,#13313,.T.);
#13313=LINE('',#13310,#13315);
#13315=VECTOR('',#13316,1.3208);
#13316=DIRECTION('',(0.0,-1.0,0.0));
#13307=ORIENTED_EDGE('',*,*,#13308,.F.);
#13320=CARTESIAN_POINT('',(43.307,-19.66,0.0));
#13319=VERTEX_POINT('',#13320);
#13318=EDGE_CURVE('',#13319,#13309,#13323,.T.);
#13323=LINE('',#13320,#13325);
#13325=VECTOR('',#13326,1.397);
#13326=DIRECTION('',(0.0,0.0,1.0));
#13317=ORIENTED_EDGE('',*,*,#13318,.F.);
#13328=EDGE_CURVE('',#13230,#13319,#13333,.T.);
#13333=LINE('',#13231,#13335);
#13335=VECTOR('',#13336,0.4572);
#13336=DIRECTION('',(0.0,1.0,0.0));
#13327=ORIENTED_EDGE('',*,*,#13328,.F.);
#13337=ORIENTED_EDGE('',*,*,#13229,.T.);
#13347=STYLED_ITEM('',(#34),#13348);
#13348=ADVANCED_FACE('',(#13354),#13349,.T.);
#13349=PLANE('',#13350);
#13350=AXIS2_PLACEMENT_3D('',#13351,#13352,#13353);
#13351=CARTESIAN_POINT('',(43.307,-20.523,0.0));
#13352=DIRECTION('',(0.0,0.0,-1.0));
#13353=DIRECTION('',(0.,1.,0.));
#13354=FACE_OUTER_BOUND('',#13355,.T.);
#13355=EDGE_LOOP('',(#13356,#13366,#13376,#13386));
#13356=ORIENTED_EDGE('',*,*,#13101,.T.);
#13366=ORIENTED_EDGE('',*,*,#13190,.T.);
#13377=EDGE_CURVE('',#13289,#13181,#13382,.T.);
#13382=LINE('',#13290,#13384);
#13384=VECTOR('',#13385,0.254);
#13385=DIRECTION('',(1.0,0.0,0.0));
#13376=ORIENTED_EDGE('',*,*,#13377,.F.);
#13386=ORIENTED_EDGE('',*,*,#13288,.T.);
#13396=STYLED_ITEM('',(#34),#13397);
#13397=ADVANCED_FACE('',(#13403),#13398,.T.);
#13398=PLANE('',#13399);
#13399=AXIS2_PLACEMENT_3D('',#13400,#13401,#13402);
#13400=CARTESIAN_POINT('',(43.307,-19.66,0.0));
#13401=DIRECTION('',(0.0,0.0,-1.0));
#13402=DIRECTION('',(0.,1.,0.));
#13403=FACE_OUTER_BOUND('',#13404,.T.);
#13404=EDGE_LOOP('',(#13405,#13415,#13425,#13435));
#13406=EDGE_CURVE('',#13151,#13319,#13411,.T.);
#13411=LINE('',#13152,#13413);
#13413=VECTOR('',#13414,0.254);
#13414=DIRECTION('',(-1.0,0.0,0.0));
#13405=ORIENTED_EDGE('',*,*,#13406,.F.);
#13415=ORIENTED_EDGE('',*,*,#13150,.T.);
#13425=ORIENTED_EDGE('',*,*,#13239,.T.);
#13435=ORIENTED_EDGE('',*,*,#13328,.T.);
#13445=STYLED_ITEM('',(#34),#13446);
#13446=ADVANCED_FACE('',(#13452),#13447,.T.);
#13447=PLANE('',#13448);
#13448=AXIS2_PLACEMENT_3D('',#13449,#13450,#13451);
#13449=CARTESIAN_POINT('',(43.307,-20.98,0.0));
#13450=DIRECTION('',(0.0,-1.0,0.0));
#13451=DIRECTION('',(0.,0.,1.));
#13452=FACE_OUTER_BOUND('',#13453,.T.);
#13453=EDGE_LOOP('',(#13454,#13464,#13474,#13484,#13494,#13504));
#13454=ORIENTED_EDGE('',*,*,#13377,.T.);
#13464=ORIENTED_EDGE('',*,*,#13180,.T.);
#13477=CARTESIAN_POINT('',(43.155,-20.98,1.651));
#13476=VERTEX_POINT('',#13477);
#13475=EDGE_CURVE('',#13476,#13171,#13480,.T.);
#13480=LINE('',#13477,#13482);
#13482=VECTOR('',#13483,0.4064);
#13483=DIRECTION('',(1.0,0.0,0.0));
#13474=ORIENTED_EDGE('',*,*,#13475,.F.);
#13487=CARTESIAN_POINT('',(43.155,-20.98,1.397));
#13486=VERTEX_POINT('',#13487);
#13485=EDGE_CURVE('',#13486,#13476,#13490,.T.);
#13490=LINE('',#13487,#13492);
#13492=VECTOR('',#13493,0.254);
#13493=DIRECTION('',(0.0,0.0,1.0));
#13484=ORIENTED_EDGE('',*,*,#13485,.F.);
#13495=EDGE_CURVE('',#13299,#13486,#13500,.T.);
#13500=LINE('',#13300,#13502);
#13502=VECTOR('',#13503,0.1524);
#13503=DIRECTION('',(-1.0,0.0,0.0));
#13494=ORIENTED_EDGE('',*,*,#13495,.F.);
#13504=ORIENTED_EDGE('',*,*,#13298,.T.);
#13514=STYLED_ITEM('',(#34),#13515);
#13515=ADVANCED_FACE('',(#13521),#13516,.T.);
#13516=PLANE('',#13517);
#13517=AXIS2_PLACEMENT_3D('',#13518,#13519,#13520);
#13518=CARTESIAN_POINT('',(43.561,-19.66,0.0));
#13519=DIRECTION('',(0.0,1.0,0.0));
#13520=DIRECTION('',(0.,0.,1.));
#13521=FACE_OUTER_BOUND('',#13522,.T.);
#13522=EDGE_LOOP('',(#13523,#13533,#13543,#13553,#13563,#13573));
#13523=ORIENTED_EDGE('',*,*,#13406,.T.);
#13533=ORIENTED_EDGE('',*,*,#13318,.T.);
#13546=CARTESIAN_POINT('',(43.155,-19.66,1.397));
#13545=VERTEX_POINT('',#13546);
#13544=EDGE_CURVE('',#13545,#13309,#13549,.T.);
#13549=LINE('',#13546,#13551);
#13551=VECTOR('',#13552,0.1524);
#13552=DIRECTION('',(1.0,0.0,0.0));
#13543=ORIENTED_EDGE('',*,*,#13544,.F.);
#13556=CARTESIAN_POINT('',(43.155,-19.66,1.651));
#13555=VERTEX_POINT('',#13556);
#13554=EDGE_CURVE('',#13555,#13545,#13559,.T.);
#13559=LINE('',#13556,#13561);
#13561=VECTOR('',#13562,0.254);
#13562=DIRECTION('',(0.0,0.0,-1.0));
#13553=ORIENTED_EDGE('',*,*,#13554,.F.);
#13564=EDGE_CURVE('',#13161,#13555,#13569,.T.);
#13569=LINE('',#13162,#13571);
#13571=VECTOR('',#13572,0.4064);
#13572=DIRECTION('',(-1.0,0.0,0.0));
#13563=ORIENTED_EDGE('',*,*,#13564,.F.);
#13573=ORIENTED_EDGE('',*,*,#13160,.T.);
#13583=STYLED_ITEM('',(#34),#13584);
#13584=ADVANCED_FACE('',(#13590),#13585,.T.);
#13585=PLANE('',#13586);
#13586=AXIS2_PLACEMENT_3D('',#13587,#13588,#13589);
#13587=CARTESIAN_POINT('',(43.155,-19.66,1.397));
#13588=DIRECTION('',(0.0,0.0,-1.0));
#13589=DIRECTION('',(0.,1.,0.));
#13590=FACE_OUTER_BOUND('',#13591,.T.);
#13591=EDGE_LOOP('',(#13592,#13602,#13612,#13622));
#13592=ORIENTED_EDGE('',*,*,#13544,.T.);
#13602=ORIENTED_EDGE('',*,*,#13308,.T.);
#13612=ORIENTED_EDGE('',*,*,#13495,.T.);
#13623=EDGE_CURVE('',#13545,#13486,#13628,.T.);
#13628=LINE('',#13546,#13630);
#13630=VECTOR('',#13631,1.3208);
#13631=DIRECTION('',(0.0,-1.0,0.0));
#13622=ORIENTED_EDGE('',*,*,#13623,.F.);
#13632=STYLED_ITEM('',(#34),#13633);
#13633=ADVANCED_FACE('',(#13639),#13634,.T.);
#13634=PLANE('',#13635);
#13635=AXIS2_PLACEMENT_3D('',#13636,#13637,#13638);
#13636=CARTESIAN_POINT('',(43.155,-19.66,1.397));
#13637=DIRECTION('',(-1.0,0.0,0.0));
#13638=DIRECTION('',(0.,0.,1.));
#13639=FACE_OUTER_BOUND('',#13640,.T.);
#13640=EDGE_LOOP('',(#13641,#13651,#13661,#13671));
#13641=ORIENTED_EDGE('',*,*,#13623,.T.);
#13651=ORIENTED_EDGE('',*,*,#13485,.T.);
#13662=EDGE_CURVE('',#13555,#13476,#13667,.T.);
#13667=LINE('',#13556,#13669);
#13669=VECTOR('',#13670,1.3208);
#13670=DIRECTION('',(0.0,-1.0,0.0));
#13661=ORIENTED_EDGE('',*,*,#13662,.F.);
#13671=ORIENTED_EDGE('',*,*,#13554,.T.);
#13681=STYLED_ITEM('',(#34),#13682);
#13682=ADVANCED_FACE('',(#13688),#13683,.T.);
#13683=PLANE('',#13684);
#13684=AXIS2_PLACEMENT_3D('',#13685,#13686,#13687);
#13685=CARTESIAN_POINT('',(43.155,-20.98,1.651));
#13686=DIRECTION('',(0.0,0.0,1.0));
#13687=DIRECTION('',(0.,1.,0.));
#13688=FACE_OUTER_BOUND('',#13689,.T.);
#13689=EDGE_LOOP('',(#13690,#13700,#13710,#13720));
#13690=ORIENTED_EDGE('',*,*,#13475,.T.);
#13700=ORIENTED_EDGE('',*,*,#13170,.T.);
#13710=ORIENTED_EDGE('',*,*,#13564,.T.);
#13720=ORIENTED_EDGE('',*,*,#13662,.T.);
#13731=MANIFOLD_SOLID_BREP($,#13732);
#13732=CLOSED_SHELL('',(#13734,#13783,#13832,#13921,#13970,#14059,#14108,#14157,#14226,#14295,#14344,#14393));
#13733=STYLED_ITEM('',(#34),#13734);
#13734=ADVANCED_FACE('',(#13740),#13735,.T.);
#13735=PLANE('',#13736);
#13736=AXIS2_PLACEMENT_3D('',#13737,#13738,#13739);
#13737=CARTESIAN_POINT('',(43.307,-17.983,-2.54));
#13738=DIRECTION('',(0.0,0.0,-1.0));
#13739=DIRECTION('',(0.,1.,0.));
#13740=FACE_OUTER_BOUND('',#13741,.T.);
#13741=EDGE_LOOP('',(#13742,#13752,#13762,#13772));
#13745=CARTESIAN_POINT('',(43.307,-17.577,-2.54));
#13744=VERTEX_POINT('',#13745);
#13747=CARTESIAN_POINT('',(43.307,-17.983,-2.54));
#13746=VERTEX_POINT('',#13747);
#13743=EDGE_CURVE('',#13744,#13746,#13748,.T.);
#13748=LINE('',#13745,#13750);
#13750=VECTOR('',#13751,0.4064);
#13751=DIRECTION('',(0.0,-1.0,0.0));
#13742=ORIENTED_EDGE('',*,*,#13743,.F.);
#13755=CARTESIAN_POINT('',(43.561,-17.577,-2.54));
#13754=VERTEX_POINT('',#13755);
#13753=EDGE_CURVE('',#13754,#13744,#13758,.T.);
#13758=LINE('',#13755,#13760);
#13760=VECTOR('',#13761,0.254);
#13761=DIRECTION('',(-1.0,0.0,0.0));
#13752=ORIENTED_EDGE('',*,*,#13753,.F.);
#13765=CARTESIAN_POINT('',(43.561,-17.983,-2.54));
#13764=VERTEX_POINT('',#13765);
#13763=EDGE_CURVE('',#13764,#13754,#13768,.T.);
#13768=LINE('',#13765,#13770);
#13770=VECTOR('',#13771,0.4064);
#13771=DIRECTION('',(0.0,1.0,0.0));
#13762=ORIENTED_EDGE('',*,*,#13763,.F.);
#13773=EDGE_CURVE('',#13746,#13764,#13778,.T.);
#13778=LINE('',#13747,#13780);
#13780=VECTOR('',#13781,0.254);
#13781=DIRECTION('',(1.0,0.0,0.0));
#13772=ORIENTED_EDGE('',*,*,#13773,.F.);
#13782=STYLED_ITEM('',(#34),#13783);
#13783=ADVANCED_FACE('',(#13789),#13784,.T.);
#13784=PLANE('',#13785);
#13785=AXIS2_PLACEMENT_3D('',#13786,#13787,#13788);
#13786=CARTESIAN_POINT('',(43.307,-17.983,-2.54));
#13787=DIRECTION('',(0.0,-1.0,0.0));
#13788=DIRECTION('',(0.,0.,1.));
#13789=FACE_OUTER_BOUND('',#13790,.T.);
#13790=EDGE_LOOP('',(#13791,#13801,#13811,#13821));
#13791=ORIENTED_EDGE('',*,*,#13773,.T.);
#13804=CARTESIAN_POINT('',(43.561,-17.983,0.0));
#13803=VERTEX_POINT('',#13804);
#13802=EDGE_CURVE('',#13803,#13764,#13807,.T.);
#13807=LINE('',#13804,#13809);
#13809=VECTOR('',#13810,2.54);
#13810=DIRECTION('',(0.0,0.0,-1.0));
#13801=ORIENTED_EDGE('',*,*,#13802,.F.);
#13814=CARTESIAN_POINT('',(43.307,-17.983,0.0));
#13813=VERTEX_POINT('',#13814);
#13812=EDGE_CURVE('',#13813,#13803,#13817,.T.);
#13817=LINE('',#13814,#13819);
#13819=VECTOR('',#13820,0.254);
#13820=DIRECTION('',(1.0,0.0,0.0));
#13811=ORIENTED_EDGE('',*,*,#13812,.F.);
#13822=EDGE_CURVE('',#13746,#13813,#13827,.T.);
#13827=LINE('',#13747,#13829);
#13829=VECTOR('',#13830,2.54);
#13830=DIRECTION('',(0.0,0.0,1.0));
#13821=ORIENTED_EDGE('',*,*,#13822,.F.);
#13831=STYLED_ITEM('',(#34),#13832);
#13832=ADVANCED_FACE('',(#13838),#13833,.T.);
#13833=PLANE('',#13834);
#13834=AXIS2_PLACEMENT_3D('',#13835,#13836,#13837);
#13835=CARTESIAN_POINT('',(43.561,-17.983,-2.54));
#13836=DIRECTION('',(1.0,0.0,0.0));
#13837=DIRECTION('',(0.,0.,1.));
#13838=FACE_OUTER_BOUND('',#13839,.T.);
#13839=EDGE_LOOP('',(#13840,#13850,#13860,#13870,#13880,#13890,#13900,#13910));
#13840=ORIENTED_EDGE('',*,*,#13763,.T.);
#13853=CARTESIAN_POINT('',(43.561,-17.577,0.0));
#13852=VERTEX_POINT('',#13853);
#13851=EDGE_CURVE('',#13852,#13754,#13856,.T.);
#13856=LINE('',#13853,#13858);
#13858=VECTOR('',#13859,2.54);
#13859=DIRECTION('',(0.0,0.0,-1.0));
#13850=ORIENTED_EDGE('',*,*,#13851,.F.);
#13863=CARTESIAN_POINT('',(43.561,-17.12,0.0));
#13862=VERTEX_POINT('',#13863);
#13861=EDGE_CURVE('',#13862,#13852,#13866,.T.);
#13866=LINE('',#13863,#13868);
#13868=VECTOR('',#13869,0.4572);
#13869=DIRECTION('',(0.0,-1.0,0.0));
#13860=ORIENTED_EDGE('',*,*,#13861,.F.);
#13873=CARTESIAN_POINT('',(43.561,-17.12,1.651));
#13872=VERTEX_POINT('',#13873);
#13871=EDGE_CURVE('',#13872,#13862,#13876,.T.);
#13876=LINE('',#13873,#13878);
#13878=VECTOR('',#13879,1.651);
#13879=DIRECTION('',(0.0,0.0,-1.0));
#13870=ORIENTED_EDGE('',*,*,#13871,.F.);
#13883=CARTESIAN_POINT('',(43.561,-18.44,1.651));
#13882=VERTEX_POINT('',#13883);
#13881=EDGE_CURVE('',#13882,#13872,#13886,.T.);
#13886=LINE('',#13883,#13888);
#13888=VECTOR('',#13889,1.3208);
#13889=DIRECTION('',(0.0,1.0,0.0));
#13880=ORIENTED_EDGE('',*,*,#13881,.F.);
#13893=CARTESIAN_POINT('',(43.561,-18.44,0.0));
#13892=VERTEX_POINT('',#13893);
#13891=EDGE_CURVE('',#13892,#13882,#13896,.T.);
#13896=LINE('',#13893,#13898);
#13898=VECTOR('',#13899,1.651);
#13899=DIRECTION('',(0.0,0.0,1.0));
#13890=ORIENTED_EDGE('',*,*,#13891,.F.);
#13901=EDGE_CURVE('',#13803,#13892,#13906,.T.);
#13906=LINE('',#13804,#13908);
#13908=VECTOR('',#13909,0.4572);
#13909=DIRECTION('',(0.0,-1.0,0.0));
#13900=ORIENTED_EDGE('',*,*,#13901,.F.);
#13910=ORIENTED_EDGE('',*,*,#13802,.T.);
#13920=STYLED_ITEM('',(#34),#13921);
#13921=ADVANCED_FACE('',(#13927),#13922,.T.);
#13922=PLANE('',#13923);
#13923=AXIS2_PLACEMENT_3D('',#13924,#13925,#13926);
#13924=CARTESIAN_POINT('',(43.561,-17.577,-2.54));
#13925=DIRECTION('',(0.0,1.0,0.0));
#13926=DIRECTION('',(0.,0.,1.));
#13927=FACE_OUTER_BOUND('',#13928,.T.);
#13928=EDGE_LOOP('',(#13929,#13939,#13949,#13959));
#13929=ORIENTED_EDGE('',*,*,#13753,.T.);
#13942=CARTESIAN_POINT('',(43.307,-17.577,0.0));
#13941=VERTEX_POINT('',#13942);
#13940=EDGE_CURVE('',#13941,#13744,#13945,.T.);
#13945=LINE('',#13942,#13947);
#13947=VECTOR('',#13948,2.54);
#13948=DIRECTION('',(0.0,0.0,-1.0));
#13939=ORIENTED_EDGE('',*,*,#13940,.F.);
#13950=EDGE_CURVE('',#13852,#13941,#13955,.T.);
#13955=LINE('',#13853,#13957);
#13957=VECTOR('',#13958,0.254);
#13958=DIRECTION('',(-1.0,0.0,0.0));
#13949=ORIENTED_EDGE('',*,*,#13950,.F.);
#13959=ORIENTED_EDGE('',*,*,#13851,.T.);
#13969=STYLED_ITEM('',(#34),#13970);
#13970=ADVANCED_FACE('',(#13976),#13971,.T.);
#13971=PLANE('',#13972);
#13972=AXIS2_PLACEMENT_3D('',#13973,#13974,#13975);
#13973=CARTESIAN_POINT('',(43.307,-17.577,-2.54));
#13974=DIRECTION('',(-1.0,0.0,0.0));
#13975=DIRECTION('',(0.,0.,1.));
#13976=FACE_OUTER_BOUND('',#13977,.T.);
#13977=EDGE_LOOP('',(#13978,#13988,#13998,#14008,#14018,#14028,#14038,#14048));
#13978=ORIENTED_EDGE('',*,*,#13743,.T.);
#13988=ORIENTED_EDGE('',*,*,#13822,.T.);
#14001=CARTESIAN_POINT('',(43.307,-18.44,0.0));
#14000=VERTEX_POINT('',#14001);
#13999=EDGE_CURVE('',#14000,#13813,#14004,.T.);
#14004=LINE('',#14001,#14006);
#14006=VECTOR('',#14007,0.4572);
#14007=DIRECTION('',(0.0,1.0,0.0));
#13998=ORIENTED_EDGE('',*,*,#13999,.F.);
#14011=CARTESIAN_POINT('',(43.307,-18.44,1.397));
#14010=VERTEX_POINT('',#14011);
#14009=EDGE_CURVE('',#14010,#14000,#14014,.T.);
#14014=LINE('',#14011,#14016);
#14016=VECTOR('',#14017,1.397);
#14017=DIRECTION('',(0.0,0.0,-1.0));
#14008=ORIENTED_EDGE('',*,*,#14009,.F.);
#14021=CARTESIAN_POINT('',(43.307,-17.12,1.397));
#14020=VERTEX_POINT('',#14021);
#14019=EDGE_CURVE('',#14020,#14010,#14024,.T.);
#14024=LINE('',#14021,#14026);
#14026=VECTOR('',#14027,1.3208);
#14027=DIRECTION('',(0.0,-1.0,0.0));
#14018=ORIENTED_EDGE('',*,*,#14019,.F.);
#14031=CARTESIAN_POINT('',(43.307,-17.12,0.0));
#14030=VERTEX_POINT('',#14031);
#14029=EDGE_CURVE('',#14030,#14020,#14034,.T.);
#14034=LINE('',#14031,#14036);
#14036=VECTOR('',#14037,1.397);
#14037=DIRECTION('',(0.0,0.0,1.0));
#14028=ORIENTED_EDGE('',*,*,#14029,.F.);
#14039=EDGE_CURVE('',#13941,#14030,#14044,.T.);
#14044=LINE('',#13942,#14046);
#14046=VECTOR('',#14047,0.4572);
#14047=DIRECTION('',(0.0,1.0,0.0));
#14038=ORIENTED_EDGE('',*,*,#14039,.F.);
#14048=ORIENTED_EDGE('',*,*,#13940,.T.);
#14058=STYLED_ITEM('',(#34),#14059);
#14059=ADVANCED_FACE('',(#14065),#14060,.T.);
#14060=PLANE('',#14061);
#14061=AXIS2_PLACEMENT_3D('',#14062,#14063,#14064);
#14062=CARTESIAN_POINT('',(43.307,-17.983,0.0));
#14063=DIRECTION('',(0.0,0.0,-1.0));
#14064=DIRECTION('',(0.,1.,0.));
#14065=FACE_OUTER_BOUND('',#14066,.T.);
#14066=EDGE_LOOP('',(#14067,#14077,#14087,#14097));
#14067=ORIENTED_EDGE('',*,*,#13812,.T.);
#14077=ORIENTED_EDGE('',*,*,#13901,.T.);
#14088=EDGE_CURVE('',#14000,#13892,#14093,.T.);
#14093=LINE('',#14001,#14095);
#14095=VECTOR('',#14096,0.254);
#14096=DIRECTION('',(1.0,0.0,0.0));
#14087=ORIENTED_EDGE('',*,*,#14088,.F.);
#14097=ORIENTED_EDGE('',*,*,#13999,.T.);
#14107=STYLED_ITEM('',(#34),#14108);
#14108=ADVANCED_FACE('',(#14114),#14109,.T.);
#14109=PLANE('',#14110);
#14110=AXIS2_PLACEMENT_3D('',#14111,#14112,#14113);
#14111=CARTESIAN_POINT('',(43.307,-17.12,0.0));
#14112=DIRECTION('',(0.0,0.0,-1.0));
#14113=DIRECTION('',(0.,1.,0.));
#14114=FACE_OUTER_BOUND('',#14115,.T.);
#14115=EDGE_LOOP('',(#14116,#14126,#14136,#14146));
#14117=EDGE_CURVE('',#13862,#14030,#14122,.T.);
#14122=LINE('',#13863,#14124);
#14124=VECTOR('',#14125,0.254);
#14125=DIRECTION('',(-1.0,0.0,0.0));
#14116=ORIENTED_EDGE('',*,*,#14117,.F.);
#14126=ORIENTED_EDGE('',*,*,#13861,.T.);
#14136=ORIENTED_EDGE('',*,*,#13950,.T.);
#14146=ORIENTED_EDGE('',*,*,#14039,.T.);
#14156=STYLED_ITEM('',(#34),#14157);
#14157=ADVANCED_FACE('',(#14163),#14158,.T.);
#14158=PLANE('',#14159);
#14159=AXIS2_PLACEMENT_3D('',#14160,#14161,#14162);
#14160=CARTESIAN_POINT('',(43.307,-18.44,0.0));
#14161=DIRECTION('',(0.0,-1.0,0.0));
#14162=DIRECTION('',(0.,0.,1.));
#14163=FACE_OUTER_BOUND('',#14164,.T.);
#14164=EDGE_LOOP('',(#14165,#14175,#14185,#14195,#14205,#14215));
#14165=ORIENTED_EDGE('',*,*,#14088,.T.);
#14175=ORIENTED_EDGE('',*,*,#13891,.T.);
#14188=CARTESIAN_POINT('',(43.155,-18.44,1.651));
#14187=VERTEX_POINT('',#14188);
#14186=EDGE_CURVE('',#14187,#13882,#14191,.T.);
#14191=LINE('',#14188,#14193);
#14193=VECTOR('',#14194,0.4064);
#14194=DIRECTION('',(1.0,0.0,0.0));
#14185=ORIENTED_EDGE('',*,*,#14186,.F.);
#14198=CARTESIAN_POINT('',(43.155,-18.44,1.397));
#14197=VERTEX_POINT('',#14198);
#14196=EDGE_CURVE('',#14197,#14187,#14201,.T.);
#14201=LINE('',#14198,#14203);
#14203=VECTOR('',#14204,0.254);
#14204=DIRECTION('',(0.0,0.0,1.0));
#14195=ORIENTED_EDGE('',*,*,#14196,.F.);
#14206=EDGE_CURVE('',#14010,#14197,#14211,.T.);
#14211=LINE('',#14011,#14213);
#14213=VECTOR('',#14214,0.1524);
#14214=DIRECTION('',(-1.0,0.0,0.0));
#14205=ORIENTED_EDGE('',*,*,#14206,.F.);
#14215=ORIENTED_EDGE('',*,*,#14009,.T.);
#14225=STYLED_ITEM('',(#34),#14226);
#14226=ADVANCED_FACE('',(#14232),#14227,.T.);
#14227=PLANE('',#14228);
#14228=AXIS2_PLACEMENT_3D('',#14229,#14230,#14231);
#14229=CARTESIAN_POINT('',(43.561,-17.12,0.0));
#14230=DIRECTION('',(0.0,1.0,0.0));
#14231=DIRECTION('',(0.,0.,1.));
#14232=FACE_OUTER_BOUND('',#14233,.T.);
#14233=EDGE_LOOP('',(#14234,#14244,#14254,#14264,#14274,#14284));
#14234=ORIENTED_EDGE('',*,*,#14117,.T.);
#14244=ORIENTED_EDGE('',*,*,#14029,.T.);
#14257=CARTESIAN_POINT('',(43.155,-17.12,1.397));
#14256=VERTEX_POINT('',#14257);
#14255=EDGE_CURVE('',#14256,#14020,#14260,.T.);
#14260=LINE('',#14257,#14262);
#14262=VECTOR('',#14263,0.1524);
#14263=DIRECTION('',(1.0,0.0,0.0));
#14254=ORIENTED_EDGE('',*,*,#14255,.F.);
#14267=CARTESIAN_POINT('',(43.155,-17.12,1.651));
#14266=VERTEX_POINT('',#14267);
#14265=EDGE_CURVE('',#14266,#14256,#14270,.T.);
#14270=LINE('',#14267,#14272);
#14272=VECTOR('',#14273,0.254);
#14273=DIRECTION('',(0.0,0.0,-1.0));
#14264=ORIENTED_EDGE('',*,*,#14265,.F.);
#14275=EDGE_CURVE('',#13872,#14266,#14280,.T.);
#14280=LINE('',#13873,#14282);
#14282=VECTOR('',#14283,0.4064);
#14283=DIRECTION('',(-1.0,0.0,0.0));
#14274=ORIENTED_EDGE('',*,*,#14275,.F.);
#14284=ORIENTED_EDGE('',*,*,#13871,.T.);
#14294=STYLED_ITEM('',(#34),#14295);
#14295=ADVANCED_FACE('',(#14301),#14296,.T.);
#14296=PLANE('',#14297);
#14297=AXIS2_PLACEMENT_3D('',#14298,#14299,#14300);
#14298=CARTESIAN_POINT('',(43.155,-17.12,1.397));
#14299=DIRECTION('',(0.0,0.0,-1.0));
#14300=DIRECTION('',(0.,1.,0.));
#14301=FACE_OUTER_BOUND('',#14302,.T.);
#14302=EDGE_LOOP('',(#14303,#14313,#14323,#14333));
#14303=ORIENTED_EDGE('',*,*,#14255,.T.);
#14313=ORIENTED_EDGE('',*,*,#14019,.T.);
#14323=ORIENTED_EDGE('',*,*,#14206,.T.);
#14334=EDGE_CURVE('',#14256,#14197,#14339,.T.);
#14339=LINE('',#14257,#14341);
#14341=VECTOR('',#14342,1.3208);
#14342=DIRECTION('',(0.0,-1.0,0.0));
#14333=ORIENTED_EDGE('',*,*,#14334,.F.);
#14343=STYLED_ITEM('',(#34),#14344);
#14344=ADVANCED_FACE('',(#14350),#14345,.T.);
#14345=PLANE('',#14346);
#14346=AXIS2_PLACEMENT_3D('',#14347,#14348,#14349);
#14347=CARTESIAN_POINT('',(43.155,-17.12,1.397));
#14348=DIRECTION('',(-1.0,0.0,0.0));
#14349=DIRECTION('',(0.,0.,1.));
#14350=FACE_OUTER_BOUND('',#14351,.T.);
#14351=EDGE_LOOP('',(#14352,#14362,#14372,#14382));
#14352=ORIENTED_EDGE('',*,*,#14334,.T.);
#14362=ORIENTED_EDGE('',*,*,#14196,.T.);
#14373=EDGE_CURVE('',#14266,#14187,#14378,.T.);
#14378=LINE('',#14267,#14380);
#14380=VECTOR('',#14381,1.3208);
#14381=DIRECTION('',(0.0,-1.0,0.0));
#14372=ORIENTED_EDGE('',*,*,#14373,.F.);
#14382=ORIENTED_EDGE('',*,*,#14265,.T.);
#14392=STYLED_ITEM('',(#34),#14393);
#14393=ADVANCED_FACE('',(#14399),#14394,.T.);
#14394=PLANE('',#14395);
#14395=AXIS2_PLACEMENT_3D('',#14396,#14397,#14398);
#14396=CARTESIAN_POINT('',(43.155,-18.44,1.651));
#14397=DIRECTION('',(0.0,0.0,1.0));
#14398=DIRECTION('',(0.,1.,0.));
#14399=FACE_OUTER_BOUND('',#14400,.T.);
#14400=EDGE_LOOP('',(#14401,#14411,#14421,#14431));
#14401=ORIENTED_EDGE('',*,*,#14186,.T.);
#14411=ORIENTED_EDGE('',*,*,#13881,.T.);
#14421=ORIENTED_EDGE('',*,*,#14275,.T.);
#14431=ORIENTED_EDGE('',*,*,#14373,.T.);
#14442=MANIFOLD_SOLID_BREP($,#14443);
#14443=CLOSED_SHELL('',(#14445,#14494,#14543,#14632,#14681,#14770,#14819,#14868,#14937,#15006,#15055,#15104));
#14444=STYLED_ITEM('',(#34),#14445);
#14445=ADVANCED_FACE('',(#14451),#14446,.T.);
#14446=PLANE('',#14447);
#14447=AXIS2_PLACEMENT_3D('',#14448,#14449,#14450);
#14448=CARTESIAN_POINT('',(43.307,-15.443,-2.54));
#14449=DIRECTION('',(0.0,0.0,-1.0));
#14450=DIRECTION('',(0.,1.,0.));
#14451=FACE_OUTER_BOUND('',#14452,.T.);
#14452=EDGE_LOOP('',(#14453,#14463,#14473,#14483));
#14456=CARTESIAN_POINT('',(43.307,-15.037,-2.54));
#14455=VERTEX_POINT('',#14456);
#14458=CARTESIAN_POINT('',(43.307,-15.443,-2.54));
#14457=VERTEX_POINT('',#14458);
#14454=EDGE_CURVE('',#14455,#14457,#14459,.T.);
#14459=LINE('',#14456,#14461);
#14461=VECTOR('',#14462,0.4064);
#14462=DIRECTION('',(0.0,-1.0,0.0));
#14453=ORIENTED_EDGE('',*,*,#14454,.F.);
#14466=CARTESIAN_POINT('',(43.561,-15.037,-2.54));
#14465=VERTEX_POINT('',#14466);
#14464=EDGE_CURVE('',#14465,#14455,#14469,.T.);
#14469=LINE('',#14466,#14471);
#14471=VECTOR('',#14472,0.254);
#14472=DIRECTION('',(-1.0,0.0,0.0));
#14463=ORIENTED_EDGE('',*,*,#14464,.F.);
#14476=CARTESIAN_POINT('',(43.561,-15.443,-2.54));
#14475=VERTEX_POINT('',#14476);
#14474=EDGE_CURVE('',#14475,#14465,#14479,.T.);
#14479=LINE('',#14476,#14481);
#14481=VECTOR('',#14482,0.4064);
#14482=DIRECTION('',(0.0,1.0,0.0));
#14473=ORIENTED_EDGE('',*,*,#14474,.F.);
#14484=EDGE_CURVE('',#14457,#14475,#14489,.T.);
#14489=LINE('',#14458,#14491);
#14491=VECTOR('',#14492,0.254);
#14492=DIRECTION('',(1.0,0.0,0.0));
#14483=ORIENTED_EDGE('',*,*,#14484,.F.);
#14493=STYLED_ITEM('',(#34),#14494);
#14494=ADVANCED_FACE('',(#14500),#14495,.T.);
#14495=PLANE('',#14496);
#14496=AXIS2_PLACEMENT_3D('',#14497,#14498,#14499);
#14497=CARTESIAN_POINT('',(43.307,-15.443,-2.54));
#14498=DIRECTION('',(0.0,-1.0,0.0));
#14499=DIRECTION('',(0.,0.,1.));
#14500=FACE_OUTER_BOUND('',#14501,.T.);
#14501=EDGE_LOOP('',(#14502,#14512,#14522,#14532));
#14502=ORIENTED_EDGE('',*,*,#14484,.T.);
#14515=CARTESIAN_POINT('',(43.561,-15.443,0.0));
#14514=VERTEX_POINT('',#14515);
#14513=EDGE_CURVE('',#14514,#14475,#14518,.T.);
#14518=LINE('',#14515,#14520);
#14520=VECTOR('',#14521,2.54);
#14521=DIRECTION('',(0.0,0.0,-1.0));
#14512=ORIENTED_EDGE('',*,*,#14513,.F.);
#14525=CARTESIAN_POINT('',(43.307,-15.443,0.0));
#14524=VERTEX_POINT('',#14525);
#14523=EDGE_CURVE('',#14524,#14514,#14528,.T.);
#14528=LINE('',#14525,#14530);
#14530=VECTOR('',#14531,0.254);
#14531=DIRECTION('',(1.0,0.0,0.0));
#14522=ORIENTED_EDGE('',*,*,#14523,.F.);
#14533=EDGE_CURVE('',#14457,#14524,#14538,.T.);
#14538=LINE('',#14458,#14540);
#14540=VECTOR('',#14541,2.54);
#14541=DIRECTION('',(0.0,0.0,1.0));
#14532=ORIENTED_EDGE('',*,*,#14533,.F.);
#14542=STYLED_ITEM('',(#34),#14543);
#14543=ADVANCED_FACE('',(#14549),#14544,.T.);
#14544=PLANE('',#14545);
#14545=AXIS2_PLACEMENT_3D('',#14546,#14547,#14548);
#14546=CARTESIAN_POINT('',(43.561,-15.443,-2.54));
#14547=DIRECTION('',(1.0,0.0,0.0));
#14548=DIRECTION('',(0.,0.,1.));
#14549=FACE_OUTER_BOUND('',#14550,.T.);
#14550=EDGE_LOOP('',(#14551,#14561,#14571,#14581,#14591,#14601,#14611,#14621));
#14551=ORIENTED_EDGE('',*,*,#14474,.T.);
#14564=CARTESIAN_POINT('',(43.561,-15.037,0.0));
#14563=VERTEX_POINT('',#14564);
#14562=EDGE_CURVE('',#14563,#14465,#14567,.T.);
#14567=LINE('',#14564,#14569);
#14569=VECTOR('',#14570,2.54);
#14570=DIRECTION('',(0.0,0.0,-1.0));
#14561=ORIENTED_EDGE('',*,*,#14562,.F.);
#14574=CARTESIAN_POINT('',(43.561,-14.58,0.0));
#14573=VERTEX_POINT('',#14574);
#14572=EDGE_CURVE('',#14573,#14563,#14577,.T.);
#14577=LINE('',#14574,#14579);
#14579=VECTOR('',#14580,0.4572);
#14580=DIRECTION('',(0.0,-1.0,0.0));
#14571=ORIENTED_EDGE('',*,*,#14572,.F.);
#14584=CARTESIAN_POINT('',(43.561,-14.58,1.651));
#14583=VERTEX_POINT('',#14584);
#14582=EDGE_CURVE('',#14583,#14573,#14587,.T.);
#14587=LINE('',#14584,#14589);
#14589=VECTOR('',#14590,1.651);
#14590=DIRECTION('',(0.0,0.0,-1.0));
#14581=ORIENTED_EDGE('',*,*,#14582,.F.);
#14594=CARTESIAN_POINT('',(43.561,-15.9,1.651));
#14593=VERTEX_POINT('',#14594);
#14592=EDGE_CURVE('',#14593,#14583,#14597,.T.);
#14597=LINE('',#14594,#14599);
#14599=VECTOR('',#14600,1.3208);
#14600=DIRECTION('',(0.0,1.0,0.0));
#14591=ORIENTED_EDGE('',*,*,#14592,.F.);
#14604=CARTESIAN_POINT('',(43.561,-15.9,0.0));
#14603=VERTEX_POINT('',#14604);
#14602=EDGE_CURVE('',#14603,#14593,#14607,.T.);
#14607=LINE('',#14604,#14609);
#14609=VECTOR('',#14610,1.651);
#14610=DIRECTION('',(0.0,0.0,1.0));
#14601=ORIENTED_EDGE('',*,*,#14602,.F.);
#14612=EDGE_CURVE('',#14514,#14603,#14617,.T.);
#14617=LINE('',#14515,#14619);
#14619=VECTOR('',#14620,0.4572);
#14620=DIRECTION('',(0.0,-1.0,0.0));
#14611=ORIENTED_EDGE('',*,*,#14612,.F.);
#14621=ORIENTED_EDGE('',*,*,#14513,.T.);
#14631=STYLED_ITEM('',(#34),#14632);
#14632=ADVANCED_FACE('',(#14638),#14633,.T.);
#14633=PLANE('',#14634);
#14634=AXIS2_PLACEMENT_3D('',#14635,#14636,#14637);
#14635=CARTESIAN_POINT('',(43.561,-15.037,-2.54));
#14636=DIRECTION('',(0.0,1.0,0.0));
#14637=DIRECTION('',(0.,0.,1.));
#14638=FACE_OUTER_BOUND('',#14639,.T.);
#14639=EDGE_LOOP('',(#14640,#14650,#14660,#14670));
#14640=ORIENTED_EDGE('',*,*,#14464,.T.);
#14653=CARTESIAN_POINT('',(43.307,-15.037,0.0));
#14652=VERTEX_POINT('',#14653);
#14651=EDGE_CURVE('',#14652,#14455,#14656,.T.);
#14656=LINE('',#14653,#14658);
#14658=VECTOR('',#14659,2.54);
#14659=DIRECTION('',(0.0,0.0,-1.0));
#14650=ORIENTED_EDGE('',*,*,#14651,.F.);
#14661=EDGE_CURVE('',#14563,#14652,#14666,.T.);
#14666=LINE('',#14564,#14668);
#14668=VECTOR('',#14669,0.254);
#14669=DIRECTION('',(-1.0,0.0,0.0));
#14660=ORIENTED_EDGE('',*,*,#14661,.F.);
#14670=ORIENTED_EDGE('',*,*,#14562,.T.);
#14680=STYLED_ITEM('',(#34),#14681);
#14681=ADVANCED_FACE('',(#14687),#14682,.T.);
#14682=PLANE('',#14683);
#14683=AXIS2_PLACEMENT_3D('',#14684,#14685,#14686);
#14684=CARTESIAN_POINT('',(43.307,-15.037,-2.54));
#14685=DIRECTION('',(-1.0,0.0,0.0));
#14686=DIRECTION('',(0.,0.,1.));
#14687=FACE_OUTER_BOUND('',#14688,.T.);
#14688=EDGE_LOOP('',(#14689,#14699,#14709,#14719,#14729,#14739,#14749,#14759));
#14689=ORIENTED_EDGE('',*,*,#14454,.T.);
#14699=ORIENTED_EDGE('',*,*,#14533,.T.);
#14712=CARTESIAN_POINT('',(43.307,-15.9,0.0));
#14711=VERTEX_POINT('',#14712);
#14710=EDGE_CURVE('',#14711,#14524,#14715,.T.);
#14715=LINE('',#14712,#14717);
#14717=VECTOR('',#14718,0.4572);
#14718=DIRECTION('',(0.0,1.0,0.0));
#14709=ORIENTED_EDGE('',*,*,#14710,.F.);
#14722=CARTESIAN_POINT('',(43.307,-15.9,1.397));
#14721=VERTEX_POINT('',#14722);
#14720=EDGE_CURVE('',#14721,#14711,#14725,.T.);
#14725=LINE('',#14722,#14727);
#14727=VECTOR('',#14728,1.397);
#14728=DIRECTION('',(0.0,0.0,-1.0));
#14719=ORIENTED_EDGE('',*,*,#14720,.F.);
#14732=CARTESIAN_POINT('',(43.307,-14.58,1.397));
#14731=VERTEX_POINT('',#14732);
#14730=EDGE_CURVE('',#14731,#14721,#14735,.T.);
#14735=LINE('',#14732,#14737);
#14737=VECTOR('',#14738,1.3208);
#14738=DIRECTION('',(0.0,-1.0,0.0));
#14729=ORIENTED_EDGE('',*,*,#14730,.F.);
#14742=CARTESIAN_POINT('',(43.307,-14.58,0.0));
#14741=VERTEX_POINT('',#14742);
#14740=EDGE_CURVE('',#14741,#14731,#14745,.T.);
#14745=LINE('',#14742,#14747);
#14747=VECTOR('',#14748,1.397);
#14748=DIRECTION('',(0.0,0.0,1.0));
#14739=ORIENTED_EDGE('',*,*,#14740,.F.);
#14750=EDGE_CURVE('',#14652,#14741,#14755,.T.);
#14755=LINE('',#14653,#14757);
#14757=VECTOR('',#14758,0.4572);
#14758=DIRECTION('',(0.0,1.0,0.0));
#14749=ORIENTED_EDGE('',*,*,#14750,.F.);
#14759=ORIENTED_EDGE('',*,*,#14651,.T.);
#14769=STYLED_ITEM('',(#34),#14770);
#14770=ADVANCED_FACE('',(#14776),#14771,.T.);
#14771=PLANE('',#14772);
#14772=AXIS2_PLACEMENT_3D('',#14773,#14774,#14775);
#14773=CARTESIAN_POINT('',(43.307,-15.443,0.0));
#14774=DIRECTION('',(0.0,0.0,-1.0));
#14775=DIRECTION('',(0.,1.,0.));
#14776=FACE_OUTER_BOUND('',#14777,.T.);
#14777=EDGE_LOOP('',(#14778,#14788,#14798,#14808));
#14778=ORIENTED_EDGE('',*,*,#14523,.T.);
#14788=ORIENTED_EDGE('',*,*,#14612,.T.);
#14799=EDGE_CURVE('',#14711,#14603,#14804,.T.);
#14804=LINE('',#14712,#14806);
#14806=VECTOR('',#14807,0.254);
#14807=DIRECTION('',(1.0,0.0,0.0));
#14798=ORIENTED_EDGE('',*,*,#14799,.F.);
#14808=ORIENTED_EDGE('',*,*,#14710,.T.);
#14818=STYLED_ITEM('',(#34),#14819);
#14819=ADVANCED_FACE('',(#14825),#14820,.T.);
#14820=PLANE('',#14821);
#14821=AXIS2_PLACEMENT_3D('',#14822,#14823,#14824);
#14822=CARTESIAN_POINT('',(43.307,-14.58,0.0));
#14823=DIRECTION('',(0.0,0.0,-1.0));
#14824=DIRECTION('',(0.,1.,0.));
#14825=FACE_OUTER_BOUND('',#14826,.T.);
#14826=EDGE_LOOP('',(#14827,#14837,#14847,#14857));
#14828=EDGE_CURVE('',#14573,#14741,#14833,.T.);
#14833=LINE('',#14574,#14835);
#14835=VECTOR('',#14836,0.254);
#14836=DIRECTION('',(-1.0,0.0,0.0));
#14827=ORIENTED_EDGE('',*,*,#14828,.F.);
#14837=ORIENTED_EDGE('',*,*,#14572,.T.);
#14847=ORIENTED_EDGE('',*,*,#14661,.T.);
#14857=ORIENTED_EDGE('',*,*,#14750,.T.);
#14867=STYLED_ITEM('',(#34),#14868);
#14868=ADVANCED_FACE('',(#14874),#14869,.T.);
#14869=PLANE('',#14870);
#14870=AXIS2_PLACEMENT_3D('',#14871,#14872,#14873);
#14871=CARTESIAN_POINT('',(43.307,-15.9,0.0));
#14872=DIRECTION('',(0.0,-1.0,0.0));
#14873=DIRECTION('',(0.,0.,1.));
#14874=FACE_OUTER_BOUND('',#14875,.T.);
#14875=EDGE_LOOP('',(#14876,#14886,#14896,#14906,#14916,#14926));
#14876=ORIENTED_EDGE('',*,*,#14799,.T.);
#14886=ORIENTED_EDGE('',*,*,#14602,.T.);
#14899=CARTESIAN_POINT('',(43.155,-15.9,1.651));
#14898=VERTEX_POINT('',#14899);
#14897=EDGE_CURVE('',#14898,#14593,#14902,.T.);
#14902=LINE('',#14899,#14904);
#14904=VECTOR('',#14905,0.4064);
#14905=DIRECTION('',(1.0,0.0,0.0));
#14896=ORIENTED_EDGE('',*,*,#14897,.F.);
#14909=CARTESIAN_POINT('',(43.155,-15.9,1.397));
#14908=VERTEX_POINT('',#14909);
#14907=EDGE_CURVE('',#14908,#14898,#14912,.T.);
#14912=LINE('',#14909,#14914);
#14914=VECTOR('',#14915,0.254);
#14915=DIRECTION('',(0.0,0.0,1.0));
#14906=ORIENTED_EDGE('',*,*,#14907,.F.);
#14917=EDGE_CURVE('',#14721,#14908,#14922,.T.);
#14922=LINE('',#14722,#14924);
#14924=VECTOR('',#14925,0.1524);
#14925=DIRECTION('',(-1.0,0.0,0.0));
#14916=ORIENTED_EDGE('',*,*,#14917,.F.);
#14926=ORIENTED_EDGE('',*,*,#14720,.T.);
#14936=STYLED_ITEM('',(#34),#14937);
#14937=ADVANCED_FACE('',(#14943),#14938,.T.);
#14938=PLANE('',#14939);
#14939=AXIS2_PLACEMENT_3D('',#14940,#14941,#14942);
#14940=CARTESIAN_POINT('',(43.561,-14.58,0.0));
#14941=DIRECTION('',(0.0,1.0,0.0));
#14942=DIRECTION('',(0.,0.,1.));
#14943=FACE_OUTER_BOUND('',#14944,.T.);
#14944=EDGE_LOOP('',(#14945,#14955,#14965,#14975,#14985,#14995));
#14945=ORIENTED_EDGE('',*,*,#14828,.T.);
#14955=ORIENTED_EDGE('',*,*,#14740,.T.);
#14968=CARTESIAN_POINT('',(43.155,-14.58,1.397));
#14967=VERTEX_POINT('',#14968);
#14966=EDGE_CURVE('',#14967,#14731,#14971,.T.);
#14971=LINE('',#14968,#14973);
#14973=VECTOR('',#14974,0.1524);
#14974=DIRECTION('',(1.0,0.0,0.0));
#14965=ORIENTED_EDGE('',*,*,#14966,.F.);
#14978=CARTESIAN_POINT('',(43.155,-14.58,1.651));
#14977=VERTEX_POINT('',#14978);
#14976=EDGE_CURVE('',#14977,#14967,#14981,.T.);
#14981=LINE('',#14978,#14983);
#14983=VECTOR('',#14984,0.254);
#14984=DIRECTION('',(0.0,0.0,-1.0));
#14975=ORIENTED_EDGE('',*,*,#14976,.F.);
#14986=EDGE_CURVE('',#14583,#14977,#14991,.T.);
#14991=LINE('',#14584,#14993);
#14993=VECTOR('',#14994,0.4064);
#14994=DIRECTION('',(-1.0,0.0,0.0));
#14985=ORIENTED_EDGE('',*,*,#14986,.F.);
#14995=ORIENTED_EDGE('',*,*,#14582,.T.);
#15005=STYLED_ITEM('',(#34),#15006);
#15006=ADVANCED_FACE('',(#15012),#15007,.T.);
#15007=PLANE('',#15008);
#15008=AXIS2_PLACEMENT_3D('',#15009,#15010,#15011);
#15009=CARTESIAN_POINT('',(43.155,-14.58,1.397));
#15010=DIRECTION('',(0.0,0.0,-1.0));
#15011=DIRECTION('',(0.,1.,0.));
#15012=FACE_OUTER_BOUND('',#15013,.T.);
#15013=EDGE_LOOP('',(#15014,#15024,#15034,#15044));
#15014=ORIENTED_EDGE('',*,*,#14966,.T.);
#15024=ORIENTED_EDGE('',*,*,#14730,.T.);
#15034=ORIENTED_EDGE('',*,*,#14917,.T.);
#15045=EDGE_CURVE('',#14967,#14908,#15050,.T.);
#15050=LINE('',#14968,#15052);
#15052=VECTOR('',#15053,1.3208);
#15053=DIRECTION('',(0.0,-1.0,0.0));
#15044=ORIENTED_EDGE('',*,*,#15045,.F.);
#15054=STYLED_ITEM('',(#34),#15055);
#15055=ADVANCED_FACE('',(#15061),#15056,.T.);
#15056=PLANE('',#15057);
#15057=AXIS2_PLACEMENT_3D('',#15058,#15059,#15060);
#15058=CARTESIAN_POINT('',(43.155,-14.58,1.397));
#15059=DIRECTION('',(-1.0,0.0,0.0));
#15060=DIRECTION('',(0.,0.,1.));
#15061=FACE_OUTER_BOUND('',#15062,.T.);
#15062=EDGE_LOOP('',(#15063,#15073,#15083,#15093));
#15063=ORIENTED_EDGE('',*,*,#15045,.T.);
#15073=ORIENTED_EDGE('',*,*,#14907,.T.);
#15084=EDGE_CURVE('',#14977,#14898,#15089,.T.);
#15089=LINE('',#14978,#15091);
#15091=VECTOR('',#15092,1.3208);
#15092=DIRECTION('',(0.0,-1.0,0.0));
#15083=ORIENTED_EDGE('',*,*,#15084,.F.);
#15093=ORIENTED_EDGE('',*,*,#14976,.T.);
#15103=STYLED_ITEM('',(#34),#15104);
#15104=ADVANCED_FACE('',(#15110),#15105,.T.);
#15105=PLANE('',#15106);
#15106=AXIS2_PLACEMENT_3D('',#15107,#15108,#15109);
#15107=CARTESIAN_POINT('',(43.155,-15.9,1.651));
#15108=DIRECTION('',(0.0,0.0,1.0));
#15109=DIRECTION('',(0.,1.,0.));
#15110=FACE_OUTER_BOUND('',#15111,.T.);
#15111=EDGE_LOOP('',(#15112,#15122,#15132,#15142));
#15112=ORIENTED_EDGE('',*,*,#14897,.T.);
#15122=ORIENTED_EDGE('',*,*,#14592,.T.);
#15132=ORIENTED_EDGE('',*,*,#14986,.T.);
#15142=ORIENTED_EDGE('',*,*,#15084,.T.);
#15153=MANIFOLD_SOLID_BREP($,#15154);
#15154=CLOSED_SHELL('',(#15156,#15205,#15254,#15343,#15392,#15481,#15530,#15579,#15648,#15717,#15766,#15815));
#15155=STYLED_ITEM('',(#34),#15156);
#15156=ADVANCED_FACE('',(#15162),#15157,.T.);
#15157=PLANE('',#15158);
#15158=AXIS2_PLACEMENT_3D('',#15159,#15160,#15161);
#15159=CARTESIAN_POINT('',(43.307,-12.903,-2.54));
#15160=DIRECTION('',(0.0,0.0,-1.0));
#15161=DIRECTION('',(0.,1.,0.));
#15162=FACE_OUTER_BOUND('',#15163,.T.);
#15163=EDGE_LOOP('',(#15164,#15174,#15184,#15194));
#15167=CARTESIAN_POINT('',(43.307,-12.497,-2.54));
#15166=VERTEX_POINT('',#15167);
#15169=CARTESIAN_POINT('',(43.307,-12.903,-2.54));
#15168=VERTEX_POINT('',#15169);
#15165=EDGE_CURVE('',#15166,#15168,#15170,.T.);
#15170=LINE('',#15167,#15172);
#15172=VECTOR('',#15173,0.4064);
#15173=DIRECTION('',(0.0,-1.0,0.0));
#15164=ORIENTED_EDGE('',*,*,#15165,.F.);
#15177=CARTESIAN_POINT('',(43.561,-12.497,-2.54));
#15176=VERTEX_POINT('',#15177);
#15175=EDGE_CURVE('',#15176,#15166,#15180,.T.);
#15180=LINE('',#15177,#15182);
#15182=VECTOR('',#15183,0.254);
#15183=DIRECTION('',(-1.0,0.0,0.0));
#15174=ORIENTED_EDGE('',*,*,#15175,.F.);
#15187=CARTESIAN_POINT('',(43.561,-12.903,-2.54));
#15186=VERTEX_POINT('',#15187);
#15185=EDGE_CURVE('',#15186,#15176,#15190,.T.);
#15190=LINE('',#15187,#15192);
#15192=VECTOR('',#15193,0.4064);
#15193=DIRECTION('',(0.0,1.0,0.0));
#15184=ORIENTED_EDGE('',*,*,#15185,.F.);
#15195=EDGE_CURVE('',#15168,#15186,#15200,.T.);
#15200=LINE('',#15169,#15202);
#15202=VECTOR('',#15203,0.254);
#15203=DIRECTION('',(1.0,0.0,0.0));
#15194=ORIENTED_EDGE('',*,*,#15195,.F.);
#15204=STYLED_ITEM('',(#34),#15205);
#15205=ADVANCED_FACE('',(#15211),#15206,.T.);
#15206=PLANE('',#15207);
#15207=AXIS2_PLACEMENT_3D('',#15208,#15209,#15210);
#15208=CARTESIAN_POINT('',(43.307,-12.903,-2.54));
#15209=DIRECTION('',(0.0,-1.0,0.0));
#15210=DIRECTION('',(0.,0.,1.));
#15211=FACE_OUTER_BOUND('',#15212,.T.);
#15212=EDGE_LOOP('',(#15213,#15223,#15233,#15243));
#15213=ORIENTED_EDGE('',*,*,#15195,.T.);
#15226=CARTESIAN_POINT('',(43.561,-12.903,0.0));
#15225=VERTEX_POINT('',#15226);
#15224=EDGE_CURVE('',#15225,#15186,#15229,.T.);
#15229=LINE('',#15226,#15231);
#15231=VECTOR('',#15232,2.54);
#15232=DIRECTION('',(0.0,0.0,-1.0));
#15223=ORIENTED_EDGE('',*,*,#15224,.F.);
#15236=CARTESIAN_POINT('',(43.307,-12.903,0.0));
#15235=VERTEX_POINT('',#15236);
#15234=EDGE_CURVE('',#15235,#15225,#15239,.T.);
#15239=LINE('',#15236,#15241);
#15241=VECTOR('',#15242,0.254);
#15242=DIRECTION('',(1.0,0.0,0.0));
#15233=ORIENTED_EDGE('',*,*,#15234,.F.);
#15244=EDGE_CURVE('',#15168,#15235,#15249,.T.);
#15249=LINE('',#15169,#15251);
#15251=VECTOR('',#15252,2.54);
#15252=DIRECTION('',(0.0,0.0,1.0));
#15243=ORIENTED_EDGE('',*,*,#15244,.F.);
#15253=STYLED_ITEM('',(#34),#15254);
#15254=ADVANCED_FACE('',(#15260),#15255,.T.);
#15255=PLANE('',#15256);
#15256=AXIS2_PLACEMENT_3D('',#15257,#15258,#15259);
#15257=CARTESIAN_POINT('',(43.561,-12.903,-2.54));
#15258=DIRECTION('',(1.0,0.0,0.0));
#15259=DIRECTION('',(0.,0.,1.));
#15260=FACE_OUTER_BOUND('',#15261,.T.);
#15261=EDGE_LOOP('',(#15262,#15272,#15282,#15292,#15302,#15312,#15322,#15332));
#15262=ORIENTED_EDGE('',*,*,#15185,.T.);
#15275=CARTESIAN_POINT('',(43.561,-12.497,0.0));
#15274=VERTEX_POINT('',#15275);
#15273=EDGE_CURVE('',#15274,#15176,#15278,.T.);
#15278=LINE('',#15275,#15280);
#15280=VECTOR('',#15281,2.54);
#15281=DIRECTION('',(0.0,0.0,-1.0));
#15272=ORIENTED_EDGE('',*,*,#15273,.F.);
#15285=CARTESIAN_POINT('',(43.561,-12.04,0.0));
#15284=VERTEX_POINT('',#15285);
#15283=EDGE_CURVE('',#15284,#15274,#15288,.T.);
#15288=LINE('',#15285,#15290);
#15290=VECTOR('',#15291,0.4572);
#15291=DIRECTION('',(0.0,-1.0,0.0));
#15282=ORIENTED_EDGE('',*,*,#15283,.F.);
#15295=CARTESIAN_POINT('',(43.561,-12.04,1.651));
#15294=VERTEX_POINT('',#15295);
#15293=EDGE_CURVE('',#15294,#15284,#15298,.T.);
#15298=LINE('',#15295,#15300);
#15300=VECTOR('',#15301,1.651);
#15301=DIRECTION('',(0.0,0.0,-1.0));
#15292=ORIENTED_EDGE('',*,*,#15293,.F.);
#15305=CARTESIAN_POINT('',(43.561,-13.36,1.651));
#15304=VERTEX_POINT('',#15305);
#15303=EDGE_CURVE('',#15304,#15294,#15308,.T.);
#15308=LINE('',#15305,#15310);
#15310=VECTOR('',#15311,1.3208);
#15311=DIRECTION('',(0.0,1.0,0.0));
#15302=ORIENTED_EDGE('',*,*,#15303,.F.);
#15315=CARTESIAN_POINT('',(43.561,-13.36,0.0));
#15314=VERTEX_POINT('',#15315);
#15313=EDGE_CURVE('',#15314,#15304,#15318,.T.);
#15318=LINE('',#15315,#15320);
#15320=VECTOR('',#15321,1.651);
#15321=DIRECTION('',(0.0,0.0,1.0));
#15312=ORIENTED_EDGE('',*,*,#15313,.F.);
#15323=EDGE_CURVE('',#15225,#15314,#15328,.T.);
#15328=LINE('',#15226,#15330);
#15330=VECTOR('',#15331,0.4572);
#15331=DIRECTION('',(0.0,-1.0,0.0));
#15322=ORIENTED_EDGE('',*,*,#15323,.F.);
#15332=ORIENTED_EDGE('',*,*,#15224,.T.);
#15342=STYLED_ITEM('',(#34),#15343);
#15343=ADVANCED_FACE('',(#15349),#15344,.T.);
#15344=PLANE('',#15345);
#15345=AXIS2_PLACEMENT_3D('',#15346,#15347,#15348);
#15346=CARTESIAN_POINT('',(43.561,-12.497,-2.54));
#15347=DIRECTION('',(0.0,1.0,0.0));
#15348=DIRECTION('',(0.,0.,1.));
#15349=FACE_OUTER_BOUND('',#15350,.T.);
#15350=EDGE_LOOP('',(#15351,#15361,#15371,#15381));
#15351=ORIENTED_EDGE('',*,*,#15175,.T.);
#15364=CARTESIAN_POINT('',(43.307,-12.497,0.0));
#15363=VERTEX_POINT('',#15364);
#15362=EDGE_CURVE('',#15363,#15166,#15367,.T.);
#15367=LINE('',#15364,#15369);
#15369=VECTOR('',#15370,2.54);
#15370=DIRECTION('',(0.0,0.0,-1.0));
#15361=ORIENTED_EDGE('',*,*,#15362,.F.);
#15372=EDGE_CURVE('',#15274,#15363,#15377,.T.);
#15377=LINE('',#15275,#15379);
#15379=VECTOR('',#15380,0.254);
#15380=DIRECTION('',(-1.0,0.0,0.0));
#15371=ORIENTED_EDGE('',*,*,#15372,.F.);
#15381=ORIENTED_EDGE('',*,*,#15273,.T.);
#15391=STYLED_ITEM('',(#34),#15392);
#15392=ADVANCED_FACE('',(#15398),#15393,.T.);
#15393=PLANE('',#15394);
#15394=AXIS2_PLACEMENT_3D('',#15395,#15396,#15397);
#15395=CARTESIAN_POINT('',(43.307,-12.497,-2.54));
#15396=DIRECTION('',(-1.0,0.0,0.0));
#15397=DIRECTION('',(0.,0.,1.));
#15398=FACE_OUTER_BOUND('',#15399,.T.);
#15399=EDGE_LOOP('',(#15400,#15410,#15420,#15430,#15440,#15450,#15460,#15470));
#15400=ORIENTED_EDGE('',*,*,#15165,.T.);
#15410=ORIENTED_EDGE('',*,*,#15244,.T.);
#15423=CARTESIAN_POINT('',(43.307,-13.36,0.0));
#15422=VERTEX_POINT('',#15423);
#15421=EDGE_CURVE('',#15422,#15235,#15426,.T.);
#15426=LINE('',#15423,#15428);
#15428=VECTOR('',#15429,0.4572);
#15429=DIRECTION('',(0.0,1.0,0.0));
#15420=ORIENTED_EDGE('',*,*,#15421,.F.);
#15433=CARTESIAN_POINT('',(43.307,-13.36,1.397));
#15432=VERTEX_POINT('',#15433);
#15431=EDGE_CURVE('',#15432,#15422,#15436,.T.);
#15436=LINE('',#15433,#15438);
#15438=VECTOR('',#15439,1.397);
#15439=DIRECTION('',(0.0,0.0,-1.0));
#15430=ORIENTED_EDGE('',*,*,#15431,.F.);
#15443=CARTESIAN_POINT('',(43.307,-12.04,1.397));
#15442=VERTEX_POINT('',#15443);
#15441=EDGE_CURVE('',#15442,#15432,#15446,.T.);
#15446=LINE('',#15443,#15448);
#15448=VECTOR('',#15449,1.3208);
#15449=DIRECTION('',(0.0,-1.0,0.0));
#15440=ORIENTED_EDGE('',*,*,#15441,.F.);
#15453=CARTESIAN_POINT('',(43.307,-12.04,0.0));
#15452=VERTEX_POINT('',#15453);
#15451=EDGE_CURVE('',#15452,#15442,#15456,.T.);
#15456=LINE('',#15453,#15458);
#15458=VECTOR('',#15459,1.397);
#15459=DIRECTION('',(0.0,0.0,1.0));
#15450=ORIENTED_EDGE('',*,*,#15451,.F.);
#15461=EDGE_CURVE('',#15363,#15452,#15466,.T.);
#15466=LINE('',#15364,#15468);
#15468=VECTOR('',#15469,0.4572);
#15469=DIRECTION('',(0.0,1.0,0.0));
#15460=ORIENTED_EDGE('',*,*,#15461,.F.);
#15470=ORIENTED_EDGE('',*,*,#15362,.T.);
#15480=STYLED_ITEM('',(#34),#15481);
#15481=ADVANCED_FACE('',(#15487),#15482,.T.);
#15482=PLANE('',#15483);
#15483=AXIS2_PLACEMENT_3D('',#15484,#15485,#15486);
#15484=CARTESIAN_POINT('',(43.307,-12.903,0.0));
#15485=DIRECTION('',(0.0,0.0,-1.0));
#15486=DIRECTION('',(0.,1.,0.));
#15487=FACE_OUTER_BOUND('',#15488,.T.);
#15488=EDGE_LOOP('',(#15489,#15499,#15509,#15519));
#15489=ORIENTED_EDGE('',*,*,#15234,.T.);
#15499=ORIENTED_EDGE('',*,*,#15323,.T.);
#15510=EDGE_CURVE('',#15422,#15314,#15515,.T.);
#15515=LINE('',#15423,#15517);
#15517=VECTOR('',#15518,0.254);
#15518=DIRECTION('',(1.0,0.0,0.0));
#15509=ORIENTED_EDGE('',*,*,#15510,.F.);
#15519=ORIENTED_EDGE('',*,*,#15421,.T.);
#15529=STYLED_ITEM('',(#34),#15530);
#15530=ADVANCED_FACE('',(#15536),#15531,.T.);
#15531=PLANE('',#15532);
#15532=AXIS2_PLACEMENT_3D('',#15533,#15534,#15535);
#15533=CARTESIAN_POINT('',(43.307,-12.04,0.0));
#15534=DIRECTION('',(0.0,0.0,-1.0));
#15535=DIRECTION('',(0.,1.,0.));
#15536=FACE_OUTER_BOUND('',#15537,.T.);
#15537=EDGE_LOOP('',(#15538,#15548,#15558,#15568));
#15539=EDGE_CURVE('',#15284,#15452,#15544,.T.);
#15544=LINE('',#15285,#15546);
#15546=VECTOR('',#15547,0.254);
#15547=DIRECTION('',(-1.0,0.0,0.0));
#15538=ORIENTED_EDGE('',*,*,#15539,.F.);
#15548=ORIENTED_EDGE('',*,*,#15283,.T.);
#15558=ORIENTED_EDGE('',*,*,#15372,.T.);
#15568=ORIENTED_EDGE('',*,*,#15461,.T.);
#15578=STYLED_ITEM('',(#34),#15579);
#15579=ADVANCED_FACE('',(#15585),#15580,.T.);
#15580=PLANE('',#15581);
#15581=AXIS2_PLACEMENT_3D('',#15582,#15583,#15584);
#15582=CARTESIAN_POINT('',(43.307,-13.36,0.0));
#15583=DIRECTION('',(0.0,-1.0,0.0));
#15584=DIRECTION('',(0.,0.,1.));
#15585=FACE_OUTER_BOUND('',#15586,.T.);
#15586=EDGE_LOOP('',(#15587,#15597,#15607,#15617,#15627,#15637));
#15587=ORIENTED_EDGE('',*,*,#15510,.T.);
#15597=ORIENTED_EDGE('',*,*,#15313,.T.);
#15610=CARTESIAN_POINT('',(43.155,-13.36,1.651));
#15609=VERTEX_POINT('',#15610);
#15608=EDGE_CURVE('',#15609,#15304,#15613,.T.);
#15613=LINE('',#15610,#15615);
#15615=VECTOR('',#15616,0.4064);
#15616=DIRECTION('',(1.0,0.0,0.0));
#15607=ORIENTED_EDGE('',*,*,#15608,.F.);
#15620=CARTESIAN_POINT('',(43.155,-13.36,1.397));
#15619=VERTEX_POINT('',#15620);
#15618=EDGE_CURVE('',#15619,#15609,#15623,.T.);
#15623=LINE('',#15620,#15625);
#15625=VECTOR('',#15626,0.254);
#15626=DIRECTION('',(0.0,0.0,1.0));
#15617=ORIENTED_EDGE('',*,*,#15618,.F.);
#15628=EDGE_CURVE('',#15432,#15619,#15633,.T.);
#15633=LINE('',#15433,#15635);
#15635=VECTOR('',#15636,0.1524);
#15636=DIRECTION('',(-1.0,0.0,0.0));
#15627=ORIENTED_EDGE('',*,*,#15628,.F.);
#15637=ORIENTED_EDGE('',*,*,#15431,.T.);
#15647=STYLED_ITEM('',(#34),#15648);
#15648=ADVANCED_FACE('',(#15654),#15649,.T.);
#15649=PLANE('',#15650);
#15650=AXIS2_PLACEMENT_3D('',#15651,#15652,#15653);
#15651=CARTESIAN_POINT('',(43.561,-12.04,0.0));
#15652=DIRECTION('',(0.0,1.0,0.0));
#15653=DIRECTION('',(0.,0.,1.));
#15654=FACE_OUTER_BOUND('',#15655,.T.);
#15655=EDGE_LOOP('',(#15656,#15666,#15676,#15686,#15696,#15706));
#15656=ORIENTED_EDGE('',*,*,#15539,.T.);
#15666=ORIENTED_EDGE('',*,*,#15451,.T.);
#15679=CARTESIAN_POINT('',(43.155,-12.04,1.397));
#15678=VERTEX_POINT('',#15679);
#15677=EDGE_CURVE('',#15678,#15442,#15682,.T.);
#15682=LINE('',#15679,#15684);
#15684=VECTOR('',#15685,0.1524);
#15685=DIRECTION('',(1.0,0.0,0.0));
#15676=ORIENTED_EDGE('',*,*,#15677,.F.);
#15689=CARTESIAN_POINT('',(43.155,-12.04,1.651));
#15688=VERTEX_POINT('',#15689);
#15687=EDGE_CURVE('',#15688,#15678,#15692,.T.);
#15692=LINE('',#15689,#15694);
#15694=VECTOR('',#15695,0.254);
#15695=DIRECTION('',(0.0,0.0,-1.0));
#15686=ORIENTED_EDGE('',*,*,#15687,.F.);
#15697=EDGE_CURVE('',#15294,#15688,#15702,.T.);
#15702=LINE('',#15295,#15704);
#15704=VECTOR('',#15705,0.4064);
#15705=DIRECTION('',(-1.0,0.0,0.0));
#15696=ORIENTED_EDGE('',*,*,#15697,.F.);
#15706=ORIENTED_EDGE('',*,*,#15293,.T.);
#15716=STYLED_ITEM('',(#34),#15717);
#15717=ADVANCED_FACE('',(#15723),#15718,.T.);
#15718=PLANE('',#15719);
#15719=AXIS2_PLACEMENT_3D('',#15720,#15721,#15722);
#15720=CARTESIAN_POINT('',(43.155,-12.04,1.397));
#15721=DIRECTION('',(0.0,0.0,-1.0));
#15722=DIRECTION('',(0.,1.,0.));
#15723=FACE_OUTER_BOUND('',#15724,.T.);
#15724=EDGE_LOOP('',(#15725,#15735,#15745,#15755));
#15725=ORIENTED_EDGE('',*,*,#15677,.T.);
#15735=ORIENTED_EDGE('',*,*,#15441,.T.);
#15745=ORIENTED_EDGE('',*,*,#15628,.T.);
#15756=EDGE_CURVE('',#15678,#15619,#15761,.T.);
#15761=LINE('',#15679,#15763);
#15763=VECTOR('',#15764,1.3208);
#15764=DIRECTION('',(0.0,-1.0,0.0));
#15755=ORIENTED_EDGE('',*,*,#15756,.F.);
#15765=STYLED_ITEM('',(#34),#15766);
#15766=ADVANCED_FACE('',(#15772),#15767,.T.);
#15767=PLANE('',#15768);
#15768=AXIS2_PLACEMENT_3D('',#15769,#15770,#15771);
#15769=CARTESIAN_POINT('',(43.155,-12.04,1.397));
#15770=DIRECTION('',(-1.0,0.0,0.0));
#15771=DIRECTION('',(0.,0.,1.));
#15772=FACE_OUTER_BOUND('',#15773,.T.);
#15773=EDGE_LOOP('',(#15774,#15784,#15794,#15804));
#15774=ORIENTED_EDGE('',*,*,#15756,.T.);
#15784=ORIENTED_EDGE('',*,*,#15618,.T.);
#15795=EDGE_CURVE('',#15688,#15609,#15800,.T.);
#15800=LINE('',#15689,#15802);
#15802=VECTOR('',#15803,1.3208);
#15803=DIRECTION('',(0.0,-1.0,0.0));
#15794=ORIENTED_EDGE('',*,*,#15795,.F.);
#15804=ORIENTED_EDGE('',*,*,#15687,.T.);
#15814=STYLED_ITEM('',(#34),#15815);
#15815=ADVANCED_FACE('',(#15821),#15816,.T.);
#15816=PLANE('',#15817);
#15817=AXIS2_PLACEMENT_3D('',#15818,#15819,#15820);
#15818=CARTESIAN_POINT('',(43.155,-13.36,1.651));
#15819=DIRECTION('',(0.0,0.0,1.0));
#15820=DIRECTION('',(0.,1.,0.));
#15821=FACE_OUTER_BOUND('',#15822,.T.);
#15822=EDGE_LOOP('',(#15823,#15833,#15843,#15853));
#15823=ORIENTED_EDGE('',*,*,#15608,.T.);
#15833=ORIENTED_EDGE('',*,*,#15303,.T.);
#15843=ORIENTED_EDGE('',*,*,#15697,.T.);
#15853=ORIENTED_EDGE('',*,*,#15795,.T.);
#15864=MANIFOLD_SOLID_BREP($,#15865);
#15865=CLOSED_SHELL('',(#15867,#15916,#15965,#16054,#16103,#16192,#16241,#16290,#16359,#16428,#16477,#16526));
#15866=STYLED_ITEM('',(#34),#15867);
#15867=ADVANCED_FACE('',(#15873),#15868,.T.);
#15868=PLANE('',#15869);
#15869=AXIS2_PLACEMENT_3D('',#15870,#15871,#15872);
#15870=CARTESIAN_POINT('',(43.307,-10.363,-2.54));
#15871=DIRECTION('',(0.0,0.0,-1.0));
#15872=DIRECTION('',(0.,1.,0.));
#15873=FACE_OUTER_BOUND('',#15874,.T.);
#15874=EDGE_LOOP('',(#15875,#15885,#15895,#15905));
#15878=CARTESIAN_POINT('',(43.307,-9.957,-2.54));
#15877=VERTEX_POINT('',#15878);
#15880=CARTESIAN_POINT('',(43.307,-10.363,-2.54));
#15879=VERTEX_POINT('',#15880);
#15876=EDGE_CURVE('',#15877,#15879,#15881,.T.);
#15881=LINE('',#15878,#15883);
#15883=VECTOR('',#15884,0.4064);
#15884=DIRECTION('',(0.0,-1.0,0.0));
#15875=ORIENTED_EDGE('',*,*,#15876,.F.);
#15888=CARTESIAN_POINT('',(43.561,-9.957,-2.54));
#15887=VERTEX_POINT('',#15888);
#15886=EDGE_CURVE('',#15887,#15877,#15891,.T.);
#15891=LINE('',#15888,#15893);
#15893=VECTOR('',#15894,0.254);
#15894=DIRECTION('',(-1.0,0.0,0.0));
#15885=ORIENTED_EDGE('',*,*,#15886,.F.);
#15898=CARTESIAN_POINT('',(43.561,-10.363,-2.54));
#15897=VERTEX_POINT('',#15898);
#15896=EDGE_CURVE('',#15897,#15887,#15901,.T.);
#15901=LINE('',#15898,#15903);
#15903=VECTOR('',#15904,0.4064);
#15904=DIRECTION('',(0.0,1.0,0.0));
#15895=ORIENTED_EDGE('',*,*,#15896,.F.);
#15906=EDGE_CURVE('',#15879,#15897,#15911,.T.);
#15911=LINE('',#15880,#15913);
#15913=VECTOR('',#15914,0.254);
#15914=DIRECTION('',(1.0,0.0,0.0));
#15905=ORIENTED_EDGE('',*,*,#15906,.F.);
#15915=STYLED_ITEM('',(#34),#15916);
#15916=ADVANCED_FACE('',(#15922),#15917,.T.);
#15917=PLANE('',#15918);
#15918=AXIS2_PLACEMENT_3D('',#15919,#15920,#15921);
#15919=CARTESIAN_POINT('',(43.307,-10.363,-2.54));
#15920=DIRECTION('',(0.0,-1.0,0.0));
#15921=DIRECTION('',(0.,0.,1.));
#15922=FACE_OUTER_BOUND('',#15923,.T.);
#15923=EDGE_LOOP('',(#15924,#15934,#15944,#15954));
#15924=ORIENTED_EDGE('',*,*,#15906,.T.);
#15937=CARTESIAN_POINT('',(43.561,-10.363,0.0));
#15936=VERTEX_POINT('',#15937);
#15935=EDGE_CURVE('',#15936,#15897,#15940,.T.);
#15940=LINE('',#15937,#15942);
#15942=VECTOR('',#15943,2.54);
#15943=DIRECTION('',(0.0,0.0,-1.0));
#15934=ORIENTED_EDGE('',*,*,#15935,.F.);
#15947=CARTESIAN_POINT('',(43.307,-10.363,0.0));
#15946=VERTEX_POINT('',#15947);
#15945=EDGE_CURVE('',#15946,#15936,#15950,.T.);
#15950=LINE('',#15947,#15952);
#15952=VECTOR('',#15953,0.254);
#15953=DIRECTION('',(1.0,0.0,0.0));
#15944=ORIENTED_EDGE('',*,*,#15945,.F.);
#15955=EDGE_CURVE('',#15879,#15946,#15960,.T.);
#15960=LINE('',#15880,#15962);
#15962=VECTOR('',#15963,2.54);
#15963=DIRECTION('',(0.0,0.0,1.0));
#15954=ORIENTED_EDGE('',*,*,#15955,.F.);
#15964=STYLED_ITEM('',(#34),#15965);
#15965=ADVANCED_FACE('',(#15971),#15966,.T.);
#15966=PLANE('',#15967);
#15967=AXIS2_PLACEMENT_3D('',#15968,#15969,#15970);
#15968=CARTESIAN_POINT('',(43.561,-10.363,-2.54));
#15969=DIRECTION('',(1.0,0.0,0.0));
#15970=DIRECTION('',(0.,0.,1.));
#15971=FACE_OUTER_BOUND('',#15972,.T.);
#15972=EDGE_LOOP('',(#15973,#15983,#15993,#16003,#16013,#16023,#16033,#16043));
#15973=ORIENTED_EDGE('',*,*,#15896,.T.);
#15986=CARTESIAN_POINT('',(43.561,-9.957,0.0));
#15985=VERTEX_POINT('',#15986);
#15984=EDGE_CURVE('',#15985,#15887,#15989,.T.);
#15989=LINE('',#15986,#15991);
#15991=VECTOR('',#15992,2.54);
#15992=DIRECTION('',(0.0,0.0,-1.0));
#15983=ORIENTED_EDGE('',*,*,#15984,.F.);
#15996=CARTESIAN_POINT('',(43.561,-9.5,0.0));
#15995=VERTEX_POINT('',#15996);
#15994=EDGE_CURVE('',#15995,#15985,#15999,.T.);
#15999=LINE('',#15996,#16001);
#16001=VECTOR('',#16002,0.4572);
#16002=DIRECTION('',(0.0,-1.0,0.0));
#15993=ORIENTED_EDGE('',*,*,#15994,.F.);
#16006=CARTESIAN_POINT('',(43.561,-9.5,1.651));
#16005=VERTEX_POINT('',#16006);
#16004=EDGE_CURVE('',#16005,#15995,#16009,.T.);
#16009=LINE('',#16006,#16011);
#16011=VECTOR('',#16012,1.651);
#16012=DIRECTION('',(0.0,0.0,-1.0));
#16003=ORIENTED_EDGE('',*,*,#16004,.F.);
#16016=CARTESIAN_POINT('',(43.561,-10.82,1.651));
#16015=VERTEX_POINT('',#16016);
#16014=EDGE_CURVE('',#16015,#16005,#16019,.T.);
#16019=LINE('',#16016,#16021);
#16021=VECTOR('',#16022,1.3208);
#16022=DIRECTION('',(0.0,1.0,0.0));
#16013=ORIENTED_EDGE('',*,*,#16014,.F.);
#16026=CARTESIAN_POINT('',(43.561,-10.82,0.0));
#16025=VERTEX_POINT('',#16026);
#16024=EDGE_CURVE('',#16025,#16015,#16029,.T.);
#16029=LINE('',#16026,#16031);
#16031=VECTOR('',#16032,1.651);
#16032=DIRECTION('',(0.0,0.0,1.0));
#16023=ORIENTED_EDGE('',*,*,#16024,.F.);
#16034=EDGE_CURVE('',#15936,#16025,#16039,.T.);
#16039=LINE('',#15937,#16041);
#16041=VECTOR('',#16042,0.4572);
#16042=DIRECTION('',(0.0,-1.0,0.0));
#16033=ORIENTED_EDGE('',*,*,#16034,.F.);
#16043=ORIENTED_EDGE('',*,*,#15935,.T.);
#16053=STYLED_ITEM('',(#34),#16054);
#16054=ADVANCED_FACE('',(#16060),#16055,.T.);
#16055=PLANE('',#16056);
#16056=AXIS2_PLACEMENT_3D('',#16057,#16058,#16059);
#16057=CARTESIAN_POINT('',(43.561,-9.957,-2.54));
#16058=DIRECTION('',(0.0,1.0,0.0));
#16059=DIRECTION('',(0.,0.,1.));
#16060=FACE_OUTER_BOUND('',#16061,.T.);
#16061=EDGE_LOOP('',(#16062,#16072,#16082,#16092));
#16062=ORIENTED_EDGE('',*,*,#15886,.T.);
#16075=CARTESIAN_POINT('',(43.307,-9.957,0.0));
#16074=VERTEX_POINT('',#16075);
#16073=EDGE_CURVE('',#16074,#15877,#16078,.T.);
#16078=LINE('',#16075,#16080);
#16080=VECTOR('',#16081,2.54);
#16081=DIRECTION('',(0.0,0.0,-1.0));
#16072=ORIENTED_EDGE('',*,*,#16073,.F.);
#16083=EDGE_CURVE('',#15985,#16074,#16088,.T.);
#16088=LINE('',#15986,#16090);
#16090=VECTOR('',#16091,0.254);
#16091=DIRECTION('',(-1.0,0.0,0.0));
#16082=ORIENTED_EDGE('',*,*,#16083,.F.);
#16092=ORIENTED_EDGE('',*,*,#15984,.T.);
#16102=STYLED_ITEM('',(#34),#16103);
#16103=ADVANCED_FACE('',(#16109),#16104,.T.);
#16104=PLANE('',#16105);
#16105=AXIS2_PLACEMENT_3D('',#16106,#16107,#16108);
#16106=CARTESIAN_POINT('',(43.307,-9.957,-2.54));
#16107=DIRECTION('',(-1.0,0.0,0.0));
#16108=DIRECTION('',(0.,0.,1.));
#16109=FACE_OUTER_BOUND('',#16110,.T.);
#16110=EDGE_LOOP('',(#16111,#16121,#16131,#16141,#16151,#16161,#16171,#16181));
#16111=ORIENTED_EDGE('',*,*,#15876,.T.);
#16121=ORIENTED_EDGE('',*,*,#15955,.T.);
#16134=CARTESIAN_POINT('',(43.307,-10.82,0.0));
#16133=VERTEX_POINT('',#16134);
#16132=EDGE_CURVE('',#16133,#15946,#16137,.T.);
#16137=LINE('',#16134,#16139);
#16139=VECTOR('',#16140,0.4572);
#16140=DIRECTION('',(0.0,1.0,0.0));
#16131=ORIENTED_EDGE('',*,*,#16132,.F.);
#16144=CARTESIAN_POINT('',(43.307,-10.82,1.397));
#16143=VERTEX_POINT('',#16144);
#16142=EDGE_CURVE('',#16143,#16133,#16147,.T.);
#16147=LINE('',#16144,#16149);
#16149=VECTOR('',#16150,1.397);
#16150=DIRECTION('',(0.0,0.0,-1.0));
#16141=ORIENTED_EDGE('',*,*,#16142,.F.);
#16154=CARTESIAN_POINT('',(43.307,-9.5,1.397));
#16153=VERTEX_POINT('',#16154);
#16152=EDGE_CURVE('',#16153,#16143,#16157,.T.);
#16157=LINE('',#16154,#16159);
#16159=VECTOR('',#16160,1.3208);
#16160=DIRECTION('',(0.0,-1.0,0.0));
#16151=ORIENTED_EDGE('',*,*,#16152,.F.);
#16164=CARTESIAN_POINT('',(43.307,-9.5,0.0));
#16163=VERTEX_POINT('',#16164);
#16162=EDGE_CURVE('',#16163,#16153,#16167,.T.);
#16167=LINE('',#16164,#16169);
#16169=VECTOR('',#16170,1.397);
#16170=DIRECTION('',(0.0,0.0,1.0));
#16161=ORIENTED_EDGE('',*,*,#16162,.F.);
#16172=EDGE_CURVE('',#16074,#16163,#16177,.T.);
#16177=LINE('',#16075,#16179);
#16179=VECTOR('',#16180,0.4572);
#16180=DIRECTION('',(0.0,1.0,0.0));
#16171=ORIENTED_EDGE('',*,*,#16172,.F.);
#16181=ORIENTED_EDGE('',*,*,#16073,.T.);
#16191=STYLED_ITEM('',(#34),#16192);
#16192=ADVANCED_FACE('',(#16198),#16193,.T.);
#16193=PLANE('',#16194);
#16194=AXIS2_PLACEMENT_3D('',#16195,#16196,#16197);
#16195=CARTESIAN_POINT('',(43.307,-10.363,0.0));
#16196=DIRECTION('',(0.0,0.0,-1.0));
#16197=DIRECTION('',(0.,1.,0.));
#16198=FACE_OUTER_BOUND('',#16199,.T.);
#16199=EDGE_LOOP('',(#16200,#16210,#16220,#16230));
#16200=ORIENTED_EDGE('',*,*,#15945,.T.);
#16210=ORIENTED_EDGE('',*,*,#16034,.T.);
#16221=EDGE_CURVE('',#16133,#16025,#16226,.T.);
#16226=LINE('',#16134,#16228);
#16228=VECTOR('',#16229,0.254);
#16229=DIRECTION('',(1.0,0.0,0.0));
#16220=ORIENTED_EDGE('',*,*,#16221,.F.);
#16230=ORIENTED_EDGE('',*,*,#16132,.T.);
#16240=STYLED_ITEM('',(#34),#16241);
#16241=ADVANCED_FACE('',(#16247),#16242,.T.);
#16242=PLANE('',#16243);
#16243=AXIS2_PLACEMENT_3D('',#16244,#16245,#16246);
#16244=CARTESIAN_POINT('',(43.307,-9.5,0.0));
#16245=DIRECTION('',(0.0,0.0,-1.0));
#16246=DIRECTION('',(0.,1.,0.));
#16247=FACE_OUTER_BOUND('',#16248,.T.);
#16248=EDGE_LOOP('',(#16249,#16259,#16269,#16279));
#16250=EDGE_CURVE('',#15995,#16163,#16255,.T.);
#16255=LINE('',#15996,#16257);
#16257=VECTOR('',#16258,0.254);
#16258=DIRECTION('',(-1.0,0.0,0.0));
#16249=ORIENTED_EDGE('',*,*,#16250,.F.);
#16259=ORIENTED_EDGE('',*,*,#15994,.T.);
#16269=ORIENTED_EDGE('',*,*,#16083,.T.);
#16279=ORIENTED_EDGE('',*,*,#16172,.T.);
#16289=STYLED_ITEM('',(#34),#16290);
#16290=ADVANCED_FACE('',(#16296),#16291,.T.);
#16291=PLANE('',#16292);
#16292=AXIS2_PLACEMENT_3D('',#16293,#16294,#16295);
#16293=CARTESIAN_POINT('',(43.307,-10.82,0.0));
#16294=DIRECTION('',(0.0,-1.0,0.0));
#16295=DIRECTION('',(0.,0.,1.));
#16296=FACE_OUTER_BOUND('',#16297,.T.);
#16297=EDGE_LOOP('',(#16298,#16308,#16318,#16328,#16338,#16348));
#16298=ORIENTED_EDGE('',*,*,#16221,.T.);
#16308=ORIENTED_EDGE('',*,*,#16024,.T.);
#16321=CARTESIAN_POINT('',(43.155,-10.82,1.651));
#16320=VERTEX_POINT('',#16321);
#16319=EDGE_CURVE('',#16320,#16015,#16324,.T.);
#16324=LINE('',#16321,#16326);
#16326=VECTOR('',#16327,0.4064);
#16327=DIRECTION('',(1.0,0.0,0.0));
#16318=ORIENTED_EDGE('',*,*,#16319,.F.);
#16331=CARTESIAN_POINT('',(43.155,-10.82,1.397));
#16330=VERTEX_POINT('',#16331);
#16329=EDGE_CURVE('',#16330,#16320,#16334,.T.);
#16334=LINE('',#16331,#16336);
#16336=VECTOR('',#16337,0.254);
#16337=DIRECTION('',(0.0,0.0,1.0));
#16328=ORIENTED_EDGE('',*,*,#16329,.F.);
#16339=EDGE_CURVE('',#16143,#16330,#16344,.T.);
#16344=LINE('',#16144,#16346);
#16346=VECTOR('',#16347,0.1524);
#16347=DIRECTION('',(-1.0,0.0,0.0));
#16338=ORIENTED_EDGE('',*,*,#16339,.F.);
#16348=ORIENTED_EDGE('',*,*,#16142,.T.);
#16358=STYLED_ITEM('',(#34),#16359);
#16359=ADVANCED_FACE('',(#16365),#16360,.T.);
#16360=PLANE('',#16361);
#16361=AXIS2_PLACEMENT_3D('',#16362,#16363,#16364);
#16362=CARTESIAN_POINT('',(43.561,-9.5,0.0));
#16363=DIRECTION('',(0.0,1.0,0.0));
#16364=DIRECTION('',(0.,0.,1.));
#16365=FACE_OUTER_BOUND('',#16366,.T.);
#16366=EDGE_LOOP('',(#16367,#16377,#16387,#16397,#16407,#16417));
#16367=ORIENTED_EDGE('',*,*,#16250,.T.);
#16377=ORIENTED_EDGE('',*,*,#16162,.T.);
#16390=CARTESIAN_POINT('',(43.155,-9.5,1.397));
#16389=VERTEX_POINT('',#16390);
#16388=EDGE_CURVE('',#16389,#16153,#16393,.T.);
#16393=LINE('',#16390,#16395);
#16395=VECTOR('',#16396,0.1524);
#16396=DIRECTION('',(1.0,0.0,0.0));
#16387=ORIENTED_EDGE('',*,*,#16388,.F.);
#16400=CARTESIAN_POINT('',(43.155,-9.5,1.651));
#16399=VERTEX_POINT('',#16400);
#16398=EDGE_CURVE('',#16399,#16389,#16403,.T.);
#16403=LINE('',#16400,#16405);
#16405=VECTOR('',#16406,0.254);
#16406=DIRECTION('',(0.0,0.0,-1.0));
#16397=ORIENTED_EDGE('',*,*,#16398,.F.);
#16408=EDGE_CURVE('',#16005,#16399,#16413,.T.);
#16413=LINE('',#16006,#16415);
#16415=VECTOR('',#16416,0.4064);
#16416=DIRECTION('',(-1.0,0.0,0.0));
#16407=ORIENTED_EDGE('',*,*,#16408,.F.);
#16417=ORIENTED_EDGE('',*,*,#16004,.T.);
#16427=STYLED_ITEM('',(#34),#16428);
#16428=ADVANCED_FACE('',(#16434),#16429,.T.);
#16429=PLANE('',#16430);
#16430=AXIS2_PLACEMENT_3D('',#16431,#16432,#16433);
#16431=CARTESIAN_POINT('',(43.155,-9.5,1.397));
#16432=DIRECTION('',(0.0,0.0,-1.0));
#16433=DIRECTION('',(0.,1.,0.));
#16434=FACE_OUTER_BOUND('',#16435,.T.);
#16435=EDGE_LOOP('',(#16436,#16446,#16456,#16466));
#16436=ORIENTED_EDGE('',*,*,#16388,.T.);
#16446=ORIENTED_EDGE('',*,*,#16152,.T.);
#16456=ORIENTED_EDGE('',*,*,#16339,.T.);
#16467=EDGE_CURVE('',#16389,#16330,#16472,.T.);
#16472=LINE('',#16390,#16474);
#16474=VECTOR('',#16475,1.3208);
#16475=DIRECTION('',(0.0,-1.0,0.0));
#16466=ORIENTED_EDGE('',*,*,#16467,.F.);
#16476=STYLED_ITEM('',(#34),#16477);
#16477=ADVANCED_FACE('',(#16483),#16478,.T.);
#16478=PLANE('',#16479);
#16479=AXIS2_PLACEMENT_3D('',#16480,#16481,#16482);
#16480=CARTESIAN_POINT('',(43.155,-9.5,1.397));
#16481=DIRECTION('',(-1.0,0.0,0.0));
#16482=DIRECTION('',(0.,0.,1.));
#16483=FACE_OUTER_BOUND('',#16484,.T.);
#16484=EDGE_LOOP('',(#16485,#16495,#16505,#16515));
#16485=ORIENTED_EDGE('',*,*,#16467,.T.);
#16495=ORIENTED_EDGE('',*,*,#16329,.T.);
#16506=EDGE_CURVE('',#16399,#16320,#16511,.T.);
#16511=LINE('',#16400,#16513);
#16513=VECTOR('',#16514,1.3208);
#16514=DIRECTION('',(0.0,-1.0,0.0));
#16505=ORIENTED_EDGE('',*,*,#16506,.F.);
#16515=ORIENTED_EDGE('',*,*,#16398,.T.);
#16525=STYLED_ITEM('',(#34),#16526);
#16526=ADVANCED_FACE('',(#16532),#16527,.T.);
#16527=PLANE('',#16528);
#16528=AXIS2_PLACEMENT_3D('',#16529,#16530,#16531);
#16529=CARTESIAN_POINT('',(43.155,-10.82,1.651));
#16530=DIRECTION('',(0.0,0.0,1.0));
#16531=DIRECTION('',(0.,1.,0.));
#16532=FACE_OUTER_BOUND('',#16533,.T.);
#16533=EDGE_LOOP('',(#16534,#16544,#16554,#16564));
#16534=ORIENTED_EDGE('',*,*,#16319,.T.);
#16544=ORIENTED_EDGE('',*,*,#16014,.T.);
#16554=ORIENTED_EDGE('',*,*,#16408,.T.);
#16564=ORIENTED_EDGE('',*,*,#16506,.T.);
#16575=MANIFOLD_SOLID_BREP($,#16576);
#16576=CLOSED_SHELL('',(#16578,#16627,#16676,#16765,#16814,#16903,#16952,#17001,#17070,#17139,#17188,#17237));
#16577=STYLED_ITEM('',(#34),#16578);
#16578=ADVANCED_FACE('',(#16584),#16579,.T.);
#16579=PLANE('',#16580);
#16580=AXIS2_PLACEMENT_3D('',#16581,#16582,#16583);
#16581=CARTESIAN_POINT('',(43.307,-7.823,-2.54));
#16582=DIRECTION('',(0.0,0.0,-1.0));
#16583=DIRECTION('',(0.,1.,0.));
#16584=FACE_OUTER_BOUND('',#16585,.T.);
#16585=EDGE_LOOP('',(#16586,#16596,#16606,#16616));
#16589=CARTESIAN_POINT('',(43.307,-7.417,-2.54));
#16588=VERTEX_POINT('',#16589);
#16591=CARTESIAN_POINT('',(43.307,-7.823,-2.54));
#16590=VERTEX_POINT('',#16591);
#16587=EDGE_CURVE('',#16588,#16590,#16592,.T.);
#16592=LINE('',#16589,#16594);
#16594=VECTOR('',#16595,0.4064);
#16595=DIRECTION('',(0.0,-1.0,0.0));
#16586=ORIENTED_EDGE('',*,*,#16587,.F.);
#16599=CARTESIAN_POINT('',(43.561,-7.417,-2.54));
#16598=VERTEX_POINT('',#16599);
#16597=EDGE_CURVE('',#16598,#16588,#16602,.T.);
#16602=LINE('',#16599,#16604);
#16604=VECTOR('',#16605,0.254);
#16605=DIRECTION('',(-1.0,0.0,0.0));
#16596=ORIENTED_EDGE('',*,*,#16597,.F.);
#16609=CARTESIAN_POINT('',(43.561,-7.823,-2.54));
#16608=VERTEX_POINT('',#16609);
#16607=EDGE_CURVE('',#16608,#16598,#16612,.T.);
#16612=LINE('',#16609,#16614);
#16614=VECTOR('',#16615,0.4064);
#16615=DIRECTION('',(0.0,1.0,0.0));
#16606=ORIENTED_EDGE('',*,*,#16607,.F.);
#16617=EDGE_CURVE('',#16590,#16608,#16622,.T.);
#16622=LINE('',#16591,#16624);
#16624=VECTOR('',#16625,0.254);
#16625=DIRECTION('',(1.0,0.0,0.0));
#16616=ORIENTED_EDGE('',*,*,#16617,.F.);
#16626=STYLED_ITEM('',(#34),#16627);
#16627=ADVANCED_FACE('',(#16633),#16628,.T.);
#16628=PLANE('',#16629);
#16629=AXIS2_PLACEMENT_3D('',#16630,#16631,#16632);
#16630=CARTESIAN_POINT('',(43.307,-7.823,-2.54));
#16631=DIRECTION('',(0.0,-1.0,0.0));
#16632=DIRECTION('',(0.,0.,1.));
#16633=FACE_OUTER_BOUND('',#16634,.T.);
#16634=EDGE_LOOP('',(#16635,#16645,#16655,#16665));
#16635=ORIENTED_EDGE('',*,*,#16617,.T.);
#16648=CARTESIAN_POINT('',(43.561,-7.823,0.0));
#16647=VERTEX_POINT('',#16648);
#16646=EDGE_CURVE('',#16647,#16608,#16651,.T.);
#16651=LINE('',#16648,#16653);
#16653=VECTOR('',#16654,2.54);
#16654=DIRECTION('',(0.0,0.0,-1.0));
#16645=ORIENTED_EDGE('',*,*,#16646,.F.);
#16658=CARTESIAN_POINT('',(43.307,-7.823,0.0));
#16657=VERTEX_POINT('',#16658);
#16656=EDGE_CURVE('',#16657,#16647,#16661,.T.);
#16661=LINE('',#16658,#16663);
#16663=VECTOR('',#16664,0.254);
#16664=DIRECTION('',(1.0,0.0,0.0));
#16655=ORIENTED_EDGE('',*,*,#16656,.F.);
#16666=EDGE_CURVE('',#16590,#16657,#16671,.T.);
#16671=LINE('',#16591,#16673);
#16673=VECTOR('',#16674,2.54);
#16674=DIRECTION('',(0.0,0.0,1.0));
#16665=ORIENTED_EDGE('',*,*,#16666,.F.);
#16675=STYLED_ITEM('',(#34),#16676);
#16676=ADVANCED_FACE('',(#16682),#16677,.T.);
#16677=PLANE('',#16678);
#16678=AXIS2_PLACEMENT_3D('',#16679,#16680,#16681);
#16679=CARTESIAN_POINT('',(43.561,-7.823,-2.54));
#16680=DIRECTION('',(1.0,0.0,0.0));
#16681=DIRECTION('',(0.,0.,1.));
#16682=FACE_OUTER_BOUND('',#16683,.T.);
#16683=EDGE_LOOP('',(#16684,#16694,#16704,#16714,#16724,#16734,#16744,#16754));
#16684=ORIENTED_EDGE('',*,*,#16607,.T.);
#16697=CARTESIAN_POINT('',(43.561,-7.417,0.0));
#16696=VERTEX_POINT('',#16697);
#16695=EDGE_CURVE('',#16696,#16598,#16700,.T.);
#16700=LINE('',#16697,#16702);
#16702=VECTOR('',#16703,2.54);
#16703=DIRECTION('',(0.0,0.0,-1.0));
#16694=ORIENTED_EDGE('',*,*,#16695,.F.);
#16707=CARTESIAN_POINT('',(43.561,-6.96,0.0));
#16706=VERTEX_POINT('',#16707);
#16705=EDGE_CURVE('',#16706,#16696,#16710,.T.);
#16710=LINE('',#16707,#16712);
#16712=VECTOR('',#16713,0.4572);
#16713=DIRECTION('',(0.0,-1.0,0.0));
#16704=ORIENTED_EDGE('',*,*,#16705,.F.);
#16717=CARTESIAN_POINT('',(43.561,-6.96,1.651));
#16716=VERTEX_POINT('',#16717);
#16715=EDGE_CURVE('',#16716,#16706,#16720,.T.);
#16720=LINE('',#16717,#16722);
#16722=VECTOR('',#16723,1.651);
#16723=DIRECTION('',(0.0,0.0,-1.0));
#16714=ORIENTED_EDGE('',*,*,#16715,.F.);
#16727=CARTESIAN_POINT('',(43.561,-8.28,1.651));
#16726=VERTEX_POINT('',#16727);
#16725=EDGE_CURVE('',#16726,#16716,#16730,.T.);
#16730=LINE('',#16727,#16732);
#16732=VECTOR('',#16733,1.3208);
#16733=DIRECTION('',(0.0,1.0,0.0));
#16724=ORIENTED_EDGE('',*,*,#16725,.F.);
#16737=CARTESIAN_POINT('',(43.561,-8.28,0.0));
#16736=VERTEX_POINT('',#16737);
#16735=EDGE_CURVE('',#16736,#16726,#16740,.T.);
#16740=LINE('',#16737,#16742);
#16742=VECTOR('',#16743,1.651);
#16743=DIRECTION('',(0.0,0.0,1.0));
#16734=ORIENTED_EDGE('',*,*,#16735,.F.);
#16745=EDGE_CURVE('',#16647,#16736,#16750,.T.);
#16750=LINE('',#16648,#16752);
#16752=VECTOR('',#16753,0.4572);
#16753=DIRECTION('',(0.0,-1.0,0.0));
#16744=ORIENTED_EDGE('',*,*,#16745,.F.);
#16754=ORIENTED_EDGE('',*,*,#16646,.T.);
#16764=STYLED_ITEM('',(#34),#16765);
#16765=ADVANCED_FACE('',(#16771),#16766,.T.);
#16766=PLANE('',#16767);
#16767=AXIS2_PLACEMENT_3D('',#16768,#16769,#16770);
#16768=CARTESIAN_POINT('',(43.561,-7.417,-2.54));
#16769=DIRECTION('',(0.0,1.0,0.0));
#16770=DIRECTION('',(0.,0.,1.));
#16771=FACE_OUTER_BOUND('',#16772,.T.);
#16772=EDGE_LOOP('',(#16773,#16783,#16793,#16803));
#16773=ORIENTED_EDGE('',*,*,#16597,.T.);
#16786=CARTESIAN_POINT('',(43.307,-7.417,0.0));
#16785=VERTEX_POINT('',#16786);
#16784=EDGE_CURVE('',#16785,#16588,#16789,.T.);
#16789=LINE('',#16786,#16791);
#16791=VECTOR('',#16792,2.54);
#16792=DIRECTION('',(0.0,0.0,-1.0));
#16783=ORIENTED_EDGE('',*,*,#16784,.F.);
#16794=EDGE_CURVE('',#16696,#16785,#16799,.T.);
#16799=LINE('',#16697,#16801);
#16801=VECTOR('',#16802,0.254);
#16802=DIRECTION('',(-1.0,0.0,0.0));
#16793=ORIENTED_EDGE('',*,*,#16794,.F.);
#16803=ORIENTED_EDGE('',*,*,#16695,.T.);
#16813=STYLED_ITEM('',(#34),#16814);
#16814=ADVANCED_FACE('',(#16820),#16815,.T.);
#16815=PLANE('',#16816);
#16816=AXIS2_PLACEMENT_3D('',#16817,#16818,#16819);
#16817=CARTESIAN_POINT('',(43.307,-7.417,-2.54));
#16818=DIRECTION('',(-1.0,0.0,0.0));
#16819=DIRECTION('',(0.,0.,1.));
#16820=FACE_OUTER_BOUND('',#16821,.T.);
#16821=EDGE_LOOP('',(#16822,#16832,#16842,#16852,#16862,#16872,#16882,#16892));
#16822=ORIENTED_EDGE('',*,*,#16587,.T.);
#16832=ORIENTED_EDGE('',*,*,#16666,.T.);
#16845=CARTESIAN_POINT('',(43.307,-8.28,0.0));
#16844=VERTEX_POINT('',#16845);
#16843=EDGE_CURVE('',#16844,#16657,#16848,.T.);
#16848=LINE('',#16845,#16850);
#16850=VECTOR('',#16851,0.4572);
#16851=DIRECTION('',(0.0,1.0,0.0));
#16842=ORIENTED_EDGE('',*,*,#16843,.F.);
#16855=CARTESIAN_POINT('',(43.307,-8.28,1.397));
#16854=VERTEX_POINT('',#16855);
#16853=EDGE_CURVE('',#16854,#16844,#16858,.T.);
#16858=LINE('',#16855,#16860);
#16860=VECTOR('',#16861,1.397);
#16861=DIRECTION('',(0.0,0.0,-1.0));
#16852=ORIENTED_EDGE('',*,*,#16853,.F.);
#16865=CARTESIAN_POINT('',(43.307,-6.96,1.397));
#16864=VERTEX_POINT('',#16865);
#16863=EDGE_CURVE('',#16864,#16854,#16868,.T.);
#16868=LINE('',#16865,#16870);
#16870=VECTOR('',#16871,1.3208);
#16871=DIRECTION('',(0.0,-1.0,0.0));
#16862=ORIENTED_EDGE('',*,*,#16863,.F.);
#16875=CARTESIAN_POINT('',(43.307,-6.96,0.0));
#16874=VERTEX_POINT('',#16875);
#16873=EDGE_CURVE('',#16874,#16864,#16878,.T.);
#16878=LINE('',#16875,#16880);
#16880=VECTOR('',#16881,1.397);
#16881=DIRECTION('',(0.0,0.0,1.0));
#16872=ORIENTED_EDGE('',*,*,#16873,.F.);
#16883=EDGE_CURVE('',#16785,#16874,#16888,.T.);
#16888=LINE('',#16786,#16890);
#16890=VECTOR('',#16891,0.4572);
#16891=DIRECTION('',(0.0,1.0,0.0));
#16882=ORIENTED_EDGE('',*,*,#16883,.F.);
#16892=ORIENTED_EDGE('',*,*,#16784,.T.);
#16902=STYLED_ITEM('',(#34),#16903);
#16903=ADVANCED_FACE('',(#16909),#16904,.T.);
#16904=PLANE('',#16905);
#16905=AXIS2_PLACEMENT_3D('',#16906,#16907,#16908);
#16906=CARTESIAN_POINT('',(43.307,-7.823,0.0));
#16907=DIRECTION('',(0.0,0.0,-1.0));
#16908=DIRECTION('',(0.,1.,0.));
#16909=FACE_OUTER_BOUND('',#16910,.T.);
#16910=EDGE_LOOP('',(#16911,#16921,#16931,#16941));
#16911=ORIENTED_EDGE('',*,*,#16656,.T.);
#16921=ORIENTED_EDGE('',*,*,#16745,.T.);
#16932=EDGE_CURVE('',#16844,#16736,#16937,.T.);
#16937=LINE('',#16845,#16939);
#16939=VECTOR('',#16940,0.254);
#16940=DIRECTION('',(1.0,0.0,0.0));
#16931=ORIENTED_EDGE('',*,*,#16932,.F.);
#16941=ORIENTED_EDGE('',*,*,#16843,.T.);
#16951=STYLED_ITEM('',(#34),#16952);
#16952=ADVANCED_FACE('',(#16958),#16953,.T.);
#16953=PLANE('',#16954);
#16954=AXIS2_PLACEMENT_3D('',#16955,#16956,#16957);
#16955=CARTESIAN_POINT('',(43.307,-6.96,0.0));
#16956=DIRECTION('',(0.0,0.0,-1.0));
#16957=DIRECTION('',(0.,1.,0.));
#16958=FACE_OUTER_BOUND('',#16959,.T.);
#16959=EDGE_LOOP('',(#16960,#16970,#16980,#16990));
#16961=EDGE_CURVE('',#16706,#16874,#16966,.T.);
#16966=LINE('',#16707,#16968);
#16968=VECTOR('',#16969,0.254);
#16969=DIRECTION('',(-1.0,0.0,0.0));
#16960=ORIENTED_EDGE('',*,*,#16961,.F.);
#16970=ORIENTED_EDGE('',*,*,#16705,.T.);
#16980=ORIENTED_EDGE('',*,*,#16794,.T.);
#16990=ORIENTED_EDGE('',*,*,#16883,.T.);
#17000=STYLED_ITEM('',(#34),#17001);
#17001=ADVANCED_FACE('',(#17007),#17002,.T.);
#17002=PLANE('',#17003);
#17003=AXIS2_PLACEMENT_3D('',#17004,#17005,#17006);
#17004=CARTESIAN_POINT('',(43.307,-8.28,0.0));
#17005=DIRECTION('',(0.0,-1.0,0.0));
#17006=DIRECTION('',(0.,0.,1.));
#17007=FACE_OUTER_BOUND('',#17008,.T.);
#17008=EDGE_LOOP('',(#17009,#17019,#17029,#17039,#17049,#17059));
#17009=ORIENTED_EDGE('',*,*,#16932,.T.);
#17019=ORIENTED_EDGE('',*,*,#16735,.T.);
#17032=CARTESIAN_POINT('',(43.155,-8.28,1.651));
#17031=VERTEX_POINT('',#17032);
#17030=EDGE_CURVE('',#17031,#16726,#17035,.T.);
#17035=LINE('',#17032,#17037);
#17037=VECTOR('',#17038,0.4064);
#17038=DIRECTION('',(1.0,0.0,0.0));
#17029=ORIENTED_EDGE('',*,*,#17030,.F.);
#17042=CARTESIAN_POINT('',(43.155,-8.28,1.397));
#17041=VERTEX_POINT('',#17042);
#17040=EDGE_CURVE('',#17041,#17031,#17045,.T.);
#17045=LINE('',#17042,#17047);
#17047=VECTOR('',#17048,0.254);
#17048=DIRECTION('',(0.0,0.0,1.0));
#17039=ORIENTED_EDGE('',*,*,#17040,.F.);
#17050=EDGE_CURVE('',#16854,#17041,#17055,.T.);
#17055=LINE('',#16855,#17057);
#17057=VECTOR('',#17058,0.1524);
#17058=DIRECTION('',(-1.0,0.0,0.0));
#17049=ORIENTED_EDGE('',*,*,#17050,.F.);
#17059=ORIENTED_EDGE('',*,*,#16853,.T.);
#17069=STYLED_ITEM('',(#34),#17070);
#17070=ADVANCED_FACE('',(#17076),#17071,.T.);
#17071=PLANE('',#17072);
#17072=AXIS2_PLACEMENT_3D('',#17073,#17074,#17075);
#17073=CARTESIAN_POINT('',(43.561,-6.96,0.0));
#17074=DIRECTION('',(0.0,1.0,0.0));
#17075=DIRECTION('',(0.,0.,1.));
#17076=FACE_OUTER_BOUND('',#17077,.T.);
#17077=EDGE_LOOP('',(#17078,#17088,#17098,#17108,#17118,#17128));
#17078=ORIENTED_EDGE('',*,*,#16961,.T.);
#17088=ORIENTED_EDGE('',*,*,#16873,.T.);
#17101=CARTESIAN_POINT('',(43.155,-6.96,1.397));
#17100=VERTEX_POINT('',#17101);
#17099=EDGE_CURVE('',#17100,#16864,#17104,.T.);
#17104=LINE('',#17101,#17106);
#17106=VECTOR('',#17107,0.1524);
#17107=DIRECTION('',(1.0,0.0,0.0));
#17098=ORIENTED_EDGE('',*,*,#17099,.F.);
#17111=CARTESIAN_POINT('',(43.155,-6.96,1.651));
#17110=VERTEX_POINT('',#17111);
#17109=EDGE_CURVE('',#17110,#17100,#17114,.T.);
#17114=LINE('',#17111,#17116);
#17116=VECTOR('',#17117,0.254);
#17117=DIRECTION('',(0.0,0.0,-1.0));
#17108=ORIENTED_EDGE('',*,*,#17109,.F.);
#17119=EDGE_CURVE('',#16716,#17110,#17124,.T.);
#17124=LINE('',#16717,#17126);
#17126=VECTOR('',#17127,0.4064);
#17127=DIRECTION('',(-1.0,0.0,0.0));
#17118=ORIENTED_EDGE('',*,*,#17119,.F.);
#17128=ORIENTED_EDGE('',*,*,#16715,.T.);
#17138=STYLED_ITEM('',(#34),#17139);
#17139=ADVANCED_FACE('',(#17145),#17140,.T.);
#17140=PLANE('',#17141);
#17141=AXIS2_PLACEMENT_3D('',#17142,#17143,#17144);
#17142=CARTESIAN_POINT('',(43.155,-6.96,1.397));
#17143=DIRECTION('',(0.0,0.0,-1.0));
#17144=DIRECTION('',(0.,1.,0.));
#17145=FACE_OUTER_BOUND('',#17146,.T.);
#17146=EDGE_LOOP('',(#17147,#17157,#17167,#17177));
#17147=ORIENTED_EDGE('',*,*,#17099,.T.);
#17157=ORIENTED_EDGE('',*,*,#16863,.T.);
#17167=ORIENTED_EDGE('',*,*,#17050,.T.);
#17178=EDGE_CURVE('',#17100,#17041,#17183,.T.);
#17183=LINE('',#17101,#17185);
#17185=VECTOR('',#17186,1.3208);
#17186=DIRECTION('',(0.0,-1.0,0.0));
#17177=ORIENTED_EDGE('',*,*,#17178,.F.);
#17187=STYLED_ITEM('',(#34),#17188);
#17188=ADVANCED_FACE('',(#17194),#17189,.T.);
#17189=PLANE('',#17190);
#17190=AXIS2_PLACEMENT_3D('',#17191,#17192,#17193);
#17191=CARTESIAN_POINT('',(43.155,-6.96,1.397));
#17192=DIRECTION('',(-1.0,0.0,0.0));
#17193=DIRECTION('',(0.,0.,1.));
#17194=FACE_OUTER_BOUND('',#17195,.T.);
#17195=EDGE_LOOP('',(#17196,#17206,#17216,#17226));
#17196=ORIENTED_EDGE('',*,*,#17178,.T.);
#17206=ORIENTED_EDGE('',*,*,#17040,.T.);
#17217=EDGE_CURVE('',#17110,#17031,#17222,.T.);
#17222=LINE('',#17111,#17224);
#17224=VECTOR('',#17225,1.3208);
#17225=DIRECTION('',(0.0,-1.0,0.0));
#17216=ORIENTED_EDGE('',*,*,#17217,.F.);
#17226=ORIENTED_EDGE('',*,*,#17109,.T.);
#17236=STYLED_ITEM('',(#34),#17237);
#17237=ADVANCED_FACE('',(#17243),#17238,.T.);
#17238=PLANE('',#17239);
#17239=AXIS2_PLACEMENT_3D('',#17240,#17241,#17242);
#17240=CARTESIAN_POINT('',(43.155,-8.28,1.651));
#17241=DIRECTION('',(0.0,0.0,1.0));
#17242=DIRECTION('',(0.,1.,0.));
#17243=FACE_OUTER_BOUND('',#17244,.T.);
#17244=EDGE_LOOP('',(#17245,#17255,#17265,#17275));
#17245=ORIENTED_EDGE('',*,*,#17030,.T.);
#17255=ORIENTED_EDGE('',*,*,#16725,.T.);
#17265=ORIENTED_EDGE('',*,*,#17119,.T.);
#17275=ORIENTED_EDGE('',*,*,#17217,.T.);
#17286=MANIFOLD_SOLID_BREP($,#17287);
#17287=CLOSED_SHELL('',(#17289,#17338,#17387,#17476,#17525,#17614,#17663,#17712,#17781,#17850,#17899,#17948));
#17288=STYLED_ITEM('',(#34),#17289);
#17289=ADVANCED_FACE('',(#17295),#17290,.T.);
#17290=PLANE('',#17291);
#17291=AXIS2_PLACEMENT_3D('',#17292,#17293,#17294);
#17292=CARTESIAN_POINT('',(43.307,-5.283,-2.54));
#17293=DIRECTION('',(0.0,0.0,-1.0));
#17294=DIRECTION('',(0.,1.,0.));
#17295=FACE_OUTER_BOUND('',#17296,.T.);
#17296=EDGE_LOOP('',(#17297,#17307,#17317,#17327));
#17300=CARTESIAN_POINT('',(43.307,-4.877,-2.54));
#17299=VERTEX_POINT('',#17300);
#17302=CARTESIAN_POINT('',(43.307,-5.283,-2.54));
#17301=VERTEX_POINT('',#17302);
#17298=EDGE_CURVE('',#17299,#17301,#17303,.T.);
#17303=LINE('',#17300,#17305);
#17305=VECTOR('',#17306,0.4064);
#17306=DIRECTION('',(0.0,-1.0,0.0));
#17297=ORIENTED_EDGE('',*,*,#17298,.F.);
#17310=CARTESIAN_POINT('',(43.561,-4.877,-2.54));
#17309=VERTEX_POINT('',#17310);
#17308=EDGE_CURVE('',#17309,#17299,#17313,.T.);
#17313=LINE('',#17310,#17315);
#17315=VECTOR('',#17316,0.254);
#17316=DIRECTION('',(-1.0,0.0,0.0));
#17307=ORIENTED_EDGE('',*,*,#17308,.F.);
#17320=CARTESIAN_POINT('',(43.561,-5.283,-2.54));
#17319=VERTEX_POINT('',#17320);
#17318=EDGE_CURVE('',#17319,#17309,#17323,.T.);
#17323=LINE('',#17320,#17325);
#17325=VECTOR('',#17326,0.4064);
#17326=DIRECTION('',(0.0,1.0,0.0));
#17317=ORIENTED_EDGE('',*,*,#17318,.F.);
#17328=EDGE_CURVE('',#17301,#17319,#17333,.T.);
#17333=LINE('',#17302,#17335);
#17335=VECTOR('',#17336,0.254);
#17336=DIRECTION('',(1.0,0.0,0.0));
#17327=ORIENTED_EDGE('',*,*,#17328,.F.);
#17337=STYLED_ITEM('',(#34),#17338);
#17338=ADVANCED_FACE('',(#17344),#17339,.T.);
#17339=PLANE('',#17340);
#17340=AXIS2_PLACEMENT_3D('',#17341,#17342,#17343);
#17341=CARTESIAN_POINT('',(43.307,-5.283,-2.54));
#17342=DIRECTION('',(0.0,-1.0,0.0));
#17343=DIRECTION('',(0.,0.,1.));
#17344=FACE_OUTER_BOUND('',#17345,.T.);
#17345=EDGE_LOOP('',(#17346,#17356,#17366,#17376));
#17346=ORIENTED_EDGE('',*,*,#17328,.T.);
#17359=CARTESIAN_POINT('',(43.561,-5.283,0.0));
#17358=VERTEX_POINT('',#17359);
#17357=EDGE_CURVE('',#17358,#17319,#17362,.T.);
#17362=LINE('',#17359,#17364);
#17364=VECTOR('',#17365,2.54);
#17365=DIRECTION('',(0.0,0.0,-1.0));
#17356=ORIENTED_EDGE('',*,*,#17357,.F.);
#17369=CARTESIAN_POINT('',(43.307,-5.283,0.0));
#17368=VERTEX_POINT('',#17369);
#17367=EDGE_CURVE('',#17368,#17358,#17372,.T.);
#17372=LINE('',#17369,#17374);
#17374=VECTOR('',#17375,0.254);
#17375=DIRECTION('',(1.0,0.0,0.0));
#17366=ORIENTED_EDGE('',*,*,#17367,.F.);
#17377=EDGE_CURVE('',#17301,#17368,#17382,.T.);
#17382=LINE('',#17302,#17384);
#17384=VECTOR('',#17385,2.54);
#17385=DIRECTION('',(0.0,0.0,1.0));
#17376=ORIENTED_EDGE('',*,*,#17377,.F.);
#17386=STYLED_ITEM('',(#34),#17387);
#17387=ADVANCED_FACE('',(#17393),#17388,.T.);
#17388=PLANE('',#17389);
#17389=AXIS2_PLACEMENT_3D('',#17390,#17391,#17392);
#17390=CARTESIAN_POINT('',(43.561,-5.283,-2.54));
#17391=DIRECTION('',(1.0,0.0,0.0));
#17392=DIRECTION('',(0.,0.,1.));
#17393=FACE_OUTER_BOUND('',#17394,.T.);
#17394=EDGE_LOOP('',(#17395,#17405,#17415,#17425,#17435,#17445,#17455,#17465));
#17395=ORIENTED_EDGE('',*,*,#17318,.T.);
#17408=CARTESIAN_POINT('',(43.561,-4.877,0.0));
#17407=VERTEX_POINT('',#17408);
#17406=EDGE_CURVE('',#17407,#17309,#17411,.T.);
#17411=LINE('',#17408,#17413);
#17413=VECTOR('',#17414,2.54);
#17414=DIRECTION('',(0.0,0.0,-1.0));
#17405=ORIENTED_EDGE('',*,*,#17406,.F.);
#17418=CARTESIAN_POINT('',(43.561,-4.42,0.0));
#17417=VERTEX_POINT('',#17418);
#17416=EDGE_CURVE('',#17417,#17407,#17421,.T.);
#17421=LINE('',#17418,#17423);
#17423=VECTOR('',#17424,0.4572);
#17424=DIRECTION('',(0.0,-1.0,0.0));
#17415=ORIENTED_EDGE('',*,*,#17416,.F.);
#17428=CARTESIAN_POINT('',(43.561,-4.42,1.651));
#17427=VERTEX_POINT('',#17428);
#17426=EDGE_CURVE('',#17427,#17417,#17431,.T.);
#17431=LINE('',#17428,#17433);
#17433=VECTOR('',#17434,1.651);
#17434=DIRECTION('',(0.0,0.0,-1.0));
#17425=ORIENTED_EDGE('',*,*,#17426,.F.);
#17438=CARTESIAN_POINT('',(43.561,-5.74,1.651));
#17437=VERTEX_POINT('',#17438);
#17436=EDGE_CURVE('',#17437,#17427,#17441,.T.);
#17441=LINE('',#17438,#17443);
#17443=VECTOR('',#17444,1.3208);
#17444=DIRECTION('',(0.0,1.0,0.0));
#17435=ORIENTED_EDGE('',*,*,#17436,.F.);
#17448=CARTESIAN_POINT('',(43.561,-5.74,0.0));
#17447=VERTEX_POINT('',#17448);
#17446=EDGE_CURVE('',#17447,#17437,#17451,.T.);
#17451=LINE('',#17448,#17453);
#17453=VECTOR('',#17454,1.651);
#17454=DIRECTION('',(0.0,0.0,1.0));
#17445=ORIENTED_EDGE('',*,*,#17446,.F.);
#17456=EDGE_CURVE('',#17358,#17447,#17461,.T.);
#17461=LINE('',#17359,#17463);
#17463=VECTOR('',#17464,0.4572);
#17464=DIRECTION('',(0.0,-1.0,0.0));
#17455=ORIENTED_EDGE('',*,*,#17456,.F.);
#17465=ORIENTED_EDGE('',*,*,#17357,.T.);
#17475=STYLED_ITEM('',(#34),#17476);
#17476=ADVANCED_FACE('',(#17482),#17477,.T.);
#17477=PLANE('',#17478);
#17478=AXIS2_PLACEMENT_3D('',#17479,#17480,#17481);
#17479=CARTESIAN_POINT('',(43.561,-4.877,-2.54));
#17480=DIRECTION('',(0.0,1.0,0.0));
#17481=DIRECTION('',(0.,0.,1.));
#17482=FACE_OUTER_BOUND('',#17483,.T.);
#17483=EDGE_LOOP('',(#17484,#17494,#17504,#17514));
#17484=ORIENTED_EDGE('',*,*,#17308,.T.);
#17497=CARTESIAN_POINT('',(43.307,-4.877,0.0));
#17496=VERTEX_POINT('',#17497);
#17495=EDGE_CURVE('',#17496,#17299,#17500,.T.);
#17500=LINE('',#17497,#17502);
#17502=VECTOR('',#17503,2.54);
#17503=DIRECTION('',(0.0,0.0,-1.0));
#17494=ORIENTED_EDGE('',*,*,#17495,.F.);
#17505=EDGE_CURVE('',#17407,#17496,#17510,.T.);
#17510=LINE('',#17408,#17512);
#17512=VECTOR('',#17513,0.254);
#17513=DIRECTION('',(-1.0,0.0,0.0));
#17504=ORIENTED_EDGE('',*,*,#17505,.F.);
#17514=ORIENTED_EDGE('',*,*,#17406,.T.);
#17524=STYLED_ITEM('',(#34),#17525);
#17525=ADVANCED_FACE('',(#17531),#17526,.T.);
#17526=PLANE('',#17527);
#17527=AXIS2_PLACEMENT_3D('',#17528,#17529,#17530);
#17528=CARTESIAN_POINT('',(43.307,-4.877,-2.54));
#17529=DIRECTION('',(-1.0,0.0,0.0));
#17530=DIRECTION('',(0.,0.,1.));
#17531=FACE_OUTER_BOUND('',#17532,.T.);
#17532=EDGE_LOOP('',(#17533,#17543,#17553,#17563,#17573,#17583,#17593,#17603));
#17533=ORIENTED_EDGE('',*,*,#17298,.T.);
#17543=ORIENTED_EDGE('',*,*,#17377,.T.);
#17556=CARTESIAN_POINT('',(43.307,-5.74,0.0));
#17555=VERTEX_POINT('',#17556);
#17554=EDGE_CURVE('',#17555,#17368,#17559,.T.);
#17559=LINE('',#17556,#17561);
#17561=VECTOR('',#17562,0.4572);
#17562=DIRECTION('',(0.0,1.0,0.0));
#17553=ORIENTED_EDGE('',*,*,#17554,.F.);
#17566=CARTESIAN_POINT('',(43.307,-5.74,1.397));
#17565=VERTEX_POINT('',#17566);
#17564=EDGE_CURVE('',#17565,#17555,#17569,.T.);
#17569=LINE('',#17566,#17571);
#17571=VECTOR('',#17572,1.397);
#17572=DIRECTION('',(0.0,0.0,-1.0));
#17563=ORIENTED_EDGE('',*,*,#17564,.F.);
#17576=CARTESIAN_POINT('',(43.307,-4.42,1.397));
#17575=VERTEX_POINT('',#17576);
#17574=EDGE_CURVE('',#17575,#17565,#17579,.T.);
#17579=LINE('',#17576,#17581);
#17581=VECTOR('',#17582,1.3208);
#17582=DIRECTION('',(0.0,-1.0,0.0));
#17573=ORIENTED_EDGE('',*,*,#17574,.F.);
#17586=CARTESIAN_POINT('',(43.307,-4.42,0.0));
#17585=VERTEX_POINT('',#17586);
#17584=EDGE_CURVE('',#17585,#17575,#17589,.T.);
#17589=LINE('',#17586,#17591);
#17591=VECTOR('',#17592,1.397);
#17592=DIRECTION('',(0.0,0.0,1.0));
#17583=ORIENTED_EDGE('',*,*,#17584,.F.);
#17594=EDGE_CURVE('',#17496,#17585,#17599,.T.);
#17599=LINE('',#17497,#17601);
#17601=VECTOR('',#17602,0.4572);
#17602=DIRECTION('',(0.0,1.0,0.0));
#17593=ORIENTED_EDGE('',*,*,#17594,.F.);
#17603=ORIENTED_EDGE('',*,*,#17495,.T.);
#17613=STYLED_ITEM('',(#34),#17614);
#17614=ADVANCED_FACE('',(#17620),#17615,.T.);
#17615=PLANE('',#17616);
#17616=AXIS2_PLACEMENT_3D('',#17617,#17618,#17619);
#17617=CARTESIAN_POINT('',(43.307,-5.283,0.0));
#17618=DIRECTION('',(0.0,0.0,-1.0));
#17619=DIRECTION('',(0.,1.,0.));
#17620=FACE_OUTER_BOUND('',#17621,.T.);
#17621=EDGE_LOOP('',(#17622,#17632,#17642,#17652));
#17622=ORIENTED_EDGE('',*,*,#17367,.T.);
#17632=ORIENTED_EDGE('',*,*,#17456,.T.);
#17643=EDGE_CURVE('',#17555,#17447,#17648,.T.);
#17648=LINE('',#17556,#17650);
#17650=VECTOR('',#17651,0.254);
#17651=DIRECTION('',(1.0,0.0,0.0));
#17642=ORIENTED_EDGE('',*,*,#17643,.F.);
#17652=ORIENTED_EDGE('',*,*,#17554,.T.);
#17662=STYLED_ITEM('',(#34),#17663);
#17663=ADVANCED_FACE('',(#17669),#17664,.T.);
#17664=PLANE('',#17665);
#17665=AXIS2_PLACEMENT_3D('',#17666,#17667,#17668);
#17666=CARTESIAN_POINT('',(43.307,-4.42,0.0));
#17667=DIRECTION('',(0.0,0.0,-1.0));
#17668=DIRECTION('',(0.,1.,0.));
#17669=FACE_OUTER_BOUND('',#17670,.T.);
#17670=EDGE_LOOP('',(#17671,#17681,#17691,#17701));
#17672=EDGE_CURVE('',#17417,#17585,#17677,.T.);
#17677=LINE('',#17418,#17679);
#17679=VECTOR('',#17680,0.254);
#17680=DIRECTION('',(-1.0,0.0,0.0));
#17671=ORIENTED_EDGE('',*,*,#17672,.F.);
#17681=ORIENTED_EDGE('',*,*,#17416,.T.);
#17691=ORIENTED_EDGE('',*,*,#17505,.T.);
#17701=ORIENTED_EDGE('',*,*,#17594,.T.);
#17711=STYLED_ITEM('',(#34),#17712);
#17712=ADVANCED_FACE('',(#17718),#17713,.T.);
#17713=PLANE('',#17714);
#17714=AXIS2_PLACEMENT_3D('',#17715,#17716,#17717);
#17715=CARTESIAN_POINT('',(43.307,-5.74,0.0));
#17716=DIRECTION('',(0.0,-1.0,0.0));
#17717=DIRECTION('',(0.,0.,1.));
#17718=FACE_OUTER_BOUND('',#17719,.T.);
#17719=EDGE_LOOP('',(#17720,#17730,#17740,#17750,#17760,#17770));
#17720=ORIENTED_EDGE('',*,*,#17643,.T.);
#17730=ORIENTED_EDGE('',*,*,#17446,.T.);
#17743=CARTESIAN_POINT('',(43.155,-5.74,1.651));
#17742=VERTEX_POINT('',#17743);
#17741=EDGE_CURVE('',#17742,#17437,#17746,.T.);
#17746=LINE('',#17743,#17748);
#17748=VECTOR('',#17749,0.4064);
#17749=DIRECTION('',(1.0,0.0,0.0));
#17740=ORIENTED_EDGE('',*,*,#17741,.F.);
#17753=CARTESIAN_POINT('',(43.155,-5.74,1.397));
#17752=VERTEX_POINT('',#17753);
#17751=EDGE_CURVE('',#17752,#17742,#17756,.T.);
#17756=LINE('',#17753,#17758);
#17758=VECTOR('',#17759,0.254);
#17759=DIRECTION('',(0.0,0.0,1.0));
#17750=ORIENTED_EDGE('',*,*,#17751,.F.);
#17761=EDGE_CURVE('',#17565,#17752,#17766,.T.);
#17766=LINE('',#17566,#17768);
#17768=VECTOR('',#17769,0.1524);
#17769=DIRECTION('',(-1.0,0.0,0.0));
#17760=ORIENTED_EDGE('',*,*,#17761,.F.);
#17770=ORIENTED_EDGE('',*,*,#17564,.T.);
#17780=STYLED_ITEM('',(#34),#17781);
#17781=ADVANCED_FACE('',(#17787),#17782,.T.);
#17782=PLANE('',#17783);
#17783=AXIS2_PLACEMENT_3D('',#17784,#17785,#17786);
#17784=CARTESIAN_POINT('',(43.561,-4.42,0.0));
#17785=DIRECTION('',(0.0,1.0,0.0));
#17786=DIRECTION('',(0.,0.,1.));
#17787=FACE_OUTER_BOUND('',#17788,.T.);
#17788=EDGE_LOOP('',(#17789,#17799,#17809,#17819,#17829,#17839));
#17789=ORIENTED_EDGE('',*,*,#17672,.T.);
#17799=ORIENTED_EDGE('',*,*,#17584,.T.);
#17812=CARTESIAN_POINT('',(43.155,-4.42,1.397));
#17811=VERTEX_POINT('',#17812);
#17810=EDGE_CURVE('',#17811,#17575,#17815,.T.);
#17815=LINE('',#17812,#17817);
#17817=VECTOR('',#17818,0.1524);
#17818=DIRECTION('',(1.0,0.0,0.0));
#17809=ORIENTED_EDGE('',*,*,#17810,.F.);
#17822=CARTESIAN_POINT('',(43.155,-4.42,1.651));
#17821=VERTEX_POINT('',#17822);
#17820=EDGE_CURVE('',#17821,#17811,#17825,.T.);
#17825=LINE('',#17822,#17827);
#17827=VECTOR('',#17828,0.254);
#17828=DIRECTION('',(0.0,0.0,-1.0));
#17819=ORIENTED_EDGE('',*,*,#17820,.F.);
#17830=EDGE_CURVE('',#17427,#17821,#17835,.T.);
#17835=LINE('',#17428,#17837);
#17837=VECTOR('',#17838,0.4064);
#17838=DIRECTION('',(-1.0,0.0,0.0));
#17829=ORIENTED_EDGE('',*,*,#17830,.F.);
#17839=ORIENTED_EDGE('',*,*,#17426,.T.);
#17849=STYLED_ITEM('',(#34),#17850);
#17850=ADVANCED_FACE('',(#17856),#17851,.T.);
#17851=PLANE('',#17852);
#17852=AXIS2_PLACEMENT_3D('',#17853,#17854,#17855);
#17853=CARTESIAN_POINT('',(43.155,-4.42,1.397));
#17854=DIRECTION('',(0.0,0.0,-1.0));
#17855=DIRECTION('',(0.,1.,0.));
#17856=FACE_OUTER_BOUND('',#17857,.T.);
#17857=EDGE_LOOP('',(#17858,#17868,#17878,#17888));
#17858=ORIENTED_EDGE('',*,*,#17810,.T.);
#17868=ORIENTED_EDGE('',*,*,#17574,.T.);
#17878=ORIENTED_EDGE('',*,*,#17761,.T.);
#17889=EDGE_CURVE('',#17811,#17752,#17894,.T.);
#17894=LINE('',#17812,#17896);
#17896=VECTOR('',#17897,1.3208);
#17897=DIRECTION('',(0.0,-1.0,0.0));
#17888=ORIENTED_EDGE('',*,*,#17889,.F.);
#17898=STYLED_ITEM('',(#34),#17899);
#17899=ADVANCED_FACE('',(#17905),#17900,.T.);
#17900=PLANE('',#17901);
#17901=AXIS2_PLACEMENT_3D('',#17902,#17903,#17904);
#17902=CARTESIAN_POINT('',(43.155,-4.42,1.397));
#17903=DIRECTION('',(-1.0,0.0,0.0));
#17904=DIRECTION('',(0.,0.,1.));
#17905=FACE_OUTER_BOUND('',#17906,.T.);
#17906=EDGE_LOOP('',(#17907,#17917,#17927,#17937));
#17907=ORIENTED_EDGE('',*,*,#17889,.T.);
#17917=ORIENTED_EDGE('',*,*,#17751,.T.);
#17928=EDGE_CURVE('',#17821,#17742,#17933,.T.);
#17933=LINE('',#17822,#17935);
#17935=VECTOR('',#17936,1.3208);
#17936=DIRECTION('',(0.0,-1.0,0.0));
#17927=ORIENTED_EDGE('',*,*,#17928,.F.);
#17937=ORIENTED_EDGE('',*,*,#17820,.T.);
#17947=STYLED_ITEM('',(#34),#17948);
#17948=ADVANCED_FACE('',(#17954),#17949,.T.);
#17949=PLANE('',#17950);
#17950=AXIS2_PLACEMENT_3D('',#17951,#17952,#17953);
#17951=CARTESIAN_POINT('',(43.155,-5.74,1.651));
#17952=DIRECTION('',(0.0,0.0,1.0));
#17953=DIRECTION('',(0.,1.,0.));
#17954=FACE_OUTER_BOUND('',#17955,.T.);
#17955=EDGE_LOOP('',(#17956,#17966,#17976,#17986));
#17956=ORIENTED_EDGE('',*,*,#17741,.T.);
#17966=ORIENTED_EDGE('',*,*,#17436,.T.);
#17976=ORIENTED_EDGE('',*,*,#17830,.T.);
#17986=ORIENTED_EDGE('',*,*,#17928,.T.);
#17997=MANIFOLD_SOLID_BREP($,#17998);
#17998=CLOSED_SHELL('',(#18000,#18049,#18098,#18187,#18236,#18325,#18374,#18423,#18492,#18561,#18610,#18659));
#17999=STYLED_ITEM('',(#34),#18000);
#18000=ADVANCED_FACE('',(#18006),#18001,.T.);
#18001=PLANE('',#18002);
#18002=AXIS2_PLACEMENT_3D('',#18003,#18004,#18005);
#18003=CARTESIAN_POINT('',(43.307,-2.743,-2.54));
#18004=DIRECTION('',(0.0,0.0,-1.0));
#18005=DIRECTION('',(0.,1.,0.));
#18006=FACE_OUTER_BOUND('',#18007,.T.);
#18007=EDGE_LOOP('',(#18008,#18018,#18028,#18038));
#18011=CARTESIAN_POINT('',(43.307,-2.337,-2.54));
#18010=VERTEX_POINT('',#18011);
#18013=CARTESIAN_POINT('',(43.307,-2.743,-2.54));
#18012=VERTEX_POINT('',#18013);
#18009=EDGE_CURVE('',#18010,#18012,#18014,.T.);
#18014=LINE('',#18011,#18016);
#18016=VECTOR('',#18017,0.4064);
#18017=DIRECTION('',(0.0,-1.0,0.0));
#18008=ORIENTED_EDGE('',*,*,#18009,.F.);
#18021=CARTESIAN_POINT('',(43.561,-2.337,-2.54));
#18020=VERTEX_POINT('',#18021);
#18019=EDGE_CURVE('',#18020,#18010,#18024,.T.);
#18024=LINE('',#18021,#18026);
#18026=VECTOR('',#18027,0.254);
#18027=DIRECTION('',(-1.0,0.0,0.0));
#18018=ORIENTED_EDGE('',*,*,#18019,.F.);
#18031=CARTESIAN_POINT('',(43.561,-2.743,-2.54));
#18030=VERTEX_POINT('',#18031);
#18029=EDGE_CURVE('',#18030,#18020,#18034,.T.);
#18034=LINE('',#18031,#18036);
#18036=VECTOR('',#18037,0.4064);
#18037=DIRECTION('',(0.0,1.0,0.0));
#18028=ORIENTED_EDGE('',*,*,#18029,.F.);
#18039=EDGE_CURVE('',#18012,#18030,#18044,.T.);
#18044=LINE('',#18013,#18046);
#18046=VECTOR('',#18047,0.254);
#18047=DIRECTION('',(1.0,0.0,0.0));
#18038=ORIENTED_EDGE('',*,*,#18039,.F.);
#18048=STYLED_ITEM('',(#34),#18049);
#18049=ADVANCED_FACE('',(#18055),#18050,.T.);
#18050=PLANE('',#18051);
#18051=AXIS2_PLACEMENT_3D('',#18052,#18053,#18054);
#18052=CARTESIAN_POINT('',(43.307,-2.743,-2.54));
#18053=DIRECTION('',(0.0,-1.0,0.0));
#18054=DIRECTION('',(0.,0.,1.));
#18055=FACE_OUTER_BOUND('',#18056,.T.);
#18056=EDGE_LOOP('',(#18057,#18067,#18077,#18087));
#18057=ORIENTED_EDGE('',*,*,#18039,.T.);
#18070=CARTESIAN_POINT('',(43.561,-2.743,0.0));
#18069=VERTEX_POINT('',#18070);
#18068=EDGE_CURVE('',#18069,#18030,#18073,.T.);
#18073=LINE('',#18070,#18075);
#18075=VECTOR('',#18076,2.54);
#18076=DIRECTION('',(0.0,0.0,-1.0));
#18067=ORIENTED_EDGE('',*,*,#18068,.F.);
#18080=CARTESIAN_POINT('',(43.307,-2.743,0.0));
#18079=VERTEX_POINT('',#18080);
#18078=EDGE_CURVE('',#18079,#18069,#18083,.T.);
#18083=LINE('',#18080,#18085);
#18085=VECTOR('',#18086,0.254);
#18086=DIRECTION('',(1.0,0.0,0.0));
#18077=ORIENTED_EDGE('',*,*,#18078,.F.);
#18088=EDGE_CURVE('',#18012,#18079,#18093,.T.);
#18093=LINE('',#18013,#18095);
#18095=VECTOR('',#18096,2.54);
#18096=DIRECTION('',(0.0,0.0,1.0));
#18087=ORIENTED_EDGE('',*,*,#18088,.F.);
#18097=STYLED_ITEM('',(#34),#18098);
#18098=ADVANCED_FACE('',(#18104),#18099,.T.);
#18099=PLANE('',#18100);
#18100=AXIS2_PLACEMENT_3D('',#18101,#18102,#18103);
#18101=CARTESIAN_POINT('',(43.561,-2.743,-2.54));
#18102=DIRECTION('',(1.0,0.0,0.0));
#18103=DIRECTION('',(0.,0.,1.));
#18104=FACE_OUTER_BOUND('',#18105,.T.);
#18105=EDGE_LOOP('',(#18106,#18116,#18126,#18136,#18146,#18156,#18166,#18176));
#18106=ORIENTED_EDGE('',*,*,#18029,.T.);
#18119=CARTESIAN_POINT('',(43.561,-2.337,0.0));
#18118=VERTEX_POINT('',#18119);
#18117=EDGE_CURVE('',#18118,#18020,#18122,.T.);
#18122=LINE('',#18119,#18124);
#18124=VECTOR('',#18125,2.54);
#18125=DIRECTION('',(0.0,0.0,-1.0));
#18116=ORIENTED_EDGE('',*,*,#18117,.F.);
#18129=CARTESIAN_POINT('',(43.561,-1.88,0.0));
#18128=VERTEX_POINT('',#18129);
#18127=EDGE_CURVE('',#18128,#18118,#18132,.T.);
#18132=LINE('',#18129,#18134);
#18134=VECTOR('',#18135,0.4572);
#18135=DIRECTION('',(0.0,-1.0,0.0));
#18126=ORIENTED_EDGE('',*,*,#18127,.F.);
#18139=CARTESIAN_POINT('',(43.561,-1.88,1.651));
#18138=VERTEX_POINT('',#18139);
#18137=EDGE_CURVE('',#18138,#18128,#18142,.T.);
#18142=LINE('',#18139,#18144);
#18144=VECTOR('',#18145,1.651);
#18145=DIRECTION('',(0.0,0.0,-1.0));
#18136=ORIENTED_EDGE('',*,*,#18137,.F.);
#18149=CARTESIAN_POINT('',(43.561,-3.2,1.651));
#18148=VERTEX_POINT('',#18149);
#18147=EDGE_CURVE('',#18148,#18138,#18152,.T.);
#18152=LINE('',#18149,#18154);
#18154=VECTOR('',#18155,1.3208);
#18155=DIRECTION('',(0.0,1.0,0.0));
#18146=ORIENTED_EDGE('',*,*,#18147,.F.);
#18159=CARTESIAN_POINT('',(43.561,-3.2,0.0));
#18158=VERTEX_POINT('',#18159);
#18157=EDGE_CURVE('',#18158,#18148,#18162,.T.);
#18162=LINE('',#18159,#18164);
#18164=VECTOR('',#18165,1.651);
#18165=DIRECTION('',(0.0,0.0,1.0));
#18156=ORIENTED_EDGE('',*,*,#18157,.F.);
#18167=EDGE_CURVE('',#18069,#18158,#18172,.T.);
#18172=LINE('',#18070,#18174);
#18174=VECTOR('',#18175,0.4572);
#18175=DIRECTION('',(0.0,-1.0,0.0));
#18166=ORIENTED_EDGE('',*,*,#18167,.F.);
#18176=ORIENTED_EDGE('',*,*,#18068,.T.);
#18186=STYLED_ITEM('',(#34),#18187);
#18187=ADVANCED_FACE('',(#18193),#18188,.T.);
#18188=PLANE('',#18189);
#18189=AXIS2_PLACEMENT_3D('',#18190,#18191,#18192);
#18190=CARTESIAN_POINT('',(43.561,-2.337,-2.54));
#18191=DIRECTION('',(0.0,1.0,0.0));
#18192=DIRECTION('',(0.,0.,1.));
#18193=FACE_OUTER_BOUND('',#18194,.T.);
#18194=EDGE_LOOP('',(#18195,#18205,#18215,#18225));
#18195=ORIENTED_EDGE('',*,*,#18019,.T.);
#18208=CARTESIAN_POINT('',(43.307,-2.337,0.0));
#18207=VERTEX_POINT('',#18208);
#18206=EDGE_CURVE('',#18207,#18010,#18211,.T.);
#18211=LINE('',#18208,#18213);
#18213=VECTOR('',#18214,2.54);
#18214=DIRECTION('',(0.0,0.0,-1.0));
#18205=ORIENTED_EDGE('',*,*,#18206,.F.);
#18216=EDGE_CURVE('',#18118,#18207,#18221,.T.);
#18221=LINE('',#18119,#18223);
#18223=VECTOR('',#18224,0.254);
#18224=DIRECTION('',(-1.0,0.0,0.0));
#18215=ORIENTED_EDGE('',*,*,#18216,.F.);
#18225=ORIENTED_EDGE('',*,*,#18117,.T.);
#18235=STYLED_ITEM('',(#34),#18236);
#18236=ADVANCED_FACE('',(#18242),#18237,.T.);
#18237=PLANE('',#18238);
#18238=AXIS2_PLACEMENT_3D('',#18239,#18240,#18241);
#18239=CARTESIAN_POINT('',(43.307,-2.337,-2.54));
#18240=DIRECTION('',(-1.0,0.0,0.0));
#18241=DIRECTION('',(0.,0.,1.));
#18242=FACE_OUTER_BOUND('',#18243,.T.);
#18243=EDGE_LOOP('',(#18244,#18254,#18264,#18274,#18284,#18294,#18304,#18314));
#18244=ORIENTED_EDGE('',*,*,#18009,.T.);
#18254=ORIENTED_EDGE('',*,*,#18088,.T.);
#18267=CARTESIAN_POINT('',(43.307,-3.2,0.0));
#18266=VERTEX_POINT('',#18267);
#18265=EDGE_CURVE('',#18266,#18079,#18270,.T.);
#18270=LINE('',#18267,#18272);
#18272=VECTOR('',#18273,0.4572);
#18273=DIRECTION('',(0.0,1.0,0.0));
#18264=ORIENTED_EDGE('',*,*,#18265,.F.);
#18277=CARTESIAN_POINT('',(43.307,-3.2,1.397));
#18276=VERTEX_POINT('',#18277);
#18275=EDGE_CURVE('',#18276,#18266,#18280,.T.);
#18280=LINE('',#18277,#18282);
#18282=VECTOR('',#18283,1.397);
#18283=DIRECTION('',(0.0,0.0,-1.0));
#18274=ORIENTED_EDGE('',*,*,#18275,.F.);
#18287=CARTESIAN_POINT('',(43.307,-1.88,1.397));
#18286=VERTEX_POINT('',#18287);
#18285=EDGE_CURVE('',#18286,#18276,#18290,.T.);
#18290=LINE('',#18287,#18292);
#18292=VECTOR('',#18293,1.3208);
#18293=DIRECTION('',(0.0,-1.0,0.0));
#18284=ORIENTED_EDGE('',*,*,#18285,.F.);
#18297=CARTESIAN_POINT('',(43.307,-1.88,0.0));
#18296=VERTEX_POINT('',#18297);
#18295=EDGE_CURVE('',#18296,#18286,#18300,.T.);
#18300=LINE('',#18297,#18302);
#18302=VECTOR('',#18303,1.397);
#18303=DIRECTION('',(0.0,0.0,1.0));
#18294=ORIENTED_EDGE('',*,*,#18295,.F.);
#18305=EDGE_CURVE('',#18207,#18296,#18310,.T.);
#18310=LINE('',#18208,#18312);
#18312=VECTOR('',#18313,0.4572);
#18313=DIRECTION('',(0.0,1.0,0.0));
#18304=ORIENTED_EDGE('',*,*,#18305,.F.);
#18314=ORIENTED_EDGE('',*,*,#18206,.T.);
#18324=STYLED_ITEM('',(#34),#18325);
#18325=ADVANCED_FACE('',(#18331),#18326,.T.);
#18326=PLANE('',#18327);
#18327=AXIS2_PLACEMENT_3D('',#18328,#18329,#18330);
#18328=CARTESIAN_POINT('',(43.307,-2.743,0.0));
#18329=DIRECTION('',(0.0,0.0,-1.0));
#18330=DIRECTION('',(0.,1.,0.));
#18331=FACE_OUTER_BOUND('',#18332,.T.);
#18332=EDGE_LOOP('',(#18333,#18343,#18353,#18363));
#18333=ORIENTED_EDGE('',*,*,#18078,.T.);
#18343=ORIENTED_EDGE('',*,*,#18167,.T.);
#18354=EDGE_CURVE('',#18266,#18158,#18359,.T.);
#18359=LINE('',#18267,#18361);
#18361=VECTOR('',#18362,0.254);
#18362=DIRECTION('',(1.0,0.0,0.0));
#18353=ORIENTED_EDGE('',*,*,#18354,.F.);
#18363=ORIENTED_EDGE('',*,*,#18265,.T.);
#18373=STYLED_ITEM('',(#34),#18374);
#18374=ADVANCED_FACE('',(#18380),#18375,.T.);
#18375=PLANE('',#18376);
#18376=AXIS2_PLACEMENT_3D('',#18377,#18378,#18379);
#18377=CARTESIAN_POINT('',(43.307,-1.88,0.0));
#18378=DIRECTION('',(0.0,0.0,-1.0));
#18379=DIRECTION('',(0.,1.,0.));
#18380=FACE_OUTER_BOUND('',#18381,.T.);
#18381=EDGE_LOOP('',(#18382,#18392,#18402,#18412));
#18383=EDGE_CURVE('',#18128,#18296,#18388,.T.);
#18388=LINE('',#18129,#18390);
#18390=VECTOR('',#18391,0.254);
#18391=DIRECTION('',(-1.0,0.0,0.0));
#18382=ORIENTED_EDGE('',*,*,#18383,.F.);
#18392=ORIENTED_EDGE('',*,*,#18127,.T.);
#18402=ORIENTED_EDGE('',*,*,#18216,.T.);
#18412=ORIENTED_EDGE('',*,*,#18305,.T.);
#18422=STYLED_ITEM('',(#34),#18423);
#18423=ADVANCED_FACE('',(#18429),#18424,.T.);
#18424=PLANE('',#18425);
#18425=AXIS2_PLACEMENT_3D('',#18426,#18427,#18428);
#18426=CARTESIAN_POINT('',(43.307,-3.2,0.0));
#18427=DIRECTION('',(0.0,-1.0,0.0));
#18428=DIRECTION('',(0.,0.,1.));
#18429=FACE_OUTER_BOUND('',#18430,.T.);
#18430=EDGE_LOOP('',(#18431,#18441,#18451,#18461,#18471,#18481));
#18431=ORIENTED_EDGE('',*,*,#18354,.T.);
#18441=ORIENTED_EDGE('',*,*,#18157,.T.);
#18454=CARTESIAN_POINT('',(43.155,-3.2,1.651));
#18453=VERTEX_POINT('',#18454);
#18452=EDGE_CURVE('',#18453,#18148,#18457,.T.);
#18457=LINE('',#18454,#18459);
#18459=VECTOR('',#18460,0.4064);
#18460=DIRECTION('',(1.0,0.0,0.0));
#18451=ORIENTED_EDGE('',*,*,#18452,.F.);
#18464=CARTESIAN_POINT('',(43.155,-3.2,1.397));
#18463=VERTEX_POINT('',#18464);
#18462=EDGE_CURVE('',#18463,#18453,#18467,.T.);
#18467=LINE('',#18464,#18469);
#18469=VECTOR('',#18470,0.254);
#18470=DIRECTION('',(0.0,0.0,1.0));
#18461=ORIENTED_EDGE('',*,*,#18462,.F.);
#18472=EDGE_CURVE('',#18276,#18463,#18477,.T.);
#18477=LINE('',#18277,#18479);
#18479=VECTOR('',#18480,0.1524);
#18480=DIRECTION('',(-1.0,0.0,0.0));
#18471=ORIENTED_EDGE('',*,*,#18472,.F.);
#18481=ORIENTED_EDGE('',*,*,#18275,.T.);
#18491=STYLED_ITEM('',(#34),#18492);
#18492=ADVANCED_FACE('',(#18498),#18493,.T.);
#18493=PLANE('',#18494);
#18494=AXIS2_PLACEMENT_3D('',#18495,#18496,#18497);
#18495=CARTESIAN_POINT('',(43.561,-1.88,0.0));
#18496=DIRECTION('',(0.0,1.0,0.0));
#18497=DIRECTION('',(0.,0.,1.));
#18498=FACE_OUTER_BOUND('',#18499,.T.);
#18499=EDGE_LOOP('',(#18500,#18510,#18520,#18530,#18540,#18550));
#18500=ORIENTED_EDGE('',*,*,#18383,.T.);
#18510=ORIENTED_EDGE('',*,*,#18295,.T.);
#18523=CARTESIAN_POINT('',(43.155,-1.88,1.397));
#18522=VERTEX_POINT('',#18523);
#18521=EDGE_CURVE('',#18522,#18286,#18526,.T.);
#18526=LINE('',#18523,#18528);
#18528=VECTOR('',#18529,0.1524);
#18529=DIRECTION('',(1.0,0.0,0.0));
#18520=ORIENTED_EDGE('',*,*,#18521,.F.);
#18533=CARTESIAN_POINT('',(43.155,-1.88,1.651));
#18532=VERTEX_POINT('',#18533);
#18531=EDGE_CURVE('',#18532,#18522,#18536,.T.);
#18536=LINE('',#18533,#18538);
#18538=VECTOR('',#18539,0.254);
#18539=DIRECTION('',(0.0,0.0,-1.0));
#18530=ORIENTED_EDGE('',*,*,#18531,.F.);
#18541=EDGE_CURVE('',#18138,#18532,#18546,.T.);
#18546=LINE('',#18139,#18548);
#18548=VECTOR('',#18549,0.4064);
#18549=DIRECTION('',(-1.0,0.0,0.0));
#18540=ORIENTED_EDGE('',*,*,#18541,.F.);
#18550=ORIENTED_EDGE('',*,*,#18137,.T.);
#18560=STYLED_ITEM('',(#34),#18561);
#18561=ADVANCED_FACE('',(#18567),#18562,.T.);
#18562=PLANE('',#18563);
#18563=AXIS2_PLACEMENT_3D('',#18564,#18565,#18566);
#18564=CARTESIAN_POINT('',(43.155,-1.88,1.397));
#18565=DIRECTION('',(0.0,0.0,-1.0));
#18566=DIRECTION('',(0.,1.,0.));
#18567=FACE_OUTER_BOUND('',#18568,.T.);
#18568=EDGE_LOOP('',(#18569,#18579,#18589,#18599));
#18569=ORIENTED_EDGE('',*,*,#18521,.T.);
#18579=ORIENTED_EDGE('',*,*,#18285,.T.);
#18589=ORIENTED_EDGE('',*,*,#18472,.T.);
#18600=EDGE_CURVE('',#18522,#18463,#18605,.T.);
#18605=LINE('',#18523,#18607);
#18607=VECTOR('',#18608,1.3208);
#18608=DIRECTION('',(0.0,-1.0,0.0));
#18599=ORIENTED_EDGE('',*,*,#18600,.F.);
#18609=STYLED_ITEM('',(#34),#18610);
#18610=ADVANCED_FACE('',(#18616),#18611,.T.);
#18611=PLANE('',#18612);
#18612=AXIS2_PLACEMENT_3D('',#18613,#18614,#18615);
#18613=CARTESIAN_POINT('',(43.155,-1.88,1.397));
#18614=DIRECTION('',(-1.0,0.0,0.0));
#18615=DIRECTION('',(0.,0.,1.));
#18616=FACE_OUTER_BOUND('',#18617,.T.);
#18617=EDGE_LOOP('',(#18618,#18628,#18638,#18648));
#18618=ORIENTED_EDGE('',*,*,#18600,.T.);
#18628=ORIENTED_EDGE('',*,*,#18462,.T.);
#18639=EDGE_CURVE('',#18532,#18453,#18644,.T.);
#18644=LINE('',#18533,#18646);
#18646=VECTOR('',#18647,1.3208);
#18647=DIRECTION('',(0.0,-1.0,0.0));
#18638=ORIENTED_EDGE('',*,*,#18639,.F.);
#18648=ORIENTED_EDGE('',*,*,#18531,.T.);
#18658=STYLED_ITEM('',(#34),#18659);
#18659=ADVANCED_FACE('',(#18665),#18660,.T.);
#18660=PLANE('',#18661);
#18661=AXIS2_PLACEMENT_3D('',#18662,#18663,#18664);
#18662=CARTESIAN_POINT('',(43.155,-3.2,1.651));
#18663=DIRECTION('',(0.0,0.0,1.0));
#18664=DIRECTION('',(0.,1.,0.));
#18665=FACE_OUTER_BOUND('',#18666,.T.);
#18666=EDGE_LOOP('',(#18667,#18677,#18687,#18697));
#18667=ORIENTED_EDGE('',*,*,#18452,.T.);
#18677=ORIENTED_EDGE('',*,*,#18147,.T.);
#18687=ORIENTED_EDGE('',*,*,#18541,.T.);
#18697=ORIENTED_EDGE('',*,*,#18639,.T.);
#18708=MANIFOLD_SOLID_BREP($,#18709);
#18709=CLOSED_SHELL('',(#18711,#18760,#18809,#18898,#18947,#19036,#19085,#19134,#19203,#19272,#19321,#19370));
#18710=STYLED_ITEM('',(#34),#18711);
#18711=ADVANCED_FACE('',(#18717),#18712,.T.);
#18712=PLANE('',#18713);
#18713=AXIS2_PLACEMENT_3D('',#18714,#18715,#18716);
#18714=CARTESIAN_POINT('',(43.307,-0.203,-2.54));
#18715=DIRECTION('',(0.0,0.0,-1.0));
#18716=DIRECTION('',(0.,1.,0.));
#18717=FACE_OUTER_BOUND('',#18718,.T.);
#18718=EDGE_LOOP('',(#18719,#18729,#18739,#18749));
#18722=CARTESIAN_POINT('',(43.307,0.203,-2.54));
#18721=VERTEX_POINT('',#18722);
#18724=CARTESIAN_POINT('',(43.307,-0.203,-2.54));
#18723=VERTEX_POINT('',#18724);
#18720=EDGE_CURVE('',#18721,#18723,#18725,.T.);
#18725=LINE('',#18722,#18727);
#18727=VECTOR('',#18728,0.4064);
#18728=DIRECTION('',(0.0,-1.0,0.0));
#18719=ORIENTED_EDGE('',*,*,#18720,.F.);
#18732=CARTESIAN_POINT('',(43.561,0.203,-2.54));
#18731=VERTEX_POINT('',#18732);
#18730=EDGE_CURVE('',#18731,#18721,#18735,.T.);
#18735=LINE('',#18732,#18737);
#18737=VECTOR('',#18738,0.254);
#18738=DIRECTION('',(-1.0,0.0,0.0));
#18729=ORIENTED_EDGE('',*,*,#18730,.F.);
#18742=CARTESIAN_POINT('',(43.561,-0.203,-2.54));
#18741=VERTEX_POINT('',#18742);
#18740=EDGE_CURVE('',#18741,#18731,#18745,.T.);
#18745=LINE('',#18742,#18747);
#18747=VECTOR('',#18748,0.4064);
#18748=DIRECTION('',(0.0,1.0,0.0));
#18739=ORIENTED_EDGE('',*,*,#18740,.F.);
#18750=EDGE_CURVE('',#18723,#18741,#18755,.T.);
#18755=LINE('',#18724,#18757);
#18757=VECTOR('',#18758,0.254);
#18758=DIRECTION('',(1.0,0.0,0.0));
#18749=ORIENTED_EDGE('',*,*,#18750,.F.);
#18759=STYLED_ITEM('',(#34),#18760);
#18760=ADVANCED_FACE('',(#18766),#18761,.T.);
#18761=PLANE('',#18762);
#18762=AXIS2_PLACEMENT_3D('',#18763,#18764,#18765);
#18763=CARTESIAN_POINT('',(43.307,-0.203,-2.54));
#18764=DIRECTION('',(0.0,-1.0,0.0));
#18765=DIRECTION('',(0.,0.,1.));
#18766=FACE_OUTER_BOUND('',#18767,.T.);
#18767=EDGE_LOOP('',(#18768,#18778,#18788,#18798));
#18768=ORIENTED_EDGE('',*,*,#18750,.T.);
#18781=CARTESIAN_POINT('',(43.561,-0.203,0.0));
#18780=VERTEX_POINT('',#18781);
#18779=EDGE_CURVE('',#18780,#18741,#18784,.T.);
#18784=LINE('',#18781,#18786);
#18786=VECTOR('',#18787,2.54);
#18787=DIRECTION('',(0.0,0.0,-1.0));
#18778=ORIENTED_EDGE('',*,*,#18779,.F.);
#18791=CARTESIAN_POINT('',(43.307,-0.203,0.0));
#18790=VERTEX_POINT('',#18791);
#18789=EDGE_CURVE('',#18790,#18780,#18794,.T.);
#18794=LINE('',#18791,#18796);
#18796=VECTOR('',#18797,0.254);
#18797=DIRECTION('',(1.0,0.0,0.0));
#18788=ORIENTED_EDGE('',*,*,#18789,.F.);
#18799=EDGE_CURVE('',#18723,#18790,#18804,.T.);
#18804=LINE('',#18724,#18806);
#18806=VECTOR('',#18807,2.54);
#18807=DIRECTION('',(0.0,0.0,1.0));
#18798=ORIENTED_EDGE('',*,*,#18799,.F.);
#18808=STYLED_ITEM('',(#34),#18809);
#18809=ADVANCED_FACE('',(#18815),#18810,.T.);
#18810=PLANE('',#18811);
#18811=AXIS2_PLACEMENT_3D('',#18812,#18813,#18814);
#18812=CARTESIAN_POINT('',(43.561,-0.203,-2.54));
#18813=DIRECTION('',(1.0,0.0,0.0));
#18814=DIRECTION('',(0.,0.,1.));
#18815=FACE_OUTER_BOUND('',#18816,.T.);
#18816=EDGE_LOOP('',(#18817,#18827,#18837,#18847,#18857,#18867,#18877,#18887));
#18817=ORIENTED_EDGE('',*,*,#18740,.T.);
#18830=CARTESIAN_POINT('',(43.561,0.203,0.0));
#18829=VERTEX_POINT('',#18830);
#18828=EDGE_CURVE('',#18829,#18731,#18833,.T.);
#18833=LINE('',#18830,#18835);
#18835=VECTOR('',#18836,2.54);
#18836=DIRECTION('',(0.0,0.0,-1.0));
#18827=ORIENTED_EDGE('',*,*,#18828,.F.);
#18840=CARTESIAN_POINT('',(43.561,0.66,0.0));
#18839=VERTEX_POINT('',#18840);
#18838=EDGE_CURVE('',#18839,#18829,#18843,.T.);
#18843=LINE('',#18840,#18845);
#18845=VECTOR('',#18846,0.4572);
#18846=DIRECTION('',(0.0,-1.0,0.0));
#18837=ORIENTED_EDGE('',*,*,#18838,.F.);
#18850=CARTESIAN_POINT('',(43.561,0.66,1.651));
#18849=VERTEX_POINT('',#18850);
#18848=EDGE_CURVE('',#18849,#18839,#18853,.T.);
#18853=LINE('',#18850,#18855);
#18855=VECTOR('',#18856,1.651);
#18856=DIRECTION('',(0.0,0.0,-1.0));
#18847=ORIENTED_EDGE('',*,*,#18848,.F.);
#18860=CARTESIAN_POINT('',(43.561,-0.66,1.651));
#18859=VERTEX_POINT('',#18860);
#18858=EDGE_CURVE('',#18859,#18849,#18863,.T.);
#18863=LINE('',#18860,#18865);
#18865=VECTOR('',#18866,1.3208);
#18866=DIRECTION('',(0.0,1.0,0.0));
#18857=ORIENTED_EDGE('',*,*,#18858,.F.);
#18870=CARTESIAN_POINT('',(43.561,-0.66,0.0));
#18869=VERTEX_POINT('',#18870);
#18868=EDGE_CURVE('',#18869,#18859,#18873,.T.);
#18873=LINE('',#18870,#18875);
#18875=VECTOR('',#18876,1.651);
#18876=DIRECTION('',(0.0,0.0,1.0));
#18867=ORIENTED_EDGE('',*,*,#18868,.F.);
#18878=EDGE_CURVE('',#18780,#18869,#18883,.T.);
#18883=LINE('',#18781,#18885);
#18885=VECTOR('',#18886,0.4572);
#18886=DIRECTION('',(0.0,-1.0,0.0));
#18877=ORIENTED_EDGE('',*,*,#18878,.F.);
#18887=ORIENTED_EDGE('',*,*,#18779,.T.);
#18897=STYLED_ITEM('',(#34),#18898);
#18898=ADVANCED_FACE('',(#18904),#18899,.T.);
#18899=PLANE('',#18900);
#18900=AXIS2_PLACEMENT_3D('',#18901,#18902,#18903);
#18901=CARTESIAN_POINT('',(43.561,0.203,-2.54));
#18902=DIRECTION('',(0.0,1.0,0.0));
#18903=DIRECTION('',(0.,0.,1.));
#18904=FACE_OUTER_BOUND('',#18905,.T.);
#18905=EDGE_LOOP('',(#18906,#18916,#18926,#18936));
#18906=ORIENTED_EDGE('',*,*,#18730,.T.);
#18919=CARTESIAN_POINT('',(43.307,0.203,0.0));
#18918=VERTEX_POINT('',#18919);
#18917=EDGE_CURVE('',#18918,#18721,#18922,.T.);
#18922=LINE('',#18919,#18924);
#18924=VECTOR('',#18925,2.54);
#18925=DIRECTION('',(0.0,0.0,-1.0));
#18916=ORIENTED_EDGE('',*,*,#18917,.F.);
#18927=EDGE_CURVE('',#18829,#18918,#18932,.T.);
#18932=LINE('',#18830,#18934);
#18934=VECTOR('',#18935,0.254);
#18935=DIRECTION('',(-1.0,0.0,0.0));
#18926=ORIENTED_EDGE('',*,*,#18927,.F.);
#18936=ORIENTED_EDGE('',*,*,#18828,.T.);
#18946=STYLED_ITEM('',(#34),#18947);
#18947=ADVANCED_FACE('',(#18953),#18948,.T.);
#18948=PLANE('',#18949);
#18949=AXIS2_PLACEMENT_3D('',#18950,#18951,#18952);
#18950=CARTESIAN_POINT('',(43.307,0.203,-2.54));
#18951=DIRECTION('',(-1.0,0.0,0.0));
#18952=DIRECTION('',(0.,0.,1.));
#18953=FACE_OUTER_BOUND('',#18954,.T.);
#18954=EDGE_LOOP('',(#18955,#18965,#18975,#18985,#18995,#19005,#19015,#19025));
#18955=ORIENTED_EDGE('',*,*,#18720,.T.);
#18965=ORIENTED_EDGE('',*,*,#18799,.T.);
#18978=CARTESIAN_POINT('',(43.307,-0.66,0.0));
#18977=VERTEX_POINT('',#18978);
#18976=EDGE_CURVE('',#18977,#18790,#18981,.T.);
#18981=LINE('',#18978,#18983);
#18983=VECTOR('',#18984,0.4572);
#18984=DIRECTION('',(0.0,1.0,0.0));
#18975=ORIENTED_EDGE('',*,*,#18976,.F.);
#18988=CARTESIAN_POINT('',(43.307,-0.66,1.397));
#18987=VERTEX_POINT('',#18988);
#18986=EDGE_CURVE('',#18987,#18977,#18991,.T.);
#18991=LINE('',#18988,#18993);
#18993=VECTOR('',#18994,1.397);
#18994=DIRECTION('',(0.0,0.0,-1.0));
#18985=ORIENTED_EDGE('',*,*,#18986,.F.);
#18998=CARTESIAN_POINT('',(43.307,0.66,1.397));
#18997=VERTEX_POINT('',#18998);
#18996=EDGE_CURVE('',#18997,#18987,#19001,.T.);
#19001=LINE('',#18998,#19003);
#19003=VECTOR('',#19004,1.3208);
#19004=DIRECTION('',(0.0,-1.0,0.0));
#18995=ORIENTED_EDGE('',*,*,#18996,.F.);
#19008=CARTESIAN_POINT('',(43.307,0.66,0.0));
#19007=VERTEX_POINT('',#19008);
#19006=EDGE_CURVE('',#19007,#18997,#19011,.T.);
#19011=LINE('',#19008,#19013);
#19013=VECTOR('',#19014,1.397);
#19014=DIRECTION('',(0.0,0.0,1.0));
#19005=ORIENTED_EDGE('',*,*,#19006,.F.);
#19016=EDGE_CURVE('',#18918,#19007,#19021,.T.);
#19021=LINE('',#18919,#19023);
#19023=VECTOR('',#19024,0.4572);
#19024=DIRECTION('',(0.0,1.0,0.0));
#19015=ORIENTED_EDGE('',*,*,#19016,.F.);
#19025=ORIENTED_EDGE('',*,*,#18917,.T.);
#19035=STYLED_ITEM('',(#34),#19036);
#19036=ADVANCED_FACE('',(#19042),#19037,.T.);
#19037=PLANE('',#19038);
#19038=AXIS2_PLACEMENT_3D('',#19039,#19040,#19041);
#19039=CARTESIAN_POINT('',(43.307,-0.203,0.0));
#19040=DIRECTION('',(0.0,0.0,-1.0));
#19041=DIRECTION('',(0.,1.,0.));
#19042=FACE_OUTER_BOUND('',#19043,.T.);
#19043=EDGE_LOOP('',(#19044,#19054,#19064,#19074));
#19044=ORIENTED_EDGE('',*,*,#18789,.T.);
#19054=ORIENTED_EDGE('',*,*,#18878,.T.);
#19065=EDGE_CURVE('',#18977,#18869,#19070,.T.);
#19070=LINE('',#18978,#19072);
#19072=VECTOR('',#19073,0.254);
#19073=DIRECTION('',(1.0,0.0,0.0));
#19064=ORIENTED_EDGE('',*,*,#19065,.F.);
#19074=ORIENTED_EDGE('',*,*,#18976,.T.);
#19084=STYLED_ITEM('',(#34),#19085);
#19085=ADVANCED_FACE('',(#19091),#19086,.T.);
#19086=PLANE('',#19087);
#19087=AXIS2_PLACEMENT_3D('',#19088,#19089,#19090);
#19088=CARTESIAN_POINT('',(43.307,0.66,0.0));
#19089=DIRECTION('',(0.0,0.0,-1.0));
#19090=DIRECTION('',(0.,1.,0.));
#19091=FACE_OUTER_BOUND('',#19092,.T.);
#19092=EDGE_LOOP('',(#19093,#19103,#19113,#19123));
#19094=EDGE_CURVE('',#18839,#19007,#19099,.T.);
#19099=LINE('',#18840,#19101);
#19101=VECTOR('',#19102,0.254);
#19102=DIRECTION('',(-1.0,0.0,0.0));
#19093=ORIENTED_EDGE('',*,*,#19094,.F.);
#19103=ORIENTED_EDGE('',*,*,#18838,.T.);
#19113=ORIENTED_EDGE('',*,*,#18927,.T.);
#19123=ORIENTED_EDGE('',*,*,#19016,.T.);
#19133=STYLED_ITEM('',(#34),#19134);
#19134=ADVANCED_FACE('',(#19140),#19135,.T.);
#19135=PLANE('',#19136);
#19136=AXIS2_PLACEMENT_3D('',#19137,#19138,#19139);
#19137=CARTESIAN_POINT('',(43.307,-0.66,0.0));
#19138=DIRECTION('',(0.0,-1.0,0.0));
#19139=DIRECTION('',(0.,0.,1.));
#19140=FACE_OUTER_BOUND('',#19141,.T.);
#19141=EDGE_LOOP('',(#19142,#19152,#19162,#19172,#19182,#19192));
#19142=ORIENTED_EDGE('',*,*,#19065,.T.);
#19152=ORIENTED_EDGE('',*,*,#18868,.T.);
#19165=CARTESIAN_POINT('',(43.155,-0.66,1.651));
#19164=VERTEX_POINT('',#19165);
#19163=EDGE_CURVE('',#19164,#18859,#19168,.T.);
#19168=LINE('',#19165,#19170);
#19170=VECTOR('',#19171,0.4064);
#19171=DIRECTION('',(1.0,0.0,0.0));
#19162=ORIENTED_EDGE('',*,*,#19163,.F.);
#19175=CARTESIAN_POINT('',(43.155,-0.66,1.397));
#19174=VERTEX_POINT('',#19175);
#19173=EDGE_CURVE('',#19174,#19164,#19178,.T.);
#19178=LINE('',#19175,#19180);
#19180=VECTOR('',#19181,0.254);
#19181=DIRECTION('',(0.0,0.0,1.0));
#19172=ORIENTED_EDGE('',*,*,#19173,.F.);
#19183=EDGE_CURVE('',#18987,#19174,#19188,.T.);
#19188=LINE('',#18988,#19190);
#19190=VECTOR('',#19191,0.1524);
#19191=DIRECTION('',(-1.0,0.0,0.0));
#19182=ORIENTED_EDGE('',*,*,#19183,.F.);
#19192=ORIENTED_EDGE('',*,*,#18986,.T.);
#19202=STYLED_ITEM('',(#34),#19203);
#19203=ADVANCED_FACE('',(#19209),#19204,.T.);
#19204=PLANE('',#19205);
#19205=AXIS2_PLACEMENT_3D('',#19206,#19207,#19208);
#19206=CARTESIAN_POINT('',(43.561,0.66,0.0));
#19207=DIRECTION('',(0.0,1.0,0.0));
#19208=DIRECTION('',(0.,0.,1.));
#19209=FACE_OUTER_BOUND('',#19210,.T.);
#19210=EDGE_LOOP('',(#19211,#19221,#19231,#19241,#19251,#19261));
#19211=ORIENTED_EDGE('',*,*,#19094,.T.);
#19221=ORIENTED_EDGE('',*,*,#19006,.T.);
#19234=CARTESIAN_POINT('',(43.155,0.66,1.397));
#19233=VERTEX_POINT('',#19234);
#19232=EDGE_CURVE('',#19233,#18997,#19237,.T.);
#19237=LINE('',#19234,#19239);
#19239=VECTOR('',#19240,0.1524);
#19240=DIRECTION('',(1.0,0.0,0.0));
#19231=ORIENTED_EDGE('',*,*,#19232,.F.);
#19244=CARTESIAN_POINT('',(43.155,0.66,1.651));
#19243=VERTEX_POINT('',#19244);
#19242=EDGE_CURVE('',#19243,#19233,#19247,.T.);
#19247=LINE('',#19244,#19249);
#19249=VECTOR('',#19250,0.254);
#19250=DIRECTION('',(0.0,0.0,-1.0));
#19241=ORIENTED_EDGE('',*,*,#19242,.F.);
#19252=EDGE_CURVE('',#18849,#19243,#19257,.T.);
#19257=LINE('',#18850,#19259);
#19259=VECTOR('',#19260,0.4064);
#19260=DIRECTION('',(-1.0,0.0,0.0));
#19251=ORIENTED_EDGE('',*,*,#19252,.F.);
#19261=ORIENTED_EDGE('',*,*,#18848,.T.);
#19271=STYLED_ITEM('',(#34),#19272);
#19272=ADVANCED_FACE('',(#19278),#19273,.T.);
#19273=PLANE('',#19274);
#19274=AXIS2_PLACEMENT_3D('',#19275,#19276,#19277);
#19275=CARTESIAN_POINT('',(43.155,0.66,1.397));
#19276=DIRECTION('',(0.0,0.0,-1.0));
#19277=DIRECTION('',(0.,1.,0.));
#19278=FACE_OUTER_BOUND('',#19279,.T.);
#19279=EDGE_LOOP('',(#19280,#19290,#19300,#19310));
#19280=ORIENTED_EDGE('',*,*,#19232,.T.);
#19290=ORIENTED_EDGE('',*,*,#18996,.T.);
#19300=ORIENTED_EDGE('',*,*,#19183,.T.);
#19311=EDGE_CURVE('',#19233,#19174,#19316,.T.);
#19316=LINE('',#19234,#19318);
#19318=VECTOR('',#19319,1.3208);
#19319=DIRECTION('',(0.0,-1.0,0.0));
#19310=ORIENTED_EDGE('',*,*,#19311,.F.);
#19320=STYLED_ITEM('',(#34),#19321);
#19321=ADVANCED_FACE('',(#19327),#19322,.T.);
#19322=PLANE('',#19323);
#19323=AXIS2_PLACEMENT_3D('',#19324,#19325,#19326);
#19324=CARTESIAN_POINT('',(43.155,0.66,1.397));
#19325=DIRECTION('',(-1.0,0.0,0.0));
#19326=DIRECTION('',(0.,0.,1.));
#19327=FACE_OUTER_BOUND('',#19328,.T.);
#19328=EDGE_LOOP('',(#19329,#19339,#19349,#19359));
#19329=ORIENTED_EDGE('',*,*,#19311,.T.);
#19339=ORIENTED_EDGE('',*,*,#19173,.T.);
#19350=EDGE_CURVE('',#19243,#19164,#19355,.T.);
#19355=LINE('',#19244,#19357);
#19357=VECTOR('',#19358,1.3208);
#19358=DIRECTION('',(0.0,-1.0,0.0));
#19349=ORIENTED_EDGE('',*,*,#19350,.F.);
#19359=ORIENTED_EDGE('',*,*,#19242,.T.);
#19369=STYLED_ITEM('',(#34),#19370);
#19370=ADVANCED_FACE('',(#19376),#19371,.T.);
#19371=PLANE('',#19372);
#19372=AXIS2_PLACEMENT_3D('',#19373,#19374,#19375);
#19373=CARTESIAN_POINT('',(43.155,-0.66,1.651));
#19374=DIRECTION('',(0.0,0.0,1.0));
#19375=DIRECTION('',(0.,1.,0.));
#19376=FACE_OUTER_BOUND('',#19377,.T.);
#19377=EDGE_LOOP('',(#19378,#19388,#19398,#19408));
#19378=ORIENTED_EDGE('',*,*,#19163,.T.);
#19388=ORIENTED_EDGE('',*,*,#18858,.T.);
#19398=ORIENTED_EDGE('',*,*,#19252,.T.);
#19408=ORIENTED_EDGE('',*,*,#19350,.T.);
ENDSEC;
END-ISO-10303-21;
